到达小时,任务类型,图形处理器总需求
0,人工智能训练任务,574
0,实时推理任务,25
0,批量推理任务,58
1,人工智能训练任务,683
1,实时推理任务,15
1,批量推理任务,55
2,人工智能训练任务,714
2,实时推理任务,33
2,批量推理任务,162
3,人工智能训练任务,426
3,实时推理任务,30
3,批量推理任务,76
4,人工智能训练任务,338
4,实时推理任务,18
4,批量推理任务,82
5,人工智能训练任务,364
5,实时推理任务,31
5,批量推理任务,60
6,人工智能训练任务,349
6,实时推理任务,42
6,批量推理任务,72
7,人工智能训练任务,662
7,实时推理任务,8
7,批量推理任务,100
8,人工智能训练任务,477
8,实时推理任务,53
8,批量推理任务,46
9,人工智能训练任务,227
9,实时推理任务,24
9,批量推理任务,108
10,人工智能训练任务,693
10,实时推理任务,21
10,批量推理任务,86
11,人工智能训练任务,472
11,实时推理任务,36
11,批量推理任务,161
12,人工智能训练任务,375
12,实时推理任务,28
12,批量推理任务,90
13,人工智能训练任务,573
13,实时推理任务,19
13,批量推理任务,161
14,人工智能训练任务,469
14,实时推理任务,55
14,批量推理任务,59
15,人工智能训练任务,641
15,实时推理任务,59
15,批量推理任务,89
16,人工智能训练任务,168
16,实时推理任务,31
16,批量推理任务,95
17,人工智能训练任务,698
17,实时推理任务,41
17,批量推理任务,95
18,人工智能训练任务,458
18,实时推理任务,30
18,批量推理任务,115
19,人工智能训练任务,691
19,实时推理任务,15
19,批量推理任务,123
20,人工智能训练任务,440
20,实时推理任务,10
20,批量推理任务,127
21,人工智能训练任务,1016
21,实时推理任务,16
21,批量推理任务,73
22,人工智能训练任务,180
22,实时推理任务,54
22,批量推理任务,15
23,人工智能训练任务,285
23,实时推理任务,48
23,批量推理任务,102
24,人工智能训练任务,550
24,实时推理任务,9
24,批量推理任务,117
25,人工智能训练任务,343
25,实时推理任务,18
25,批量推理任务,44
26,人工智能训练任务,522
26,实时推理任务,27
26,批量推理任务,139
27,人工智能训练任务,631
27,实时推理任务,51
27,批量推理任务,45
28,人工智能训练任务,1061
28,实时推理任务,37
28,批量推理任务,98
29,人工智能训练任务,872
29,实时推理任务,33
29,批量推理任务,119
30,人工智能训练任务,329
30,实时推理任务,26
30,批量推理任务,41
31,人工智能训练任务,80
31,实时推理任务,33
31,批量推理任务,65
32,人工智能训练任务,978
32,实时推理任务,36
32,批量推理任务,191
33,人工智能训练任务,584
33,实时推理任务,19
33,批量推理任务,128
34,人工智能训练任务,946
34,实时推理任务,28
34,批量推理任务,166
35,人工智能训练任务,269
35,实时推理任务,20
35,批量推理任务,134
36,人工智能训练任务,637
36,实时推理任务,13
36,批量推理任务,41
37,人工智能训练任务,403
37,实时推理任务,19
37,批量推理任务,82
38,人工智能训练任务,441
38,实时推理任务,39
38,批量推理任务,62
39,人工智能训练任务,354
39,实时推理任务,42
39,批量推理任务,135
40,人工智能训练任务,615
40,实时推理任务,28
40,批量推理任务,76
41,人工智能训练任务,577
41,实时推理任务,16
41,批量推理任务,71
42,人工智能训练任务,321
42,实时推理任务,55
42,批量推理任务,97
43,人工智能训练任务,425
43,实时推理任务,29
43,批量推理任务,131
44,人工智能训练任务,834
44,实时推理任务,18
44,批量推理任务,64
45,人工智能训练任务,386
45,实时推理任务,29
45,批量推理任务,89
46,人工智能训练任务,264
46,实时推理任务,26
46,批量推理任务,128
47,人工智能训练任务,300
47,实时推理任务,14
47,批量推理任务,71
48,人工智能训练任务,578
48,实时推理任务,11
48,批量推理任务,211
49,人工智能训练任务,534
49,实时推理任务,34
49,批量推理任务,96
50,人工智能训练任务,396
50,实时推理任务,11
50,批量推理任务,81
51,人工智能训练任务,445
51,实时推理任务,31
51,批量推理任务,96
52,人工智能训练任务,192
52,实时推理任务,38
52,批量推理任务,65
53,人工智能训练任务,780
53,实时推理任务,22
53,批量推理任务,48
54,人工智能训练任务,413
54,实时推理任务,38
54,批量推理任务,86
55,人工智能训练任务,468
55,实时推理任务,13
55,批量推理任务,42
56,人工智能训练任务,354
56,实时推理任务,37
56,批量推理任务,145
57,人工智能训练任务,624
57,实时推理任务,20
57,批量推理任务,219
58,人工智能训练任务,516
58,实时推理任务,13
58,批量推理任务,105
59,人工智能训练任务,77
59,实时推理任务,21
59,批量推理任务,44
60,人工智能训练任务,435
60,实时推理任务,33
60,批量推理任务,78
61,人工智能训练任务,732
61,实时推理任务,42
61,批量推理任务,83
62,人工智能训练任务,408
62,实时推理任务,26
62,批量推理任务,79
63,人工智能训练任务,615
63,实时推理任务,20
63,批量推理任务,110
64,人工智能训练任务,357
64,实时推理任务,6
64,批量推理任务,106
65,人工智能训练任务,312
65,实时推理任务,22
65,批量推理任务,79
66,人工智能训练任务,568
66,实时推理任务,8
66,批量推理任务,196
67,人工智能训练任务,617
67,实时推理任务,45
67,批量推理任务,102
68,人工智能训练任务,217
68,实时推理任务,22
68,批量推理任务,47
69,人工智能训练任务,949
69,实时推理任务,15
69,批量推理任务,120
70,人工智能训练任务,339
70,实时推理任务,18
70,批量推理任务,102
71,人工智能训练任务,538
71,实时推理任务,26
71,批量推理任务,85
72,人工智能训练任务,375
72,实时推理任务,31
72,批量推理任务,93
73,人工智能训练任务,211
73,实时推理任务,34
73,批量推理任务,151
74,人工智能训练任务,735
74,实时推理任务,33
74,批量推理任务,96
75,人工智能训练任务,754
75,实时推理任务,27
75,批量推理任务,93
76,人工智能训练任务,528
76,实时推理任务,14
76,批量推理任务,107
77,人工智能训练任务,502
77,实时推理任务,47
77,批量推理任务,90
78,人工智能训练任务,237
78,实时推理任务,31
78,批量推理任务,71
79,人工智能训练任务,281
79,实时推理任务,22
79,批量推理任务,97
80,人工智能训练任务,375
80,实时推理任务,44
80,批量推理任务,80
81,人工智能训练任务,201
81,实时推理任务,33
81,批量推理任务,153
82,人工智能训练任务,627
82,实时推理任务,21
82,批量推理任务,95
83,人工智能训练任务,529
83,实时推理任务,24
83,批量推理任务,74
84,人工智能训练任务,492
84,实时推理任务,18
84,批量推理任务,71
85,人工智能训练任务,243
85,实时推理任务,28
85,批量推理任务,132
86,人工智能训练任务,254
86,实时推理任务,42
86,批量推理任务,84
87,人工智能训练任务,564
87,实时推理任务,26
87,批量推理任务,143
88,人工智能训练任务,551
88,实时推理任务,33
88,批量推理任务,96
89,人工智能训练任务,454
89,实时推理任务,27
89,批量推理任务,89
90,人工智能训练任务,274
90,实时推理任务,25
90,批量推理任务,116
91,人工智能训练任务,490
91,实时推理任务,27
91,批量推理任务,56
92,人工智能训练任务,699
92,实时推理任务,22
92,批量推理任务,117
93,人工智能训练任务,78
93,实时推理任务,35
93,批量推理任务,162
94,人工智能训练任务,448
94,实时推理任务,71
94,批量推理任务,116
95,人工智能训练任务,800
95,实时推理任务,25
95,批量推理任务,100
96,人工智能训练任务,379
96,实时推理任务,21
96,批量推理任务,107
97,人工智能训练任务,585
97,实时推理任务,30
97,批量推理任务,124
98,人工智能训练任务,314
98,实时推理任务,20
98,批量推理任务,91
99,人工智能训练任务,188
99,实时推理任务,24
99,批量推理任务,65
100,人工智能训练任务,191
100,实时推理任务,28
100,批量推理任务,51
101,人工智能训练任务,328
101,实时推理任务,29
101,批量推理任务,89
102,人工智能训练任务,430
102,实时推理任务,8
102,批量推理任务,97
103,人工智能训练任务,428
103,实时推理任务,32
103,批量推理任务,72
104,人工智能训练任务,605
104,实时推理任务,29
104,批量推理任务,203
105,人工智能训练任务,420
105,实时推理任务,36
105,批量推理任务,50
106,人工智能训练任务,43
106,实时推理任务,31
106,批量推理任务,128
107,人工智能训练任务,468
107,实时推理任务,43
107,批量推理任务,79
108,人工智能训练任务,457
108,实时推理任务,19
108,批量推理任务,57
109,人工智能训练任务,791
109,实时推理任务,16
109,批量推理任务,126
110,人工智能训练任务,622
110,实时推理任务,28
110,批量推理任务,84
111,人工智能训练任务,461
111,实时推理任务,36
111,批量推理任务,20
112,人工智能训练任务,713
112,实时推理任务,9
112,批量推理任务,153
113,人工智能训练任务,214
113,实时推理任务,28
113,批量推理任务,128
114,人工智能训练任务,735
114,实时推理任务,17
114,批量推理任务,52
115,人工智能训练任务,695
115,实时推理任务,32
115,批量推理任务,59
116,人工智能训练任务,642
116,实时推理任务,24
116,批量推理任务,75
117,人工智能训练任务,437
117,实时推理任务,20
117,批量推理任务,123
118,人工智能训练任务,468
118,实时推理任务,38
118,批量推理任务,138
119,人工智能训练任务,601
119,实时推理任务,77
119,批量推理任务,96
120,人工智能训练任务,672
120,实时推理任务,26
120,批量推理任务,61
121,人工智能训练任务,744
121,实时推理任务,21
121,批量推理任务,142
122,人工智能训练任务,669
122,实时推理任务,22
122,批量推理任务,124
123,人工智能训练任务,549
123,实时推理任务,21
123,批量推理任务,166
124,人工智能训练任务,800
124,实时推理任务,27
124,批量推理任务,72
125,人工智能训练任务,394
125,实时推理任务,18
125,批量推理任务,29
126,人工智能训练任务,610
126,实时推理任务,22
126,批量推理任务,81
127,人工智能训练任务,721
127,实时推理任务,21
127,批量推理任务,106
128,人工智能训练任务,497
128,实时推理任务,43
128,批量推理任务,28
129,人工智能训练任务,390
129,实时推理任务,26
129,批量推理任务,83
130,人工智能训练任务,118
130,实时推理任务,28
130,批量推理任务,47
131,人工智能训练任务,517
131,实时推理任务,53
131,批量推理任务,108
132,人工智能训练任务,469
132,实时推理任务,20
132,批量推理任务,116
133,人工智能训练任务,845
133,实时推理任务,9
133,批量推理任务,90
134,人工智能训练任务,342
134,实时推理任务,23
134,批量推理任务,108
135,人工智能训练任务,550
135,实时推理任务,25
135,批量推理任务,43
136,人工智能训练任务,250
136,实时推理任务,25
136,批量推理任务,125
137,人工智能训练任务,365
137,实时推理任务,50
137,批量推理任务,133
138,人工智能训练任务,500
138,实时推理任务,18
138,批量推理任务,139
139,人工智能训练任务,433
139,实时推理任务,24
139,批量推理任务,72
140,人工智能训练任务,531
140,实时推理任务,11
140,批量推理任务,109
141,人工智能训练任务,524
141,实时推理任务,22
141,批量推理任务,110
142,人工智能训练任务,354
142,实时推理任务,40
142,批量推理任务,72
143,人工智能训练任务,251
143,实时推理任务,29
143,批量推理任务,98
144,人工智能训练任务,796
144,实时推理任务,20
144,批量推理任务,43
145,人工智能训练任务,332
145,实时推理任务,6
145,批量推理任务,138
146,人工智能训练任务,451
146,实时推理任务,29
146,批量推理任务,114
147,人工智能训练任务,825
147,实时推理任务,28
147,批量推理任务,97
148,人工智能训练任务,704
148,实时推理任务,13
148,批量推理任务,89
149,人工智能训练任务,421
149,实时推理任务,59
149,批量推理任务,82
150,人工智能训练任务,525
150,实时推理任务,16
150,批量推理任务,139
151,人工智能训练任务,437
151,实时推理任务,37
151,批量推理任务,231
152,人工智能训练任务,803
152,实时推理任务,30
152,批量推理任务,153
153,人工智能训练任务,553
153,实时推理任务,51
153,批量推理任务,106
154,人工智能训练任务,568
154,实时推理任务,44
154,批量推理任务,97
155,人工智能训练任务,230
155,实时推理任务,19
155,批量推理任务,26
156,人工智能训练任务,441
156,实时推理任务,29
156,批量推理任务,71
157,人工智能训练任务,411
157,实时推理任务,10
157,批量推理任务,131
158,人工智能训练任务,622
158,实时推理任务,13
158,批量推理任务,96
159,人工智能训练任务,352
159,实时推理任务,19
159,批量推理任务,171
160,人工智能训练任务,324
160,实时推理任务,10
160,批量推理任务,98
161,人工智能训练任务,763
161,实时推理任务,37
161,批量推理任务,98
162,人工智能训练任务,205
162,实时推理任务,41
162,批量推理任务,107
163,人工智能训练任务,573
163,实时推理任务,26
163,批量推理任务,89
164,人工智能训练任务,318
164,实时推理任务,40
164,批量推理任务,126
165,人工智能训练任务,492
165,实时推理任务,24
165,批量推理任务,130
166,人工智能训练任务,663
166,实时推理任务,34
166,批量推理任务,107
167,人工智能训练任务,137
167,实时推理任务,21
167,批量推理任务,125
168,人工智能训练任务,723
168,实时推理任务,25
168,批量推理任务,86
169,人工智能训练任务,355
169,实时推理任务,6
169,批量推理任务,77
170,人工智能训练任务,951
170,实时推理任务,23
170,批量推理任务,106
171,人工智能训练任务,680
171,实时推理任务,27
171,批量推理任务,86
172,人工智能训练任务,364
172,实时推理任务,28
172,批量推理任务,92
173,人工智能训练任务,732
173,实时推理任务,2
173,批量推理任务,39
174,人工智能训练任务,476
174,实时推理任务,25
174,批量推理任务,59
175,人工智能训练任务,624
175,实时推理任务,18
175,批量推理任务,82
176,人工智能训练任务,275
176,实时推理任务,25
176,批量推理任务,63
177,人工智能训练任务,321
177,实时推理任务,36
177,批量推理任务,117
178,人工智能训练任务,415
178,实时推理任务,6
178,批量推理任务,37
179,人工智能训练任务,363
179,实时推理任务,40
179,批量推理任务,197
180,人工智能训练任务,465
180,实时推理任务,37
180,批量推理任务,115
181,人工智能训练任务,385
181,实时推理任务,21
181,批量推理任务,174
182,人工智能训练任务,594
182,实时推理任务,38
182,批量推理任务,65
183,人工智能训练任务,676
183,实时推理任务,33
183,批量推理任务,113
184,人工智能训练任务,805
184,实时推理任务,47
184,批量推理任务,75
185,人工智能训练任务,458
185,实时推理任务,42
185,批量推理任务,70
186,人工智能训练任务,148
186,实时推理任务,14
186,批量推理任务,166
187,人工智能训练任务,484
187,实时推理任务,14
187,批量推理任务,79
188,人工智能训练任务,582
188,实时推理任务,29
188,批量推理任务,123
189,人工智能训练任务,359
189,实时推理任务,21
189,批量推理任务,111
190,人工智能训练任务,635
190,实时推理任务,26
190,批量推理任务,152
191,人工智能训练任务,470
191,实时推理任务,17
191,批量推理任务,114
192,人工智能训练任务,817
192,实时推理任务,36
192,批量推理任务,143
193,人工智能训练任务,335
193,实时推理任务,56
193,批量推理任务,100
194,人工智能训练任务,566
194,实时推理任务,23
194,批量推理任务,37
195,人工智能训练任务,932
195,实时推理任务,11
195,批量推理任务,80
196,人工智能训练任务,345
196,实时推理任务,19
196,批量推理任务,145
197,人工智能训练任务,509
197,实时推理任务,7
197,批量推理任务,76
198,人工智能训练任务,361
198,实时推理任务,14
198,批量推理任务,139
199,人工智能训练任务,692
199,实时推理任务,12
199,批量推理任务,93
200,人工智能训练任务,325
200,实时推理任务,34
200,批量推理任务,68
201,人工智能训练任务,518
201,实时推理任务,24
201,批量推理任务,140
202,人工智能训练任务,708
202,实时推理任务,9
202,批量推理任务,73
203,人工智能训练任务,267
203,实时推理任务,49
203,批量推理任务,82
204,人工智能训练任务,573
204,实时推理任务,29
204,批量推理任务,97
205,人工智能训练任务,428
205,实时推理任务,38
205,批量推理任务,121
206,人工智能训练任务,485
206,实时推理任务,48
206,批量推理任务,10
207,人工智能训练任务,156
207,实时推理任务,12
207,批量推理任务,94
208,人工智能训练任务,396
208,实时推理任务,37
208,批量推理任务,140
209,人工智能训练任务,391
209,实时推理任务,18
209,批量推理任务,99
210,人工智能训练任务,513
210,实时推理任务,24
210,批量推理任务,124
211,人工智能训练任务,302
211,实时推理任务,16
211,批量推理任务,100
212,人工智能训练任务,652
212,实时推理任务,46
212,批量推理任务,87
213,人工智能训练任务,400
213,实时推理任务,19
213,批量推理任务,145
214,人工智能训练任务,544
214,实时推理任务,19
214,批量推理任务,130
215,人工智能训练任务,552
215,实时推理任务,25
215,批量推理任务,93
216,人工智能训练任务,457
216,实时推理任务,12
216,批量推理任务,57
217,人工智能训练任务,738
217,实时推理任务,17
217,批量推理任务,111
218,人工智能训练任务,695
218,实时推理任务,8
218,批量推理任务,162
219,人工智能训练任务,809
219,实时推理任务,31
219,批量推理任务,103
220,人工智能训练任务,519
220,实时推理任务,28
220,批量推理任务,124
221,人工智能训练任务,424
221,实时推理任务,20
221,批量推理任务,96
222,人工智能训练任务,599
222,实时推理任务,25
222,批量推理任务,92
223,人工智能训练任务,794
223,实时推理任务,58
223,批量推理任务,76
224,人工智能训练任务,509
224,实时推理任务,34
224,批量推理任务,169
225,人工智能训练任务,353
225,实时推理任务,28
225,批量推理任务,70
226,人工智能训练任务,493
226,实时推理任务,55
226,批量推理任务,93
227,人工智能训练任务,798
227,实时推理任务,5
227,批量推理任务,79
228,人工智能训练任务,844
228,实时推理任务,22
228,批量推理任务,139
229,人工智能训练任务,990
229,实时推理任务,24
229,批量推理任务,107
230,人工智能训练任务,468
230,实时推理任务,19
230,批量推理任务,73
231,人工智能训练任务,227
231,实时推理任务,21
231,批量推理任务,39
232,人工智能训练任务,607
232,实时推理任务,37
232,批量推理任务,117
233,人工智能训练任务,524
233,实时推理任务,26
233,批量推理任务,76
234,人工智能训练任务,186
234,实时推理任务,13
234,批量推理任务,131
235,人工智能训练任务,997
235,实时推理任务,9
235,批量推理任务,40
236,人工智能训练任务,759
236,实时推理任务,21
236,批量推理任务,62
237,人工智能训练任务,258
237,实时推理任务,22
237,批量推理任务,123
238,人工智能训练任务,373
238,实时推理任务,24
238,批量推理任务,75
239,人工智能训练任务,231
239,实时推理任务,27
239,批量推理任务,105
240,人工智能训练任务,558
240,实时推理任务,24
240,批量推理任务,84
241,人工智能训练任务,587
241,实时推理任务,31
241,批量推理任务,92
242,人工智能训练任务,389
242,实时推理任务,30
242,批量推理任务,116
243,人工智能训练任务,671
243,实时推理任务,31
243,批量推理任务,70
244,人工智能训练任务,441
244,实时推理任务,42
244,批量推理任务,85
245,人工智能训练任务,720
245,实时推理任务,24
245,批量推理任务,84
246,人工智能训练任务,637
246,实时推理任务,25
246,批量推理任务,12
247,人工智能训练任务,355
247,实时推理任务,31
247,批量推理任务,126
248,人工智能训练任务,206
248,实时推理任务,16
248,批量推理任务,110
249,人工智能训练任务,576
249,实时推理任务,34
249,批量推理任务,111
250,人工智能训练任务,913
250,实时推理任务,38
250,批量推理任务,50
251,人工智能训练任务,362
251,实时推理任务,33
251,批量推理任务,143
252,人工智能训练任务,593
252,实时推理任务,29
252,批量推理任务,109
253,人工智能训练任务,771
253,实时推理任务,33
253,批量推理任务,38
254,人工智能训练任务,201
254,实时推理任务,50
254,批量推理任务,106
255,人工智能训练任务,784
255,实时推理任务,21
255,批量推理任务,65
256,人工智能训练任务,207
256,实时推理任务,12
256,批量推理任务,58
257,人工智能训练任务,480
257,实时推理任务,26
257,批量推理任务,64
258,人工智能训练任务,711
258,实时推理任务,42
258,批量推理任务,131
259,人工智能训练任务,613
259,实时推理任务,34
259,批量推理任务,124
260,人工智能训练任务,672
260,实时推理任务,62
260,批量推理任务,124
261,人工智能训练任务,317
261,实时推理任务,47
261,批量推理任务,148
262,人工智能训练任务,349
262,实时推理任务,17
262,批量推理任务,128
263,人工智能训练任务,431
263,实时推理任务,45
263,批量推理任务,140
264,人工智能训练任务,217
264,实时推理任务,26
264,批量推理任务,99
265,人工智能训练任务,562
265,实时推理任务,14
265,批量推理任务,140
266,人工智能训练任务,882
266,实时推理任务,38
266,批量推理任务,96
267,人工智能训练任务,451
267,实时推理任务,32
267,批量推理任务,33
268,人工智能训练任务,461
268,实时推理任务,22
268,批量推理任务,81
269,人工智能训练任务,485
269,实时推理任务,17
269,批量推理任务,100
270,人工智能训练任务,882
270,实时推理任务,29
270,批量推理任务,86
271,人工智能训练任务,882
271,实时推理任务,10
271,批量推理任务,100
272,人工智能训练任务,238
272,实时推理任务,25
272,批量推理任务,91
273,人工智能训练任务,630
273,实时推理任务,35
273,批量推理任务,40
274,人工智能训练任务,135
274,实时推理任务,55
274,批量推理任务,73
275,人工智能训练任务,933
275,实时推理任务,38
275,批量推理任务,156
276,人工智能训练任务,286
276,实时推理任务,33
276,批量推理任务,184
277,人工智能训练任务,342
277,实时推理任务,18
277,批量推理任务,154
278,人工智能训练任务,630
278,实时推理任务,13
278,批量推理任务,108
279,人工智能训练任务,595
279,实时推理任务,14
279,批量推理任务,62
280,人工智能训练任务,442
280,实时推理任务,13
280,批量推理任务,92
281,人工智能训练任务,480
281,实时推理任务,10
281,批量推理任务,140
282,人工智能训练任务,539
282,实时推理任务,29
282,批量推理任务,33
283,人工智能训练任务,405
283,实时推理任务,14
283,批量推理任务,122
284,人工智能训练任务,359
284,实时推理任务,29
284,批量推理任务,171
285,人工智能训练任务,195
285,实时推理任务,30
285,批量推理任务,80
286,人工智能训练任务,234
286,实时推理任务,21
286,批量推理任务,172
287,人工智能训练任务,330
287,实时推理任务,24
287,批量推理任务,129
288,人工智能训练任务,556
288,实时推理任务,26
288,批量推理任务,131
289,人工智能训练任务,550
289,实时推理任务,28
289,批量推理任务,66
290,人工智能训练任务,831
290,实时推理任务,28
290,批量推理任务,136
291,人工智能训练任务,154
291,实时推理任务,16
291,批量推理任务,108
292,人工智能训练任务,723
292,实时推理任务,16
292,批量推理任务,137
293,人工智能训练任务,628
293,实时推理任务,22
293,批量推理任务,6
294,人工智能训练任务,511
294,实时推理任务,18
294,批量推理任务,114
295,人工智能训练任务,292
295,实时推理任务,17
295,批量推理任务,78
296,人工智能训练任务,121
296,实时推理任务,15
296,批量推理任务,31
297,人工智能训练任务,347
297,实时推理任务,25
297,批量推理任务,103
298,人工智能训练任务,401
298,实时推理任务,25
298,批量推理任务,91
299,人工智能训练任务,636
299,实时推理任务,12
299,批量推理任务,73
300,人工智能训练任务,382
300,实时推理任务,45
300,批量推理任务,42
301,人工智能训练任务,630
301,实时推理任务,47
301,批量推理任务,114
302,人工智能训练任务,367
302,实时推理任务,10
302,批量推理任务,41
303,人工智能训练任务,498
303,实时推理任务,37
303,批量推理任务,54
304,人工智能训练任务,641
304,实时推理任务,35
304,批量推理任务,145
305,人工智能训练任务,665
305,实时推理任务,35
305,批量推理任务,89
306,人工智能训练任务,327
306,实时推理任务,23
306,批量推理任务,97
307,人工智能训练任务,421
307,实时推理任务,28
307,批量推理任务,88
308,人工智能训练任务,752
308,实时推理任务,15
308,批量推理任务,108
309,人工智能训练任务,265
309,实时推理任务,13
309,批量推理任务,77
310,人工智能训练任务,195
310,实时推理任务,4
310,批量推理任务,92
311,人工智能训练任务,439
311,实时推理任务,21
311,批量推理任务,112
312,人工智能训练任务,426
312,实时推理任务,20
312,批量推理任务,48
313,人工智能训练任务,506
313,实时推理任务,28
313,批量推理任务,128
314,人工智能训练任务,1197
314,实时推理任务,21
314,批量推理任务,95
315,人工智能训练任务,723
315,实时推理任务,14
315,批量推理任务,56
316,人工智能训练任务,531
316,实时推理任务,16
316,批量推理任务,61
317,人工智能训练任务,653
317,实时推理任务,40
317,批量推理任务,49
318,人工智能训练任务,942
318,实时推理任务,27
318,批量推理任务,126
319,人工智能训练任务,381
319,实时推理任务,28
319,批量推理任务,123
320,人工智能训练任务,544
320,实时推理任务,10
320,批量推理任务,105
321,人工智能训练任务,498
321,实时推理任务,17
321,批量推理任务,193
322,人工智能训练任务,543
322,实时推理任务,29
322,批量推理任务,65
323,人工智能训练任务,344
323,实时推理任务,27
323,批量推理任务,156
324,人工智能训练任务,355
324,实时推理任务,55
324,批量推理任务,105
325,人工智能训练任务,627
325,实时推理任务,31
325,批量推理任务,146
326,人工智能训练任务,500
326,实时推理任务,14
326,批量推理任务,74
327,人工智能训练任务,802
327,实时推理任务,13
327,批量推理任务,98
328,人工智能训练任务,755
328,实时推理任务,16
328,批量推理任务,70
329,人工智能训练任务,593
329,实时推理任务,19
329,批量推理任务,122
330,人工智能训练任务,389
330,实时推理任务,33
330,批量推理任务,103
331,人工智能训练任务,524
331,实时推理任务,23
331,批量推理任务,46
332,人工智能训练任务,81
332,实时推理任务,27
332,批量推理任务,120
333,人工智能训练任务,545
333,实时推理任务,35
333,批量推理任务,86
334,人工智能训练任务,485
334,实时推理任务,45
334,批量推理任务,118
335,人工智能训练任务,391
335,实时推理任务,51
335,批量推理任务,104
336,人工智能训练任务,221
336,实时推理任务,47
336,批量推理任务,72
337,人工智能训练任务,406
337,实时推理任务,26
337,批量推理任务,128
338,人工智能训练任务,608
338,实时推理任务,38
338,批量推理任务,62
339,人工智能训练任务,205
339,实时推理任务,30
339,批量推理任务,138
340,人工智能训练任务,24
340,实时推理任务,44
340,批量推理任务,109
341,人工智能训练任务,502
341,实时推理任务,28
341,批量推理任务,118
342,人工智能训练任务,1007
342,实时推理任务,35
342,批量推理任务,96
343,人工智能训练任务,317
343,实时推理任务,20
343,批量推理任务,67
344,人工智能训练任务,493
344,实时推理任务,22
344,批量推理任务,32
345,人工智能训练任务,420
345,实时推理任务,16
345,批量推理任务,107
346,人工智能训练任务,756
346,实时推理任务,25
346,批量推理任务,89
347,人工智能训练任务,782
347,实时推理任务,51
347,批量推理任务,100
348,人工智能训练任务,581
348,实时推理任务,46
348,批量推理任务,114
349,人工智能训练任务,432
349,实时推理任务,28
349,批量推理任务,109
350,人工智能训练任务,464
350,实时推理任务,12
350,批量推理任务,108
351,人工智能训练任务,531
351,实时推理任务,27
351,批量推理任务,196
352,人工智能训练任务,291
352,实时推理任务,31
352,批量推理任务,15
353,人工智能训练任务,559
353,实时推理任务,22
353,批量推理任务,75
354,人工智能训练任务,382
354,实时推理任务,37
354,批量推理任务,84
355,人工智能训练任务,388
355,实时推理任务,22
355,批量推理任务,107
356,人工智能训练任务,688
356,实时推理任务,28
356,批量推理任务,150
357,人工智能训练任务,337
357,实时推理任务,28
357,批量推理任务,88
358,人工智能训练任务,425
358,实时推理任务,29
358,批量推理任务,94
359,人工智能训练任务,460
359,实时推理任务,22
359,批量推理任务,75
360,人工智能训练任务,574
360,实时推理任务,17
360,批量推理任务,75
361,人工智能训练任务,383
361,实时推理任务,42
361,批量推理任务,118
362,人工智能训练任务,576
362,实时推理任务,20
362,批量推理任务,63
363,人工智能训练任务,411
363,实时推理任务,33
363,批量推理任务,61
364,人工智能训练任务,509
364,实时推理任务,43
364,批量推理任务,73
365,人工智能训练任务,580
365,实时推理任务,38
365,批量推理任务,69
366,人工智能训练任务,565
366,实时推理任务,21
366,批量推理任务,82
367,人工智能训练任务,360
367,实时推理任务,20
367,批量推理任务,145
368,人工智能训练任务,377
368,实时推理任务,48
368,批量推理任务,33
369,人工智能训练任务,587
369,实时推理任务,47
369,批量推理任务,198
370,人工智能训练任务,593
370,实时推理任务,53
370,批量推理任务,36
371,人工智能训练任务,630
371,实时推理任务,25
371,批量推理任务,47
372,人工智能训练任务,341
372,实时推理任务,14
372,批量推理任务,74
373,人工智能训练任务,303
373,实时推理任务,22
373,批量推理任务,106
374,人工智能训练任务,247
374,实时推理任务,42
374,批量推理任务,41
375,人工智能训练任务,529
375,实时推理任务,13
375,批量推理任务,25
376,人工智能训练任务,126
376,实时推理任务,41
376,批量推理任务,121
377,人工智能训练任务,355
377,实时推理任务,34
377,批量推理任务,97
378,人工智能训练任务,249
378,实时推理任务,12
378,批量推理任务,120
379,人工智能训练任务,544
379,实时推理任务,7
379,批量推理任务,40
380,人工智能训练任务,792
380,实时推理任务,18
380,批量推理任务,137
381,人工智能训练任务,366
381,实时推理任务,42
381,批量推理任务,139
382,人工智能训练任务,1026
382,实时推理任务,34
382,批量推理任务,35
383,人工智能训练任务,711
383,实时推理任务,26
383,批量推理任务,65
384,人工智能训练任务,302
384,实时推理任务,33
384,批量推理任务,97
385,人工智能训练任务,340
385,实时推理任务,13
385,批量推理任务,86
386,人工智能训练任务,347
386,实时推理任务,7
386,批量推理任务,59
387,人工智能训练任务,537
387,实时推理任务,35
387,批量推理任务,48
388,人工智能训练任务,565
388,实时推理任务,9
388,批量推理任务,126
389,人工智能训练任务,373
389,实时推理任务,22
389,批量推理任务,99
390,人工智能训练任务,481
390,实时推理任务,16
390,批量推理任务,70
391,人工智能训练任务,585
391,实时推理任务,15
391,批量推理任务,149
392,人工智能训练任务,534
392,实时推理任务,27
392,批量推理任务,134
393,人工智能训练任务,768
393,实时推理任务,37
393,批量推理任务,95
394,人工智能训练任务,700
394,实时推理任务,24
394,批量推理任务,37
395,人工智能训练任务,371
395,实时推理任务,38
395,批量推理任务,31
396,人工智能训练任务,269
396,实时推理任务,22
396,批量推理任务,88
397,人工智能训练任务,226
397,实时推理任务,35
397,批量推理任务,87
398,人工智能训练任务,411
398,实时推理任务,28
398,批量推理任务,103
399,人工智能训练任务,468
399,实时推理任务,21
399,批量推理任务,72
400,人工智能训练任务,766
400,实时推理任务,25
400,批量推理任务,135
401,人工智能训练任务,378
401,实时推理任务,31
401,批量推理任务,82
402,人工智能训练任务,567
402,实时推理任务,12
402,批量推理任务,136
403,人工智能训练任务,562
403,实时推理任务,16
403,批量推理任务,104
404,人工智能训练任务,275
404,实时推理任务,18
404,批量推理任务,80
405,人工智能训练任务,577
405,实时推理任务,16
405,批量推理任务,117
406,人工智能训练任务,606
406,实时推理任务,33
406,批量推理任务,77
407,人工智能训练任务,297
407,实时推理任务,29
407,批量推理任务,116
408,人工智能训练任务,717
408,实时推理任务,40
408,批量推理任务,70
409,人工智能训练任务,555
409,实时推理任务,24
409,批量推理任务,134
410,人工智能训练任务,643
410,实时推理任务,33
410,批量推理任务,71
411,人工智能训练任务,642
411,实时推理任务,38
411,批量推理任务,148
412,人工智能训练任务,242
412,实时推理任务,18
412,批量推理任务,88
413,人工智能训练任务,806
413,实时推理任务,28
413,批量推理任务,31
414,人工智能训练任务,904
414,实时推理任务,35
414,批量推理任务,51
415,人工智能训练任务,229
415,实时推理任务,37
415,批量推理任务,95
416,人工智能训练任务,345
416,实时推理任务,18
416,批量推理任务,90
417,人工智能训练任务,427
417,实时推理任务,38
417,批量推理任务,94
418,人工智能训练任务,298
418,实时推理任务,20
418,批量推理任务,168
419,人工智能训练任务,433
419,实时推理任务,52
419,批量推理任务,129
420,人工智能训练任务,365
420,实时推理任务,28
420,批量推理任务,118
421,人工智能训练任务,469
421,实时推理任务,31
421,批量推理任务,106
422,人工智能训练任务,540
422,实时推理任务,37
422,批量推理任务,156
423,人工智能训练任务,596
423,实时推理任务,22
423,批量推理任务,87
424,人工智能训练任务,657
424,实时推理任务,25
424,批量推理任务,124
425,人工智能训练任务,552
425,实时推理任务,56
425,批量推理任务,31
426,人工智能训练任务,369
426,实时推理任务,13
426,批量推理任务,107
427,人工智能训练任务,346
427,实时推理任务,32
427,批量推理任务,123
428,人工智能训练任务,424
428,实时推理任务,27
428,批量推理任务,132
429,人工智能训练任务,703
429,实时推理任务,38
429,批量推理任务,99
430,人工智能训练任务,647
430,实时推理任务,26
430,批量推理任务,103
431,人工智能训练任务,460
431,实时推理任务,16
431,批量推理任务,38
432,人工智能训练任务,705
432,实时推理任务,21
432,批量推理任务,57
433,人工智能训练任务,428
433,实时推理任务,32
433,批量推理任务,115
434,人工智能训练任务,635
434,实时推理任务,28
434,批量推理任务,162
435,人工智能训练任务,647
435,实时推理任务,33
435,批量推理任务,164
436,人工智能训练任务,273
436,实时推理任务,31
436,批量推理任务,115
437,人工智能训练任务,664
437,实时推理任务,18
437,批量推理任务,71
438,人工智能训练任务,508
438,实时推理任务,28
438,批量推理任务,117
439,人工智能训练任务,378
439,实时推理任务,17
439,批量推理任务,86
440,人工智能训练任务,533
440,实时推理任务,14
440,批量推理任务,111
441,人工智能训练任务,749
441,实时推理任务,18
441,批量推理任务,121
442,人工智能训练任务,576
442,实时推理任务,18
442,批量推理任务,117
443,人工智能训练任务,211
443,实时推理任务,29
443,批量推理任务,89
444,人工智能训练任务,357
444,实时推理任务,38
444,批量推理任务,134
445,人工智能训练任务,918
445,实时推理任务,15
445,批量推理任务,133
446,人工智能训练任务,313
446,实时推理任务,16
446,批量推理任务,89
447,人工智能训练任务,751
447,实时推理任务,29
447,批量推理任务,161
448,人工智能训练任务,250
448,实时推理任务,29
448,批量推理任务,134
449,人工智能训练任务,566
449,实时推理任务,22
449,批量推理任务,102
450,人工智能训练任务,190
450,实时推理任务,40
450,批量推理任务,94
451,人工智能训练任务,372
451,实时推理任务,42
451,批量推理任务,110
452,人工智能训练任务,401
452,实时推理任务,22
452,批量推理任务,101
453,人工智能训练任务,769
453,实时推理任务,42
453,批量推理任务,96
454,人工智能训练任务,380
454,实时推理任务,33
454,批量推理任务,144
455,人工智能训练任务,536
455,实时推理任务,46
455,批量推理任务,58
456,人工智能训练任务,335
456,实时推理任务,32
456,批量推理任务,84
457,人工智能训练任务,273
457,实时推理任务,12
457,批量推理任务,34
458,人工智能训练任务,89
458,实时推理任务,28
458,批量推理任务,77
459,人工智能训练任务,502
459,实时推理任务,19
459,批量推理任务,58
460,人工智能训练任务,549
460,实时推理任务,42
460,批量推理任务,63
461,人工智能训练任务,189
461,实时推理任务,44
461,批量推理任务,97
462,人工智能训练任务,619
462,实时推理任务,12
462,批量推理任务,81
463,人工智能训练任务,96
463,实时推理任务,41
463,批量推理任务,61
464,人工智能训练任务,600
464,实时推理任务,10
464,批量推理任务,60
465,人工智能训练任务,523
465,实时推理任务,23
465,批量推理任务,65
466,人工智能训练任务,403
466,实时推理任务,21
466,批量推理任务,42
467,人工智能训练任务,545
467,实时推理任务,16
467,批量推理任务,87
468,人工智能训练任务,293
468,实时推理任务,25
468,批量推理任务,112
469,人工智能训练任务,598
469,实时推理任务,39
469,批量推理任务,150
470,人工智能训练任务,260
470,实时推理任务,20
470,批量推理任务,145
471,人工智能训练任务,738
471,实时推理任务,26
471,批量推理任务,82
472,人工智能训练任务,471
472,实时推理任务,26
472,批量推理任务,51
473,人工智能训练任务,237
473,实时推理任务,35
473,批量推理任务,83
474,人工智能训练任务,691
474,实时推理任务,26
474,批量推理任务,165
475,人工智能训练任务,393
475,实时推理任务,40
475,批量推理任务,71
476,人工智能训练任务,497
476,实时推理任务,35
476,批量推理任务,170
477,人工智能训练任务,529
477,实时推理任务,43
477,批量推理任务,95
478,人工智能训练任务,88
478,实时推理任务,27
478,批量推理任务,115
479,人工智能训练任务,276
479,实时推理任务,36
479,批量推理任务,78
480,人工智能训练任务,674
480,实时推理任务,41
480,批量推理任务,118
481,人工智能训练任务,709
481,实时推理任务,51
481,批量推理任务,89
482,人工智能训练任务,613
482,实时推理任务,38
482,批量推理任务,59
483,人工智能训练任务,327
483,实时推理任务,52
483,批量推理任务,54
484,人工智能训练任务,846
484,实时推理任务,16
484,批量推理任务,186
485,人工智能训练任务,202
485,实时推理任务,33
485,批量推理任务,73
486,人工智能训练任务,556
486,实时推理任务,7
486,批量推理任务,109
487,人工智能训练任务,482
487,实时推理任务,14
487,批量推理任务,56
488,人工智能训练任务,268
488,实时推理任务,42
488,批量推理任务,78
489,人工智能训练任务,402
489,实时推理任务,16
489,批量推理任务,97
490,人工智能训练任务,685
490,实时推理任务,10
490,批量推理任务,43
491,人工智能训练任务,357
491,实时推理任务,22
491,批量推理任务,115
492,人工智能训练任务,379
492,实时推理任务,42
492,批量推理任务,119
493,人工智能训练任务,517
493,实时推理任务,30
493,批量推理任务,82
494,人工智能训练任务,328
494,实时推理任务,34
494,批量推理任务,188
495,人工智能训练任务,495
495,实时推理任务,33
495,批量推理任务,100
496,人工智能训练任务,294
496,实时推理任务,16
496,批量推理任务,77
497,人工智能训练任务,417
497,实时推理任务,30
497,批量推理任务,129
498,人工智能训练任务,252
498,实时推理任务,16
498,批量推理任务,22
499,人工智能训练任务,415
499,实时推理任务,24
499,批量推理任务,110
500,人工智能训练任务,444
500,实时推理任务,14
500,批量推理任务,96
501,人工智能训练任务,540
501,实时推理任务,12
501,批量推理任务,59
502,人工智能训练任务,171
502,实时推理任务,22
502,批量推理任务,55
503,人工智能训练任务,839
503,实时推理任务,47
503,批量推理任务,56
504,人工智能训练任务,232
504,实时推理任务,24
504,批量推理任务,134
505,人工智能训练任务,792
505,实时推理任务,21
505,批量推理任务,78
506,人工智能训练任务,594
506,实时推理任务,8
506,批量推理任务,75
507,人工智能训练任务,785
507,实时推理任务,15
507,批量推理任务,35
508,人工智能训练任务,497
508,实时推理任务,20
508,批量推理任务,90
509,人工智能训练任务,476
509,实时推理任务,19
509,批量推理任务,124
510,人工智能训练任务,837
510,实时推理任务,21
510,批量推理任务,94
511,人工智能训练任务,294
511,实时推理任务,20
511,批量推理任务,110
512,人工智能训练任务,652
512,实时推理任务,18
512,批量推理任务,129
513,人工智能训练任务,182
513,实时推理任务,13
513,批量推理任务,98
514,人工智能训练任务,197
514,实时推理任务,34
514,批量推理任务,92
515,人工智能训练任务,452
515,实时推理任务,26
515,批量推理任务,67
516,人工智能训练任务,302
516,实时推理任务,27
516,批量推理任务,120
517,人工智能训练任务,505
517,实时推理任务,40
517,批量推理任务,116
518,人工智能训练任务,555
518,实时推理任务,17
518,批量推理任务,71
519,人工智能训练任务,586
519,实时推理任务,54
519,批量推理任务,101
520,人工智能训练任务,420
520,实时推理任务,49
520,批量推理任务,109
521,人工智能训练任务,506
521,实时推理任务,6
521,批量推理任务,141
522,人工智能训练任务,662
522,实时推理任务,26
522,批量推理任务,130
523,人工智能训练任务,209
523,实时推理任务,31
523,批量推理任务,102
524,人工智能训练任务,186
524,实时推理任务,17
524,批量推理任务,105
525,人工智能训练任务,580
525,实时推理任务,32
525,批量推理任务,58
526,人工智能训练任务,583
526,实时推理任务,44
526,批量推理任务,54
527,人工智能训练任务,553
527,实时推理任务,52
527,批量推理任务,130
528,人工智能训练任务,365
528,实时推理任务,20
528,批量推理任务,52
529,人工智能训练任务,683
529,实时推理任务,31
529,批量推理任务,23
530,人工智能训练任务,419
530,实时推理任务,19
530,批量推理任务,84
531,人工智能训练任务,1014
531,实时推理任务,28
531,批量推理任务,119
532,人工智能训练任务,365
532,实时推理任务,40
532,批量推理任务,126
533,人工智能训练任务,299
533,实时推理任务,34
533,批量推理任务,75
534,人工智能训练任务,529
534,实时推理任务,45
534,批量推理任务,100
535,人工智能训练任务,556
535,实时推理任务,52
535,批量推理任务,106
536,人工智能训练任务,351
536,实时推理任务,3
536,批量推理任务,141
537,人工智能训练任务,451
537,实时推理任务,32
537,批量推理任务,51
538,人工智能训练任务,368
538,实时推理任务,26
538,批量推理任务,40
539,人工智能训练任务,843
539,实时推理任务,31
539,批量推理任务,77
540,人工智能训练任务,374
540,实时推理任务,18
540,批量推理任务,100
541,人工智能训练任务,433
541,实时推理任务,30
541,批量推理任务,102
542,人工智能训练任务,172
542,实时推理任务,16
542,批量推理任务,172
543,人工智能训练任务,1148
543,实时推理任务,47
543,批量推理任务,82
544,人工智能训练任务,539
544,实时推理任务,9
544,批量推理任务,65
545,人工智能训练任务,560
545,实时推理任务,33
545,批量推理任务,114
546,人工智能训练任务,314
546,实时推理任务,20
546,批量推理任务,161
547,人工智能训练任务,576
547,实时推理任务,50
547,批量推理任务,51
548,人工智能训练任务,571
548,实时推理任务,39
548,批量推理任务,76
549,人工智能训练任务,522
549,实时推理任务,23
549,批量推理任务,69
550,人工智能训练任务,398
550,实时推理任务,36
550,批量推理任务,122
551,人工智能训练任务,357
551,实时推理任务,38
551,批量推理任务,144
552,人工智能训练任务,235
552,实时推理任务,24
552,批量推理任务,17
553,人工智能训练任务,702
553,实时推理任务,27
553,批量推理任务,128
554,人工智能训练任务,624
554,实时推理任务,22
554,批量推理任务,26
555,人工智能训练任务,583
555,实时推理任务,17
555,批量推理任务,144
556,人工智能训练任务,918
556,实时推理任务,43
556,批量推理任务,30
557,人工智能训练任务,271
557,实时推理任务,17
557,批量推理任务,125
558,人工智能训练任务,330
558,实时推理任务,49
558,批量推理任务,91
559,人工智能训练任务,278
559,实时推理任务,35
559,批量推理任务,81
560,人工智能训练任务,427
560,实时推理任务,48
560,批量推理任务,91
561,人工智能训练任务,328
561,实时推理任务,31
561,批量推理任务,139
562,人工智能训练任务,556
562,实时推理任务,21
562,批量推理任务,95
563,人工智能训练任务,568
563,实时推理任务,26
563,批量推理任务,178
564,人工智能训练任务,335
564,实时推理任务,21
564,批量推理任务,140
565,人工智能训练任务,837
565,实时推理任务,29
565,批量推理任务,29
566,人工智能训练任务,280
566,实时推理任务,48
566,批量推理任务,118
567,人工智能训练任务,292
567,实时推理任务,26
567,批量推理任务,120
568,人工智能训练任务,558
568,实时推理任务,43
568,批量推理任务,105
569,人工智能训练任务,77
569,实时推理任务,36
569,批量推理任务,53
570,人工智能训练任务,464
570,实时推理任务,46
570,批量推理任务,70
571,人工智能训练任务,654
571,实时推理任务,25
571,批量推理任务,97
572,人工智能训练任务,546
572,实时推理任务,37
572,批量推理任务,146
573,人工智能训练任务,688
573,实时推理任务,27
573,批量推理任务,89
574,人工智能训练任务,250
574,实时推理任务,51
574,批量推理任务,74
575,人工智能训练任务,547
575,实时推理任务,35
575,批量推理任务,157
576,人工智能训练任务,252
576,实时推理任务,77
576,批量推理任务,84
577,人工智能训练任务,525
577,实时推理任务,47
577,批量推理任务,46
578,人工智能训练任务,108
578,实时推理任务,25
578,批量推理任务,107
579,人工智能训练任务,462
579,实时推理任务,33
579,批量推理任务,82
580,人工智能训练任务,269
580,实时推理任务,70
580,批量推理任务,83
581,人工智能训练任务,279
581,实时推理任务,28
581,批量推理任务,89
582,人工智能训练任务,350
582,实时推理任务,27
582,批量推理任务,118
583,人工智能训练任务,269
583,实时推理任务,30
583,批量推理任务,158
584,人工智能训练任务,142
584,实时推理任务,39
584,批量推理任务,111
585,人工智能训练任务,217
585,实时推理任务,35
585,批量推理任务,22
586,人工智能训练任务,484
586,实时推理任务,43
586,批量推理任务,58
587,人工智能训练任务,217
587,实时推理任务,25
587,批量推理任务,5
588,人工智能训练任务,896
588,实时推理任务,20
588,批量推理任务,124
589,人工智能训练任务,483
589,实时推理任务,23
589,批量推理任务,12
590,人工智能训练任务,340
590,实时推理任务,39
590,批量推理任务,62
591,人工智能训练任务,274
591,实时推理任务,24
591,批量推理任务,114
592,人工智能训练任务,470
592,实时推理任务,23
592,批量推理任务,83
593,人工智能训练任务,408
593,实时推理任务,19
593,批量推理任务,139
594,人工智能训练任务,438
594,实时推理任务,38
594,批量推理任务,102
595,人工智能训练任务,587
595,实时推理任务,43
595,批量推理任务,23
596,人工智能训练任务,793
596,实时推理任务,24
596,批量推理任务,159
597,人工智能训练任务,387
597,实时推理任务,51
597,批量推理任务,82
598,人工智能训练任务,461
598,实时推理任务,32
598,批量推理任务,61
599,人工智能训练任务,357
599,实时推理任务,16
599,批量推理任务,94
600,人工智能训练任务,686
600,实时推理任务,30
600,批量推理任务,117
601,人工智能训练任务,641
601,实时推理任务,20
601,批量推理任务,94
602,人工智能训练任务,279
602,实时推理任务,24
602,批量推理任务,120
603,人工智能训练任务,814
603,实时推理任务,38
603,批量推理任务,142
604,人工智能训练任务,612
604,实时推理任务,9
604,批量推理任务,152
605,人工智能训练任务,805
605,实时推理任务,36
605,批量推理任务,107
606,人工智能训练任务,484
606,实时推理任务,29
606,批量推理任务,88
607,人工智能训练任务,296
607,实时推理任务,21
607,批量推理任务,115
608,人工智能训练任务,661
608,实时推理任务,54
608,批量推理任务,85
609,人工智能训练任务,368
609,实时推理任务,56
609,批量推理任务,63
610,人工智能训练任务,784
610,实时推理任务,39
610,批量推理任务,106
611,人工智能训练任务,636
611,实时推理任务,35
611,批量推理任务,99
612,人工智能训练任务,659
612,实时推理任务,30
612,批量推理任务,89
613,人工智能训练任务,586
613,实时推理任务,25
613,批量推理任务,71
614,人工智能训练任务,498
614,实时推理任务,57
614,批量推理任务,64
615,人工智能训练任务,316
615,实时推理任务,20
615,批量推理任务,85
616,人工智能训练任务,334
616,实时推理任务,52
616,批量推理任务,95
617,人工智能训练任务,294
617,实时推理任务,32
617,批量推理任务,81
618,人工智能训练任务,738
618,实时推理任务,28
618,批量推理任务,75
619,人工智能训练任务,265
619,实时推理任务,27
619,批量推理任务,120
620,人工智能训练任务,344
620,实时推理任务,14
620,批量推理任务,99
621,人工智能训练任务,446
621,实时推理任务,45
621,批量推理任务,151
622,人工智能训练任务,819
622,实时推理任务,27
622,批量推理任务,29
623,人工智能训练任务,493
623,实时推理任务,29
623,批量推理任务,101
624,人工智能训练任务,727
624,实时推理任务,30
624,批量推理任务,58
625,人工智能训练任务,559
625,实时推理任务,18
625,批量推理任务,108
626,人工智能训练任务,303
626,实时推理任务,31
626,批量推理任务,63
627,人工智能训练任务,844
627,实时推理任务,20
627,批量推理任务,71
628,人工智能训练任务,401
628,实时推理任务,26
628,批量推理任务,117
629,人工智能训练任务,382
629,实时推理任务,13
629,批量推理任务,69
630,人工智能训练任务,491
630,实时推理任务,44
630,批量推理任务,81
631,人工智能训练任务,649
631,实时推理任务,43
631,批量推理任务,103
632,人工智能训练任务,359
632,实时推理任务,23
632,批量推理任务,185
633,人工智能训练任务,800
633,实时推理任务,76
633,批量推理任务,116
634,人工智能训练任务,944
634,实时推理任务,29
634,批量推理任务,31
635,人工智能训练任务,657
635,实时推理任务,26
635,批量推理任务,87
636,人工智能训练任务,204
636,实时推理任务,31
636,批量推理任务,68
637,人工智能训练任务,621
637,实时推理任务,37
637,批量推理任务,62
638,人工智能训练任务,363
638,实时推理任务,35
638,批量推理任务,43
639,人工智能训练任务,413
639,实时推理任务,21
639,批量推理任务,142
640,人工智能训练任务,555
640,实时推理任务,25
640,批量推理任务,140
641,人工智能训练任务,370
641,实时推理任务,43
641,批量推理任务,108
642,人工智能训练任务,405
642,实时推理任务,39
642,批量推理任务,178
643,人工智能训练任务,233
643,实时推理任务,34
643,批量推理任务,89
644,人工智能训练任务,276
644,实时推理任务,18
644,批量推理任务,66
645,人工智能训练任务,588
645,实时推理任务,20
645,批量推理任务,106
646,人工智能训练任务,327
646,实时推理任务,33
646,批量推理任务,96
647,人工智能训练任务,330
647,实时推理任务,10
647,批量推理任务,109
648,人工智能训练任务,447
648,实时推理任务,34
648,批量推理任务,112
649,人工智能训练任务,471
649,实时推理任务,21
649,批量推理任务,72
650,人工智能训练任务,226
650,实时推理任务,21
650,批量推理任务,86
651,人工智能训练任务,671
651,实时推理任务,18
651,批量推理任务,53
652,人工智能训练任务,614
652,实时推理任务,34
652,批量推理任务,161
653,人工智能训练任务,257
653,实时推理任务,33
653,批量推理任务,89
654,人工智能训练任务,647
654,实时推理任务,19
654,批量推理任务,126
655,人工智能训练任务,761
655,实时推理任务,35
655,批量推理任务,65
656,人工智能训练任务,493
656,实时推理任务,28
656,批量推理任务,143
657,人工智能训练任务,306
657,实时推理任务,11
657,批量推理任务,37
658,人工智能训练任务,382
658,实时推理任务,33
658,批量推理任务,10
659,人工智能训练任务,659
659,实时推理任务,38
659,批量推理任务,66
660,人工智能训练任务,764
660,实时推理任务,12
660,批量推理任务,72
661,人工智能训练任务,427
661,实时推理任务,61
661,批量推理任务,40
662,人工智能训练任务,270
662,实时推理任务,32
662,批量推理任务,145
663,人工智能训练任务,477
663,实时推理任务,36
663,批量推理任务,99
664,人工智能训练任务,370
664,实时推理任务,28
664,批量推理任务,57
665,人工智能训练任务,443
665,实时推理任务,13
665,批量推理任务,123
666,人工智能训练任务,344
666,实时推理任务,20
666,批量推理任务,104
667,人工智能训练任务,372
667,实时推理任务,43
667,批量推理任务,102
668,人工智能训练任务,225
668,实时推理任务,16
668,批量推理任务,120
669,人工智能训练任务,540
669,实时推理任务,36
669,批量推理任务,127
670,人工智能训练任务,187
670,实时推理任务,15
670,批量推理任务,116
671,人工智能训练任务,853
671,实时推理任务,8
671,批量推理任务,66
672,人工智能训练任务,596
672,实时推理任务,30
672,批量推理任务,103
673,人工智能训练任务,348
673,实时推理任务,12
673,批量推理任务,141
674,人工智能训练任务,777
674,实时推理任务,37
674,批量推理任务,105
675,人工智能训练任务,324
675,实时推理任务,24
675,批量推理任务,152
676,人工智能训练任务,433
676,实时推理任务,26
676,批量推理任务,59
677,人工智能训练任务,250
677,实时推理任务,17
677,批量推理任务,82
678,人工智能训练任务,465
678,实时推理任务,31
678,批量推理任务,126
679,人工智能训练任务,740
679,实时推理任务,17
679,批量推理任务,57
680,人工智能训练任务,439
680,实时推理任务,18
680,批量推理任务,49
681,人工智能训练任务,906
681,实时推理任务,29
681,批量推理任务,52
682,人工智能训练任务,557
682,实时推理任务,17
682,批量推理任务,9
683,人工智能训练任务,735
683,实时推理任务,47
683,批量推理任务,83
684,人工智能训练任务,453
684,实时推理任务,23
684,批量推理任务,146
685,人工智能训练任务,461
685,实时推理任务,25
685,批量推理任务,42
686,人工智能训练任务,650
686,实时推理任务,11
686,批量推理任务,154
687,人工智能训练任务,600
687,实时推理任务,26
687,批量推理任务,65
688,人工智能训练任务,483
688,实时推理任务,27
688,批量推理任务,71
689,人工智能训练任务,502
689,实时推理任务,15
689,批量推理任务,149
690,人工智能训练任务,344
690,实时推理任务,55
690,批量推理任务,59
691,人工智能训练任务,490
691,实时推理任务,27
691,批量推理任务,83
692,人工智能训练任务,275
692,实时推理任务,15
692,批量推理任务,139
693,人工智能训练任务,529
693,实时推理任务,8
693,批量推理任务,101
694,人工智能训练任务,605
694,实时推理任务,21
694,批量推理任务,131
695,人工智能训练任务,659
695,实时推理任务,10
695,批量推理任务,108
696,人工智能训练任务,445
696,实时推理任务,21
696,批量推理任务,62
697,人工智能训练任务,474
697,实时推理任务,15
697,批量推理任务,134
698,人工智能训练任务,849
698,实时推理任务,45
698,批量推理任务,133
699,人工智能训练任务,490
699,实时推理任务,14
699,批量推理任务,68
700,人工智能训练任务,96
700,实时推理任务,44
700,批量推理任务,109
701,人工智能训练任务,484
701,实时推理任务,15
701,批量推理任务,85
702,人工智能训练任务,415
702,实时推理任务,14
702,批量推理任务,27
703,人工智能训练任务,443
703,实时推理任务,15
703,批量推理任务,118
704,人工智能训练任务,183
704,实时推理任务,17
704,批量推理任务,104
705,人工智能训练任务,606
705,实时推理任务,39
705,批量推理任务,59
706,人工智能训练任务,527
706,实时推理任务,18
706,批量推理任务,212
707,人工智能训练任务,461
707,实时推理任务,9
707,批量推理任务,143
708,人工智能训练任务,994
708,实时推理任务,27
708,批量推理任务,138
709,人工智能训练任务,386
709,实时推理任务,28
709,批量推理任务,64
710,人工智能训练任务,357
710,实时推理任务,33
710,批量推理任务,46
711,人工智能训练任务,205
711,实时推理任务,41
711,批量推理任务,71
712,人工智能训练任务,569
712,实时推理任务,20
712,批量推理任务,51
713,人工智能训练任务,1002
713,实时推理任务,36
713,批量推理任务,78
714,人工智能训练任务,491
714,实时推理任务,40
714,批量推理任务,56
715,人工智能训练任务,320
715,实时推理任务,12
715,批量推理任务,98
716,人工智能训练任务,635
716,实时推理任务,25
716,批量推理任务,90
717,人工智能训练任务,472
717,实时推理任务,38
717,批量推理任务,87
718,人工智能训练任务,355
718,实时推理任务,25
718,批量推理任务,73
719,人工智能训练任务,804
719,实时推理任务,34
719,批量推理任务,80
720,人工智能训练任务,739
720,实时推理任务,11
720,批量推理任务,79
721,人工智能训练任务,822
721,实时推理任务,25
721,批量推理任务,78
722,人工智能训练任务,153
722,实时推理任务,28
722,批量推理任务,75
723,人工智能训练任务,174
723,实时推理任务,27
723,批量推理任务,143
724,人工智能训练任务,521
724,实时推理任务,17
724,批量推理任务,153
725,人工智能训练任务,482
725,实时推理任务,41
725,批量推理任务,128
726,人工智能训练任务,358
726,实时推理任务,35
726,批量推理任务,54
727,人工智能训练任务,523
727,实时推理任务,34
727,批量推理任务,119
728,人工智能训练任务,623
728,实时推理任务,32
728,批量推理任务,104
729,人工智能训练任务,610
729,实时推理任务,25
729,批量推理任务,98
730,人工智能训练任务,380
730,实时推理任务,19
730,批量推理任务,72
731,人工智能训练任务,346
731,实时推理任务,20
731,批量推理任务,153
732,人工智能训练任务,414
732,实时推理任务,27
732,批量推理任务,152
733,人工智能训练任务,302
733,实时推理任务,20
733,批量推理任务,114
734,人工智能训练任务,192
734,实时推理任务,16
734,批量推理任务,93
735,人工智能训练任务,249
735,实时推理任务,36
735,批量推理任务,80
736,人工智能训练任务,529
736,实时推理任务,27
736,批量推理任务,83
737,人工智能训练任务,841
737,实时推理任务,24
737,批量推理任务,70
738,人工智能训练任务,703
738,实时推理任务,31
738,批量推理任务,134
739,人工智能训练任务,652
739,实时推理任务,34
739,批量推理任务,136
740,人工智能训练任务,364
740,实时推理任务,33
740,批量推理任务,80
741,人工智能训练任务,827
741,实时推理任务,48
741,批量推理任务,87
742,人工智能训练任务,477
742,实时推理任务,24
742,批量推理任务,108
743,人工智能训练任务,274
743,实时推理任务,21
743,批量推理任务,115
744,人工智能训练任务,637
744,实时推理任务,19
744,批量推理任务,46
745,人工智能训练任务,409
745,实时推理任务,25
745,批量推理任务,50
746,人工智能训练任务,514
746,实时推理任务,54
746,批量推理任务,99
747,人工智能训练任务,323
747,实时推理任务,25
747,批量推理任务,52
748,人工智能训练任务,651
748,实时推理任务,23
748,批量推理任务,97
749,人工智能训练任务,681
749,实时推理任务,23
749,批量推理任务,65
750,人工智能训练任务,305
750,实时推理任务,24
750,批量推理任务,91
751,人工智能训练任务,541
751,实时推理任务,32
751,批量推理任务,39
752,人工智能训练任务,536
752,实时推理任务,23
752,批量推理任务,120
753,人工智能训练任务,674
753,实时推理任务,37
753,批量推理任务,134
754,人工智能训练任务,319
754,实时推理任务,23
754,批量推理任务,66
755,人工智能训练任务,599
755,实时推理任务,16
755,批量推理任务,71
756,人工智能训练任务,404
756,实时推理任务,39
756,批量推理任务,145
757,人工智能训练任务,226
757,实时推理任务,26
757,批量推理任务,155
758,人工智能训练任务,396
758,实时推理任务,20
758,批量推理任务,126
759,人工智能训练任务,290
759,实时推理任务,24
759,批量推理任务,75
760,人工智能训练任务,593
760,实时推理任务,36
760,批量推理任务,144
761,人工智能训练任务,300
761,实时推理任务,18
761,批量推理任务,109
762,人工智能训练任务,485
762,实时推理任务,29
762,批量推理任务,81
763,人工智能训练任务,475
763,实时推理任务,53
763,批量推理任务,154
764,人工智能训练任务,610
764,实时推理任务,36
764,批量推理任务,61
765,人工智能训练任务,687
765,实时推理任务,11
765,批量推理任务,128
766,人工智能训练任务,358
766,实时推理任务,48
766,批量推理任务,83
767,人工智能训练任务,501
767,实时推理任务,29
767,批量推理任务,70
768,人工智能训练任务,291
768,实时推理任务,20
768,批量推理任务,123
769,人工智能训练任务,672
769,实时推理任务,29
769,批量推理任务,69
770,人工智能训练任务,405
770,实时推理任务,20
770,批量推理任务,110
771,人工智能训练任务,288
771,实时推理任务,40
771,批量推理任务,109
772,人工智能训练任务,255
772,实时推理任务,22
772,批量推理任务,130
773,人工智能训练任务,496
773,实时推理任务,48
773,批量推理任务,71
774,人工智能训练任务,614
774,实时推理任务,28
774,批量推理任务,66
775,人工智能训练任务,369
775,实时推理任务,26
775,批量推理任务,18
776,人工智能训练任务,264
776,实时推理任务,41
776,批量推理任务,69
777,人工智能训练任务,340
777,实时推理任务,59
777,批量推理任务,89
778,人工智能训练任务,669
778,实时推理任务,41
778,批量推理任务,87
779,人工智能训练任务,309
779,实时推理任务,22
779,批量推理任务,70
780,人工智能训练任务,575
780,实时推理任务,24
780,批量推理任务,87
781,人工智能训练任务,269
781,实时推理任务,39
781,批量推理任务,80
782,人工智能训练任务,495
782,实时推理任务,46
782,批量推理任务,94
783,人工智能训练任务,598
783,实时推理任务,15
783,批量推理任务,122
784,人工智能训练任务,402
784,实时推理任务,13
784,批量推理任务,74
785,人工智能训练任务,241
785,实时推理任务,6
785,批量推理任务,41
786,人工智能训练任务,504
786,实时推理任务,40
786,批量推理任务,46
787,人工智能训练任务,868
787,实时推理任务,36
787,批量推理任务,89
788,人工智能训练任务,402
788,实时推理任务,38
788,批量推理任务,79
789,人工智能训练任务,616
789,实时推理任务,18
789,批量推理任务,114
790,人工智能训练任务,367
790,实时推理任务,28
790,批量推理任务,150
791,人工智能训练任务,535
791,实时推理任务,31
791,批量推理任务,38
792,人工智能训练任务,526
792,实时推理任务,18
792,批量推理任务,99
793,人工智能训练任务,593
793,实时推理任务,21
793,批量推理任务,143
794,人工智能训练任务,479
794,实时推理任务,20
794,批量推理任务,118
795,人工智能训练任务,327
795,实时推理任务,32
795,批量推理任务,73
796,人工智能训练任务,361
796,实时推理任务,30
796,批量推理任务,154
797,人工智能训练任务,362
797,实时推理任务,43
797,批量推理任务,126
798,人工智能训练任务,532
798,实时推理任务,21
798,批量推理任务,48
799,人工智能训练任务,412
799,实时推理任务,39
799,批量推理任务,107
800,人工智能训练任务,401
800,实时推理任务,8
800,批量推理任务,62
801,人工智能训练任务,436
801,实时推理任务,21
801,批量推理任务,83
802,人工智能训练任务,349
802,实时推理任务,40
802,批量推理任务,109
803,人工智能训练任务,342
803,实时推理任务,37
803,批量推理任务,99
804,人工智能训练任务,430
804,实时推理任务,26
804,批量推理任务,190
805,人工智能训练任务,386
805,实时推理任务,33
805,批量推理任务,107
806,人工智能训练任务,379
806,实时推理任务,26
806,批量推理任务,77
807,人工智能训练任务,433
807,实时推理任务,25
807,批量推理任务,74
808,人工智能训练任务,435
808,实时推理任务,20
808,批量推理任务,26
809,人工智能训练任务,183
809,实时推理任务,21
809,批量推理任务,55
810,人工智能训练任务,486
810,实时推理任务,11
810,批量推理任务,94
811,人工智能训练任务,380
811,实时推理任务,13
811,批量推理任务,75
812,人工智能训练任务,597
812,实时推理任务,29
812,批量推理任务,50
813,人工智能训练任务,681
813,实时推理任务,21
813,批量推理任务,69
814,人工智能训练任务,272
814,实时推理任务,32
814,批量推理任务,67
815,人工智能训练任务,504
815,实时推理任务,23
815,批量推理任务,103
816,人工智能训练任务,427
816,实时推理任务,44
816,批量推理任务,77
817,人工智能训练任务,312
817,实时推理任务,30
817,批量推理任务,62
818,人工智能训练任务,556
818,实时推理任务,54
818,批量推理任务,96
819,人工智能训练任务,1019
819,实时推理任务,38
819,批量推理任务,86
820,人工智能训练任务,528
820,实时推理任务,20
820,批量推理任务,81
821,人工智能训练任务,345
821,实时推理任务,17
821,批量推理任务,72
822,人工智能训练任务,561
822,实时推理任务,23
822,批量推理任务,127
823,人工智能训练任务,460
823,实时推理任务,36
823,批量推理任务,51
824,人工智能训练任务,547
824,实时推理任务,29
824,批量推理任务,90
825,人工智能训练任务,190
825,实时推理任务,22
825,批量推理任务,43
826,人工智能训练任务,613
826,实时推理任务,26
826,批量推理任务,24
827,人工智能训练任务,403
827,实时推理任务,49
827,批量推理任务,82
828,人工智能训练任务,251
828,实时推理任务,55
828,批量推理任务,118
829,人工智能训练任务,525
829,实时推理任务,18
829,批量推理任务,43
830,人工智能训练任务,632
830,实时推理任务,30
830,批量推理任务,178
831,人工智能训练任务,488
831,实时推理任务,19
831,批量推理任务,139
832,人工智能训练任务,488
832,实时推理任务,26
832,批量推理任务,82
833,人工智能训练任务,336
833,实时推理任务,21
833,批量推理任务,67
834,人工智能训练任务,347
834,实时推理任务,17
834,批量推理任务,100
835,人工智能训练任务,344
835,实时推理任务,31
835,批量推理任务,126
836,人工智能训练任务,735
836,实时推理任务,18
836,批量推理任务,54
837,人工智能训练任务,431
837,实时推理任务,47
837,批量推理任务,91
838,人工智能训练任务,646
838,实时推理任务,16
838,批量推理任务,104
839,人工智能训练任务,475
839,实时推理任务,31
839,批量推理任务,112
840,人工智能训练任务,180
840,实时推理任务,8
840,批量推理任务,126
841,人工智能训练任务,597
841,实时推理任务,8
841,批量推理任务,53
842,人工智能训练任务,361
842,实时推理任务,46
842,批量推理任务,163
843,人工智能训练任务,713
843,实时推理任务,34
843,批量推理任务,98
844,人工智能训练任务,587
844,实时推理任务,26
844,批量推理任务,108
845,人工智能训练任务,106
845,实时推理任务,20
845,批量推理任务,49
846,人工智能训练任务,326
846,实时推理任务,32
846,批量推理任务,59
847,人工智能训练任务,641
847,实时推理任务,19
847,批量推理任务,29
848,人工智能训练任务,528
848,实时推理任务,30
848,批量推理任务,82
849,人工智能训练任务,557
849,实时推理任务,29
849,批量推理任务,58
850,人工智能训练任务,487
850,实时推理任务,21
850,批量推理任务,143
851,人工智能训练任务,374
851,实时推理任务,51
851,批量推理任务,52
852,人工智能训练任务,386
852,实时推理任务,16
852,批量推理任务,127
853,人工智能训练任务,432
853,实时推理任务,40
853,批量推理任务,89
854,人工智能训练任务,319
854,实时推理任务,32
854,批量推理任务,104
855,人工智能训练任务,418
855,实时推理任务,5
855,批量推理任务,79
856,人工智能训练任务,721
856,实时推理任务,42
856,批量推理任务,45
857,人工智能训练任务,197
857,实时推理任务,32
857,批量推理任务,87
858,人工智能训练任务,358
858,实时推理任务,52
858,批量推理任务,115
859,人工智能训练任务,711
859,实时推理任务,38
859,批量推理任务,127
860,人工智能训练任务,349
860,实时推理任务,19
860,批量推理任务,73
861,人工智能训练任务,1026
861,实时推理任务,15
861,批量推理任务,131
862,人工智能训练任务,795
862,实时推理任务,20
862,批量推理任务,77
863,人工智能训练任务,390
863,实时推理任务,42
863,批量推理任务,98
864,人工智能训练任务,63
864,实时推理任务,33
864,批量推理任务,81
865,人工智能训练任务,403
865,实时推理任务,38
865,批量推理任务,70
866,人工智能训练任务,180
866,实时推理任务,28
866,批量推理任务,35
867,人工智能训练任务,527
867,实时推理任务,15
867,批量推理任务,140
868,人工智能训练任务,683
868,实时推理任务,39
868,批量推理任务,78
869,人工智能训练任务,732
869,实时推理任务,19
869,批量推理任务,101
870,人工智能训练任务,714
870,实时推理任务,14
870,批量推理任务,97
871,人工智能训练任务,557
871,实时推理任务,7
871,批量推理任务,124
872,人工智能训练任务,416
872,实时推理任务,18
872,批量推理任务,121
873,人工智能训练任务,511
873,实时推理任务,24
873,批量推理任务,127
874,人工智能训练任务,187
874,实时推理任务,17
874,批量推理任务,127
875,人工智能训练任务,280
875,实时推理任务,43
875,批量推理任务,65
876,人工智能训练任务,266
876,实时推理任务,18
876,批量推理任务,105
877,人工智能训练任务,845
877,实时推理任务,35
877,批量推理任务,28
878,人工智能训练任务,75
878,实时推理任务,17
878,批量推理任务,123
879,人工智能训练任务,834
879,实时推理任务,15
879,批量推理任务,158
880,人工智能训练任务,539
880,实时推理任务,16
880,批量推理任务,40
881,人工智能训练任务,370
881,实时推理任务,44
881,批量推理任务,75
882,人工智能训练任务,661
882,实时推理任务,39
882,批量推理任务,81
883,人工智能训练任务,458
883,实时推理任务,18
883,批量推理任务,117
884,人工智能训练任务,472
884,实时推理任务,15
884,批量推理任务,24
885,人工智能训练任务,488
885,实时推理任务,42
885,批量推理任务,46
886,人工智能训练任务,195
886,实时推理任务,50
886,批量推理任务,130
887,人工智能训练任务,423
887,实时推理任务,41
887,批量推理任务,230
888,人工智能训练任务,262
888,实时推理任务,77
888,批量推理任务,55
889,人工智能训练任务,756
889,实时推理任务,28
889,批量推理任务,93
890,人工智能训练任务,532
890,实时推理任务,13
890,批量推理任务,53
891,人工智能训练任务,536
891,实时推理任务,48
891,批量推理任务,113
892,人工智能训练任务,556
892,实时推理任务,67
892,批量推理任务,144
893,人工智能训练任务,464
893,实时推理任务,36
893,批量推理任务,71
894,人工智能训练任务,431
894,实时推理任务,37
894,批量推理任务,71
895,人工智能训练任务,515
895,实时推理任务,25
895,批量推理任务,5
896,人工智能训练任务,619
896,实时推理任务,36
896,批量推理任务,93
897,人工智能训练任务,412
897,实时推理任务,45
897,批量推理任务,106
898,人工智能训练任务,280
898,实时推理任务,10
898,批量推理任务,129
899,人工智能训练任务,489
899,实时推理任务,23
899,批量推理任务,60
900,人工智能训练任务,401
900,实时推理任务,5
900,批量推理任务,134
901,人工智能训练任务,157
901,实时推理任务,41
901,批量推理任务,90
902,人工智能训练任务,766
902,实时推理任务,31
902,批量推理任务,150
903,人工智能训练任务,239
903,实时推理任务,36
903,批量推理任务,97
904,人工智能训练任务,320
904,实时推理任务,18
904,批量推理任务,82
905,人工智能训练任务,343
905,实时推理任务,42
905,批量推理任务,43
906,人工智能训练任务,477
906,实时推理任务,18
906,批量推理任务,180
907,人工智能训练任务,329
907,实时推理任务,31
907,批量推理任务,54
908,人工智能训练任务,280
908,实时推理任务,25
908,批量推理任务,68
909,人工智能训练任务,1030
909,实时推理任务,12
909,批量推理任务,106
910,人工智能训练任务,571
910,实时推理任务,24
910,批量推理任务,110
911,人工智能训练任务,1061
911,实时推理任务,38
911,批量推理任务,50
912,人工智能训练任务,443
912,实时推理任务,50
912,批量推理任务,116
913,人工智能训练任务,908
913,实时推理任务,39
913,批量推理任务,51
914,人工智能训练任务,524
914,实时推理任务,41
914,批量推理任务,121
915,人工智能训练任务,212
915,实时推理任务,37
915,批量推理任务,82
916,人工智能训练任务,611
916,实时推理任务,6
916,批量推理任务,142
917,人工智能训练任务,464
917,实时推理任务,23
917,批量推理任务,91
918,人工智能训练任务,454
918,实时推理任务,21
918,批量推理任务,87
919,人工智能训练任务,438
919,实时推理任务,41
919,批量推理任务,89
920,人工智能训练任务,582
920,实时推理任务,25
920,批量推理任务,52
921,人工智能训练任务,631
921,实时推理任务,39
921,批量推理任务,34
922,人工智能训练任务,226
922,实时推理任务,29
922,批量推理任务,72
923,人工智能训练任务,682
923,实时推理任务,3
923,批量推理任务,70
924,人工智能训练任务,293
924,实时推理任务,26
924,批量推理任务,55
925,人工智能训练任务,590
925,实时推理任务,14
925,批量推理任务,54
926,人工智能训练任务,215
926,实时推理任务,40
926,批量推理任务,15
927,人工智能训练任务,404
927,实时推理任务,29
927,批量推理任务,81
928,人工智能训练任务,746
928,实时推理任务,38
928,批量推理任务,54
929,人工智能训练任务,187
929,实时推理任务,35
929,批量推理任务,134
930,人工智能训练任务,451
930,实时推理任务,48
930,批量推理任务,57
931,人工智能训练任务,403
931,实时推理任务,39
931,批量推理任务,137
932,人工智能训练任务,503
932,实时推理任务,8
932,批量推理任务,117
933,人工智能训练任务,608
933,实时推理任务,45
933,批量推理任务,183
934,人工智能训练任务,336
934,实时推理任务,26
934,批量推理任务,96
935,人工智能训练任务,453
935,实时推理任务,34
935,批量推理任务,68
936,人工智能训练任务,786
936,实时推理任务,32
936,批量推理任务,77
937,人工智能训练任务,72
937,实时推理任务,26
937,批量推理任务,184
938,人工智能训练任务,351
938,实时推理任务,34
938,批量推理任务,103
939,人工智能训练任务,259
939,实时推理任务,13
939,批量推理任务,109
940,人工智能训练任务,818
940,实时推理任务,26
940,批量推理任务,33
941,人工智能训练任务,651
941,实时推理任务,18
941,批量推理任务,24
942,人工智能训练任务,657
942,实时推理任务,30
942,批量推理任务,101
943,人工智能训练任务,946
943,实时推理任务,2
943,批量推理任务,76
944,人工智能训练任务,727
944,实时推理任务,23
944,批量推理任务,81
945,人工智能训练任务,278
945,实时推理任务,24
945,批量推理任务,60
946,人工智能训练任务,451
946,实时推理任务,33
946,批量推理任务,64
947,人工智能训练任务,830
947,实时推理任务,26
947,批量推理任务,51
948,人工智能训练任务,562
948,实时推理任务,21
948,批量推理任务,59
949,人工智能训练任务,153
949,实时推理任务,41
949,批量推理任务,170
950,人工智能训练任务,370
950,实时推理任务,27
950,批量推理任务,196
951,人工智能训练任务,617
951,实时推理任务,31
951,批量推理任务,88
952,人工智能训练任务,804
952,实时推理任务,43
952,批量推理任务,139
953,人工智能训练任务,537
953,实时推理任务,27
953,批量推理任务,103
954,人工智能训练任务,411
954,实时推理任务,41
954,批量推理任务,58
955,人工智能训练任务,323
955,实时推理任务,24
955,批量推理任务,98
956,人工智能训练任务,153
956,实时推理任务,28
956,批量推理任务,59
957,人工智能训练任务,403
957,实时推理任务,20
957,批量推理任务,172
958,人工智能训练任务,323
958,实时推理任务,16
958,批量推理任务,123
959,人工智能训练任务,427
959,实时推理任务,35
959,批量推理任务,75
960,人工智能训练任务,563
960,实时推理任务,16
960,批量推理任务,73
961,人工智能训练任务,461
961,实时推理任务,51
961,批量推理任务,35
962,人工智能训练任务,529
962,实时推理任务,56
962,批量推理任务,95
963,人工智能训练任务,438
963,实时推理任务,45
963,批量推理任务,132
964,人工智能训练任务,312
964,实时推理任务,24
964,批量推理任务,83
965,人工智能训练任务,416
965,实时推理任务,29
965,批量推理任务,148
966,人工智能训练任务,517
966,实时推理任务,40
966,批量推理任务,93
967,人工智能训练任务,643
967,实时推理任务,16
967,批量推理任务,184
968,人工智能训练任务,635
968,实时推理任务,25
968,批量推理任务,69
969,人工智能训练任务,691
969,实时推理任务,8
969,批量推理任务,111
970,人工智能训练任务,503
970,实时推理任务,19
970,批量推理任务,49
971,人工智能训练任务,430
971,实时推理任务,25
971,批量推理任务,38
972,人工智能训练任务,521
972,实时推理任务,18
972,批量推理任务,55
973,人工智能训练任务,337
973,实时推理任务,39
973,批量推理任务,143
974,实时推理任务,20
974,批量推理任务,54
975,人工智能训练任务,106
975,实时推理任务,28
975,批量推理任务,115
976,人工智能训练任务,210
976,实时推理任务,17
976,批量推理任务,89
977,人工智能训练任务,563
977,实时推理任务,20
977,批量推理任务,89
978,人工智能训练任务,372
978,实时推理任务,22
978,批量推理任务,68
979,人工智能训练任务,520
979,实时推理任务,29
979,批量推理任务,59
980,人工智能训练任务,935
980,实时推理任务,21
980,批量推理任务,67
981,人工智能训练任务,175
981,实时推理任务,32
981,批量推理任务,110
982,人工智能训练任务,291
982,实时推理任务,35
982,批量推理任务,56
983,人工智能训练任务,555
983,实时推理任务,20
983,批量推理任务,50
984,人工智能训练任务,273
984,实时推理任务,28
984,批量推理任务,97
985,人工智能训练任务,489
985,实时推理任务,35
985,批量推理任务,78
986,人工智能训练任务,379
986,实时推理任务,35
986,批量推理任务,105
987,人工智能训练任务,446
987,实时推理任务,32
987,批量推理任务,94
988,人工智能训练任务,96
988,实时推理任务,4
988,批量推理任务,92
989,人工智能训练任务,500
989,实时推理任务,13
989,批量推理任务,58
990,人工智能训练任务,702
990,实时推理任务,22
990,批量推理任务,79
991,人工智能训练任务,907
991,实时推理任务,28
991,批量推理任务,174
992,人工智能训练任务,775
992,实时推理任务,29
992,批量推理任务,176
993,人工智能训练任务,437
993,实时推理任务,23
993,批量推理任务,69
994,人工智能训练任务,188
994,实时推理任务,44
994,批量推理任务,58
995,人工智能训练任务,121
995,实时推理任务,31
995,批量推理任务,63
996,人工智能训练任务,413
996,实时推理任务,13
996,批量推理任务,165
997,人工智能训练任务,138
997,实时推理任务,26
997,批量推理任务,82
998,人工智能训练任务,551
998,实时推理任务,48
998,批量推理任务,140
999,人工智能训练任务,594
999,实时推理任务,27
999,批量推理任务,110
1000,人工智能训练任务,375
1000,实时推理任务,21
1000,批量推理任务,192
1001,人工智能训练任务,639
1001,实时推理任务,47
1001,批量推理任务,70
1002,人工智能训练任务,930
1002,实时推理任务,28
1002,批量推理任务,54
1003,人工智能训练任务,319
1003,实时推理任务,31
1003,批量推理任务,82
1004,人工智能训练任务,426
1004,实时推理任务,17
1004,批量推理任务,47
1005,人工智能训练任务,629
1005,实时推理任务,13
1005,批量推理任务,158
1006,人工智能训练任务,569
1006,实时推理任务,62
1006,批量推理任务,70
1007,人工智能训练任务,282
1007,实时推理任务,31
1007,批量推理任务,123
1008,人工智能训练任务,428
1008,实时推理任务,34
1008,批量推理任务,50
1009,人工智能训练任务,622
1009,实时推理任务,30
1009,批量推理任务,90
1010,人工智能训练任务,681
1010,实时推理任务,15
1010,批量推理任务,126
1011,人工智能训练任务,589
1011,实时推理任务,21
1011,批量推理任务,132
1012,人工智能训练任务,527
1012,实时推理任务,41
1012,批量推理任务,86
1013,人工智能训练任务,429
1013,实时推理任务,32
1013,批量推理任务,81
1014,人工智能训练任务,595
1014,实时推理任务,14
1014,批量推理任务,109
1015,人工智能训练任务,287
1015,实时推理任务,24
1015,批量推理任务,24
1016,人工智能训练任务,602
1016,实时推理任务,58
1016,批量推理任务,165
1017,人工智能训练任务,372
1017,实时推理任务,39
1017,批量推理任务,112
1018,人工智能训练任务,390
1018,实时推理任务,36
1018,批量推理任务,159
1019,人工智能训练任务,583
1019,实时推理任务,32
1019,批量推理任务,110
1020,人工智能训练任务,219
1020,实时推理任务,26
1020,批量推理任务,120
1021,人工智能训练任务,315
1021,实时推理任务,14
1021,批量推理任务,137
1022,人工智能训练任务,488
1022,实时推理任务,51
1022,批量推理任务,58
1023,人工智能训练任务,427
1023,实时推理任务,46
1023,批量推理任务,105
1024,人工智能训练任务,861
1024,实时推理任务,42
1024,批量推理任务,108
1025,人工智能训练任务,892
1025,实时推理任务,34
1025,批量推理任务,60
1026,人工智能训练任务,917
1026,实时推理任务,10
1026,批量推理任务,115
1027,人工智能训练任务,462
1027,实时推理任务,8
1027,批量推理任务,112
1028,人工智能训练任务,380
1028,实时推理任务,43
1028,批量推理任务,80
1029,人工智能训练任务,351
1029,实时推理任务,25
1029,批量推理任务,84
1030,人工智能训练任务,272
1030,实时推理任务,23
1030,批量推理任务,82
1031,人工智能训练任务,352
1031,实时推理任务,48
1031,批量推理任务,36
1032,人工智能训练任务,810
1032,实时推理任务,21
1032,批量推理任务,125
1033,人工智能训练任务,448
1033,实时推理任务,29
1033,批量推理任务,116
1034,人工智能训练任务,584
1034,实时推理任务,29
1034,批量推理任务,44
1035,人工智能训练任务,605
1035,实时推理任务,46
1035,批量推理任务,61
1036,人工智能训练任务,595
1036,实时推理任务,12
1036,批量推理任务,115
1037,人工智能训练任务,272
1037,实时推理任务,10
1037,批量推理任务,28
1038,实时推理任务,36
1038,批量推理任务,80
1039,人工智能训练任务,399
1039,实时推理任务,25
1039,批量推理任务,65
1040,人工智能训练任务,587
1040,实时推理任务,13
1040,批量推理任务,27
1041,人工智能训练任务,494
1041,实时推理任务,31
1041,批量推理任务,85
1042,人工智能训练任务,400
1042,实时推理任务,40
1042,批量推理任务,56
1043,人工智能训练任务,446
1043,实时推理任务,45
1043,批量推理任务,78
1044,人工智能训练任务,557
1044,实时推理任务,9
1044,批量推理任务,80
1045,人工智能训练任务,486
1045,实时推理任务,41
1045,批量推理任务,143
1046,人工智能训练任务,492
1046,实时推理任务,50
1046,批量推理任务,108
1047,人工智能训练任务,743
1047,实时推理任务,50
1047,批量推理任务,38
1048,人工智能训练任务,296
1048,实时推理任务,53
1048,批量推理任务,76
1049,人工智能训练任务,364
1049,实时推理任务,43
1049,批量推理任务,31
1050,人工智能训练任务,584
1050,实时推理任务,6
1050,批量推理任务,96
1051,人工智能训练任务,353
1051,实时推理任务,13
1051,批量推理任务,98
1052,人工智能训练任务,165
1052,实时推理任务,17
1052,批量推理任务,143
1053,人工智能训练任务,868
1053,实时推理任务,24
1053,批量推理任务,148
1054,人工智能训练任务,559
1054,实时推理任务,23
1054,批量推理任务,99
1055,人工智能训练任务,446
1055,实时推理任务,28
1055,批量推理任务,71
1056,人工智能训练任务,562
1056,实时推理任务,16
1056,批量推理任务,108
1057,人工智能训练任务,414
1057,实时推理任务,47
1057,批量推理任务,194
1058,人工智能训练任务,270
1058,实时推理任务,36
1058,批量推理任务,68
1059,人工智能训练任务,573
1059,实时推理任务,42
1059,批量推理任务,121
1060,人工智能训练任务,377
1060,实时推理任务,7
1060,批量推理任务,84
1061,人工智能训练任务,381
1061,实时推理任务,40
1061,批量推理任务,87
1062,人工智能训练任务,226
1062,实时推理任务,26
1062,批量推理任务,40
1063,人工智能训练任务,596
1063,实时推理任务,42
1063,批量推理任务,141
1064,人工智能训练任务,288
1064,实时推理任务,18
1064,批量推理任务,69
1065,人工智能训练任务,335
1065,实时推理任务,32
1065,批量推理任务,122
1066,人工智能训练任务,395
1066,实时推理任务,45
1066,批量推理任务,111
1067,人工智能训练任务,331
1067,实时推理任务,19
1067,批量推理任务,124
1068,人工智能训练任务,365
1068,实时推理任务,30
1068,批量推理任务,160
1069,人工智能训练任务,514
1069,实时推理任务,37
1069,批量推理任务,124
1070,人工智能训练任务,305
1070,实时推理任务,27
1070,批量推理任务,57
1071,人工智能训练任务,639
1071,实时推理任务,36
1071,批量推理任务,111
1072,人工智能训练任务,798
1072,实时推理任务,46
1072,批量推理任务,134
1073,人工智能训练任务,258
1073,实时推理任务,33
1073,批量推理任务,89
1074,人工智能训练任务,494
1074,实时推理任务,30
1074,批量推理任务,59
1075,人工智能训练任务,372
1075,实时推理任务,59
1075,批量推理任务,74
1076,人工智能训练任务,824
1076,实时推理任务,31
1076,批量推理任务,128
1077,人工智能训练任务,439
1077,实时推理任务,8
1077,批量推理任务,72
1078,人工智能训练任务,456
1078,实时推理任务,24
1078,批量推理任务,45
1079,人工智能训练任务,550
1079,实时推理任务,20
1079,批量推理任务,121
1080,人工智能训练任务,244
1080,实时推理任务,49
1080,批量推理任务,76
1081,人工智能训练任务,354
1081,实时推理任务,12
1081,批量推理任务,98
1082,人工智能训练任务,297
1082,实时推理任务,26
1082,批量推理任务,40
1083,人工智能训练任务,512
1083,实时推理任务,56
1083,批量推理任务,47
1084,人工智能训练任务,433
1084,实时推理任务,14
1084,批量推理任务,111
1085,人工智能训练任务,404
1085,实时推理任务,18
1085,批量推理任务,75
1086,人工智能训练任务,777
1086,实时推理任务,39
1086,批量推理任务,82
1087,人工智能训练任务,293
1087,实时推理任务,31
1087,批量推理任务,44
1088,人工智能训练任务,606
1088,实时推理任务,18
1088,批量推理任务,37
1089,人工智能训练任务,766
1089,实时推理任务,16
1089,批量推理任务,66
1090,人工智能训练任务,599
1090,实时推理任务,40
1090,批量推理任务,44
1091,人工智能训练任务,434
1091,实时推理任务,24
1091,批量推理任务,58
1092,人工智能训练任务,541
1092,实时推理任务,7
1092,批量推理任务,86
1093,人工智能训练任务,662
1093,实时推理任务,14
1093,批量推理任务,71
1094,人工智能训练任务,417
1094,实时推理任务,26
1094,批量推理任务,94
1095,人工智能训练任务,528
1095,实时推理任务,19
1095,批量推理任务,70
1096,人工智能训练任务,513
1096,实时推理任务,48
1096,批量推理任务,119
1097,人工智能训练任务,50
1097,实时推理任务,49
1097,批量推理任务,104
1098,人工智能训练任务,358
1098,实时推理任务,18
1098,批量推理任务,152
1099,人工智能训练任务,625
1099,实时推理任务,21
1099,批量推理任务,111
1100,人工智能训练任务,588
1100,实时推理任务,41
1100,批量推理任务,115
1101,人工智能训练任务,602
1101,实时推理任务,11
1101,批量推理任务,148
1102,人工智能训练任务,261
1102,实时推理任务,31
1102,批量推理任务,81
1103,人工智能训练任务,812
1103,实时推理任务,16
1103,批量推理任务,158
1104,人工智能训练任务,525
1104,实时推理任务,24
1104,批量推理任务,87
1105,人工智能训练任务,209
1105,实时推理任务,39
1105,批量推理任务,34
1106,人工智能训练任务,523
1106,实时推理任务,18
1106,批量推理任务,72
1107,人工智能训练任务,706
1107,实时推理任务,33
1107,批量推理任务,155
1108,人工智能训练任务,695
1108,实时推理任务,43
1108,批量推理任务,95
1109,人工智能训练任务,391
1109,实时推理任务,16
1109,批量推理任务,84
1110,人工智能训练任务,336
1110,实时推理任务,23
1110,批量推理任务,120
1111,人工智能训练任务,484
1111,实时推理任务,19
1111,批量推理任务,141
1112,人工智能训练任务,743
1112,实时推理任务,20
1112,批量推理任务,119
1113,人工智能训练任务,594
1113,实时推理任务,18
1113,批量推理任务,97
1114,人工智能训练任务,695
1114,实时推理任务,29
1114,批量推理任务,83
1115,人工智能训练任务,296
1115,实时推理任务,33
1115,批量推理任务,54
1116,人工智能训练任务,674
1116,实时推理任务,31
1116,批量推理任务,191
1117,人工智能训练任务,451
1117,实时推理任务,15
1117,批量推理任务,58
1118,人工智能训练任务,562
1118,实时推理任务,28
1118,批量推理任务,25
1119,人工智能训练任务,1069
1119,实时推理任务,19
1119,批量推理任务,174
1120,人工智能训练任务,374
1120,实时推理任务,22
1120,批量推理任务,46
1121,人工智能训练任务,710
1121,实时推理任务,40
1121,批量推理任务,96
1122,人工智能训练任务,373
1122,实时推理任务,30
1122,批量推理任务,56
1123,人工智能训练任务,395
1123,实时推理任务,51
1123,批量推理任务,34
1124,人工智能训练任务,459
1124,实时推理任务,25
1124,批量推理任务,79
1125,人工智能训练任务,303
1125,实时推理任务,10
1125,批量推理任务,90
1126,人工智能训练任务,318
1126,实时推理任务,20
1126,批量推理任务,80
1127,人工智能训练任务,479
1127,实时推理任务,18
1127,批量推理任务,82
1128,人工智能训练任务,557
1128,实时推理任务,28
1128,批量推理任务,101
1129,人工智能训练任务,28
1129,实时推理任务,19
1129,批量推理任务,49
1130,人工智能训练任务,499
1130,实时推理任务,32
1130,批量推理任务,72
1131,人工智能训练任务,307
1131,实时推理任务,34
1131,批量推理任务,142
1132,人工智能训练任务,292
1132,实时推理任务,29
1132,批量推理任务,96
1133,人工智能训练任务,237
1133,实时推理任务,33
1133,批量推理任务,61
1134,人工智能训练任务,462
1134,实时推理任务,36
1134,批量推理任务,56
1135,人工智能训练任务,319
1135,实时推理任务,54
1135,批量推理任务,63
1136,人工智能训练任务,433
1136,实时推理任务,30
1136,批量推理任务,70
1137,人工智能训练任务,660
1137,实时推理任务,15
1137,批量推理任务,84
1138,人工智能训练任务,385
1138,实时推理任务,30
1138,批量推理任务,88
1139,人工智能训练任务,824
1139,实时推理任务,27
1139,批量推理任务,181
1140,人工智能训练任务,603
1140,实时推理任务,28
1140,批量推理任务,88
1141,人工智能训练任务,451
1141,实时推理任务,31
1141,批量推理任务,77
1142,人工智能训练任务,391
1142,实时推理任务,34
1142,批量推理任务,82
1143,人工智能训练任务,356
1143,实时推理任务,26
1143,批量推理任务,80
1144,人工智能训练任务,811
1144,实时推理任务,40
1144,批量推理任务,72
1145,人工智能训练任务,470
1145,实时推理任务,40
1145,批量推理任务,68
1146,人工智能训练任务,617
1146,实时推理任务,18
1146,批量推理任务,77
1147,人工智能训练任务,511
1147,实时推理任务,16
1147,批量推理任务,68
1148,人工智能训练任务,465
1148,实时推理任务,48
1148,批量推理任务,45
1149,人工智能训练任务,535
1149,实时推理任务,36
1150,人工智能训练任务,550
1150,实时推理任务,25
1150,批量推理任务,88
1151,人工智能训练任务,448
1151,实时推理任务,22
1151,批量推理任务,31
1152,人工智能训练任务,228
1152,实时推理任务,38
1152,批量推理任务,113
1153,人工智能训练任务,643
1153,实时推理任务,11
1153,批量推理任务,156
1154,人工智能训练任务,653
1154,实时推理任务,33
1154,批量推理任务,148
1155,人工智能训练任务,301
1155,实时推理任务,20
1155,批量推理任务,71
1156,人工智能训练任务,388
1156,实时推理任务,36
1156,批量推理任务,97
1157,人工智能训练任务,312
1157,实时推理任务,31
1157,批量推理任务,62
1158,人工智能训练任务,149
1158,实时推理任务,56
1158,批量推理任务,63
1159,人工智能训练任务,818
1159,实时推理任务,22
1159,批量推理任务,116
1160,人工智能训练任务,302
1160,实时推理任务,38
1160,批量推理任务,80
1161,人工智能训练任务,357
1161,实时推理任务,18
1161,批量推理任务,119
1162,人工智能训练任务,738
1162,实时推理任务,23
1162,批量推理任务,62
1163,人工智能训练任务,340
1163,实时推理任务,21
1163,批量推理任务,89
1164,人工智能训练任务,511
1164,实时推理任务,26
1164,批量推理任务,46
1165,人工智能训练任务,391
1165,实时推理任务,48
1165,批量推理任务,79
1166,人工智能训练任务,110
1166,实时推理任务,34
1166,批量推理任务,110
1167,人工智能训练任务,471
1167,实时推理任务,42
1167,批量推理任务,141
1168,人工智能训练任务,548
1168,实时推理任务,23
1168,批量推理任务,30
1169,人工智能训练任务,188
1169,实时推理任务,31
1169,批量推理任务,122
1170,人工智能训练任务,433
1170,实时推理任务,23
1170,批量推理任务,93
1171,人工智能训练任务,344
1171,实时推理任务,1
1171,批量推理任务,61
1172,人工智能训练任务,77
1172,实时推理任务,18
1172,批量推理任务,104
1173,人工智能训练任务,524
1173,实时推理任务,19
1173,批量推理任务,164
1174,人工智能训练任务,695
1174,实时推理任务,23
1174,批量推理任务,101
1175,人工智能训练任务,470
1175,实时推理任务,31
1175,批量推理任务,76
1176,人工智能训练任务,487
1176,实时推理任务,27
1176,批量推理任务,92
1177,人工智能训练任务,526
1177,实时推理任务,13
1177,批量推理任务,58
1178,人工智能训练任务,674
1178,实时推理任务,20
1178,批量推理任务,70
1179,人工智能训练任务,774
1179,实时推理任务,29
1179,批量推理任务,105
1180,人工智能训练任务,337
1180,实时推理任务,12
1180,批量推理任务,82
1181,人工智能训练任务,516
1181,实时推理任务,34
1181,批量推理任务,108
1182,人工智能训练任务,522
1182,实时推理任务,34
1182,批量推理任务,74
1183,人工智能训练任务,742
1183,实时推理任务,15
1183,批量推理任务,146
1184,人工智能训练任务,472
1184,实时推理任务,30
1184,批量推理任务,28
1185,人工智能训练任务,762
1185,实时推理任务,12
1185,批量推理任务,76
1186,人工智能训练任务,471
1186,实时推理任务,18
1186,批量推理任务,50
1187,人工智能训练任务,766
1187,实时推理任务,36
1187,批量推理任务,165
1188,人工智能训练任务,280
1188,实时推理任务,20
1188,批量推理任务,109
1189,人工智能训练任务,381
1189,实时推理任务,6
1189,批量推理任务,53
1190,人工智能训练任务,466
1190,实时推理任务,50
1190,批量推理任务,145
1191,人工智能训练任务,559
1191,实时推理任务,39
1191,批量推理任务,95
1192,人工智能训练任务,641
1192,实时推理任务,27
1192,批量推理任务,66
1193,人工智能训练任务,740
1193,实时推理任务,4
1193,批量推理任务,144
1194,人工智能训练任务,209
1194,实时推理任务,23
1194,批量推理任务,118
1195,人工智能训练任务,668
1195,实时推理任务,42
1195,批量推理任务,127
1196,人工智能训练任务,491
1196,实时推理任务,15
1196,批量推理任务,76
1197,人工智能训练任务,448
1197,实时推理任务,28
1197,批量推理任务,108
1198,人工智能训练任务,303
1198,实时推理任务,8
1198,批量推理任务,95
1199,人工智能训练任务,346
1199,实时推理任务,22
1199,批量推理任务,59
1200,人工智能训练任务,450
1200,实时推理任务,21
1200,批量推理任务,74
1201,人工智能训练任务,581
1201,实时推理任务,35
1201,批量推理任务,131
1202,人工智能训练任务,234
1202,实时推理任务,26
1202,批量推理任务,140
1203,人工智能训练任务,868
1203,实时推理任务,15
1203,批量推理任务,74
1204,人工智能训练任务,608
1204,实时推理任务,34
1204,批量推理任务,94
1205,人工智能训练任务,169
1205,实时推理任务,32
1205,批量推理任务,96
1206,人工智能训练任务,828
1206,实时推理任务,43
1206,批量推理任务,43
1207,人工智能训练任务,108
1207,实时推理任务,30
1207,批量推理任务,119
1208,人工智能训练任务,758
1208,实时推理任务,32
1208,批量推理任务,52
1209,人工智能训练任务,390
1209,实时推理任务,32
1209,批量推理任务,88
1210,人工智能训练任务,616
1210,实时推理任务,18
1210,批量推理任务,137
1211,人工智能训练任务,1074
1211,实时推理任务,33
1211,批量推理任务,109
1212,人工智能训练任务,449
1212,实时推理任务,21
1212,批量推理任务,93
1213,人工智能训练任务,343
1213,实时推理任务,44
1213,批量推理任务,61
1214,人工智能训练任务,290
1214,实时推理任务,18
1214,批量推理任务,86
1215,人工智能训练任务,664
1215,实时推理任务,38
1215,批量推理任务,69
1216,人工智能训练任务,324
1216,实时推理任务,44
1216,批量推理任务,133
1217,人工智能训练任务,542
1217,实时推理任务,14
1217,批量推理任务,120
1218,人工智能训练任务,556
1218,实时推理任务,6
1218,批量推理任务,133
1219,人工智能训练任务,440
1219,实时推理任务,26
1219,批量推理任务,94
1220,人工智能训练任务,622
1220,实时推理任务,6
1220,批量推理任务,28
1221,人工智能训练任务,435
1221,实时推理任务,28
1221,批量推理任务,74
1222,人工智能训练任务,929
1222,实时推理任务,30
1222,批量推理任务,114
1223,人工智能训练任务,763
1223,实时推理任务,11
1223,批量推理任务,69
1224,人工智能训练任务,927
1224,实时推理任务,24
1224,批量推理任务,100
1225,人工智能训练任务,594
1225,实时推理任务,38
1225,批量推理任务,108
1226,人工智能训练任务,362
1226,实时推理任务,57
1226,批量推理任务,49
1227,人工智能训练任务,375
1227,实时推理任务,29
1227,批量推理任务,142
1228,人工智能训练任务,750
1228,实时推理任务,21
1228,批量推理任务,102
1229,人工智能训练任务,466
1229,实时推理任务,36
1229,批量推理任务,116
1230,人工智能训练任务,438
1230,实时推理任务,42
1230,批量推理任务,64
1231,人工智能训练任务,927
1231,实时推理任务,39
1231,批量推理任务,111
1232,人工智能训练任务,750
1232,实时推理任务,21
1232,批量推理任务,108
1233,人工智能训练任务,654
1233,实时推理任务,32
1233,批量推理任务,110
1234,人工智能训练任务,571
1234,实时推理任务,16
1234,批量推理任务,118
1235,人工智能训练任务,899
1235,实时推理任务,26
1235,批量推理任务,90
1236,人工智能训练任务,297
1236,实时推理任务,54
1236,批量推理任务,52
1237,人工智能训练任务,191
1237,实时推理任务,16
1237,批量推理任务,155
1238,人工智能训练任务,354
1238,实时推理任务,29
1238,批量推理任务,93
1239,人工智能训练任务,903
1239,实时推理任务,30
1239,批量推理任务,126
1240,人工智能训练任务,678
1240,实时推理任务,31
1240,批量推理任务,80
1241,人工智能训练任务,490
1241,实时推理任务,22
1241,批量推理任务,71
1242,人工智能训练任务,565
1242,实时推理任务,34
1242,批量推理任务,148
1243,人工智能训练任务,276
1243,实时推理任务,22
1243,批量推理任务,133
1244,人工智能训练任务,716
1244,实时推理任务,21
1244,批量推理任务,53
1245,人工智能训练任务,901
1245,实时推理任务,34
1245,批量推理任务,87
1246,人工智能训练任务,622
1246,实时推理任务,11
1246,批量推理任务,41
1247,人工智能训练任务,538
1247,实时推理任务,30
1247,批量推理任务,49
1248,人工智能训练任务,524
1248,实时推理任务,35
1248,批量推理任务,35
1249,人工智能训练任务,196
1249,实时推理任务,13
1249,批量推理任务,50
1250,人工智能训练任务,622
1250,实时推理任务,38
1250,批量推理任务,48
1251,人工智能训练任务,525
1251,实时推理任务,21
1251,批量推理任务,105
1252,人工智能训练任务,958
1252,实时推理任务,30
1252,批量推理任务,176
1253,人工智能训练任务,594
1253,实时推理任务,17
1253,批量推理任务,128
1254,人工智能训练任务,639
1254,实时推理任务,31
1254,批量推理任务,81
1255,人工智能训练任务,384
1255,实时推理任务,14
1255,批量推理任务,95
1256,人工智能训练任务,492
1256,实时推理任务,12
1256,批量推理任务,35
1257,人工智能训练任务,260
1257,实时推理任务,28
1257,批量推理任务,71
1258,人工智能训练任务,451
1258,实时推理任务,17
1258,批量推理任务,90
1259,人工智能训练任务,578
1259,实时推理任务,19
1259,批量推理任务,176
1260,人工智能训练任务,123
1260,实时推理任务,11
1260,批量推理任务,120
1261,人工智能训练任务,582
1261,实时推理任务,8
1261,批量推理任务,147
1262,人工智能训练任务,320
1262,实时推理任务,29
1262,批量推理任务,160
1263,人工智能训练任务,536
1263,实时推理任务,29
1263,批量推理任务,115
1264,人工智能训练任务,412
1264,实时推理任务,14
1264,批量推理任务,83
1265,人工智能训练任务,585
1265,实时推理任务,11
1265,批量推理任务,20
1266,人工智能训练任务,550
1266,实时推理任务,25
1266,批量推理任务,77
1267,人工智能训练任务,525
1267,实时推理任务,24
1267,批量推理任务,104
1268,人工智能训练任务,392
1268,实时推理任务,57
1268,批量推理任务,108
1269,人工智能训练任务,221
1269,实时推理任务,29
1269,批量推理任务,48
1270,人工智能训练任务,692
1270,实时推理任务,28
1270,批量推理任务,140
1271,人工智能训练任务,829
1271,实时推理任务,39
1271,批量推理任务,53
1272,人工智能训练任务,128
1272,实时推理任务,39
1272,批量推理任务,75
1273,人工智能训练任务,478
1273,实时推理任务,9
1273,批量推理任务,146
1274,人工智能训练任务,432
1274,实时推理任务,29
1274,批量推理任务,43
1275,人工智能训练任务,251
1275,实时推理任务,31
1275,批量推理任务,71
1276,人工智能训练任务,486
1276,实时推理任务,25
1276,批量推理任务,134
1277,人工智能训练任务,439
1277,实时推理任务,25
1277,批量推理任务,164
1278,人工智能训练任务,688
1278,实时推理任务,29
1278,批量推理任务,101
1279,人工智能训练任务,598
1279,实时推理任务,14
1279,批量推理任务,65
1280,人工智能训练任务,264
1280,实时推理任务,5
1280,批量推理任务,82
1281,人工智能训练任务,829
1281,实时推理任务,21
1281,批量推理任务,82
1282,人工智能训练任务,846
1282,实时推理任务,46
1282,批量推理任务,122
1283,人工智能训练任务,508
1283,实时推理任务,33
1283,批量推理任务,60
1284,人工智能训练任务,593
1284,实时推理任务,22
1284,批量推理任务,142
1285,人工智能训练任务,578
1285,实时推理任务,14
1285,批量推理任务,22
1286,人工智能训练任务,214
1286,实时推理任务,32
1286,批量推理任务,94
1287,人工智能训练任务,493
1287,实时推理任务,26
1287,批量推理任务,59
1288,人工智能训练任务,499
1288,实时推理任务,25
1288,批量推理任务,120
1289,人工智能训练任务,267
1289,实时推理任务,20
1289,批量推理任务,105
1290,人工智能训练任务,362
1290,实时推理任务,26
1290,批量推理任务,51
1291,人工智能训练任务,366
1291,实时推理任务,31
1291,批量推理任务,111
1292,人工智能训练任务,109
1292,实时推理任务,24
1292,批量推理任务,78
1293,人工智能训练任务,472
1293,实时推理任务,19
1293,批量推理任务,58
1294,人工智能训练任务,108
1294,实时推理任务,52
1294,批量推理任务,100
1295,人工智能训练任务,608
1295,实时推理任务,29
1295,批量推理任务,106
1296,人工智能训练任务,235
1296,实时推理任务,20
1296,批量推理任务,161
1297,人工智能训练任务,334
1297,实时推理任务,44
1297,批量推理任务,85
1298,人工智能训练任务,1134
1298,实时推理任务,33
1298,批量推理任务,44
1299,人工智能训练任务,473
1299,实时推理任务,41
1299,批量推理任务,154
1300,人工智能训练任务,598
1300,实时推理任务,30
1300,批量推理任务,57
1301,人工智能训练任务,263
1301,实时推理任务,43
1301,批量推理任务,63
1302,人工智能训练任务,401
1302,实时推理任务,20
1302,批量推理任务,114
1303,人工智能训练任务,721
1303,实时推理任务,36
1303,批量推理任务,137
1304,人工智能训练任务,587
1304,实时推理任务,29
1304,批量推理任务,113
1305,人工智能训练任务,338
1305,实时推理任务,18
1305,批量推理任务,39
1306,人工智能训练任务,418
1306,实时推理任务,28
1306,批量推理任务,105
1307,人工智能训练任务,572
1307,实时推理任务,21
1307,批量推理任务,121
1308,人工智能训练任务,429
1308,实时推理任务,31
1308,批量推理任务,127
1309,人工智能训练任务,321
1309,实时推理任务,35
1309,批量推理任务,171
1310,人工智能训练任务,541
1310,实时推理任务,32
1310,批量推理任务,43
1311,人工智能训练任务,730
1311,实时推理任务,48
1311,批量推理任务,136
1312,人工智能训练任务,763
1312,实时推理任务,42
1312,批量推理任务,92
1313,人工智能训练任务,495
1313,实时推理任务,12
1313,批量推理任务,78
1314,人工智能训练任务,824
1314,实时推理任务,41
1314,批量推理任务,56
1315,人工智能训练任务,353
1315,实时推理任务,53
1315,批量推理任务,140
1316,人工智能训练任务,274
1316,实时推理任务,13
1316,批量推理任务,79
1317,人工智能训练任务,1004
1317,实时推理任务,39
1317,批量推理任务,145
1318,人工智能训练任务,369
1318,实时推理任务,45
1318,批量推理任务,88
1319,人工智能训练任务,716
1319,实时推理任务,41
1319,批量推理任务,93
1320,人工智能训练任务,195
1320,实时推理任务,17
1320,批量推理任务,86
1321,人工智能训练任务,625
1321,实时推理任务,20
1321,批量推理任务,95
1322,人工智能训练任务,353
1322,实时推理任务,22
1322,批量推理任务,107
1323,人工智能训练任务,433
1323,实时推理任务,3
1323,批量推理任务,100
1324,人工智能训练任务,685
1324,实时推理任务,31
1324,批量推理任务,101
1325,人工智能训练任务,230
1325,实时推理任务,44
1325,批量推理任务,121
1326,人工智能训练任务,320
1326,实时推理任务,36
1326,批量推理任务,43
1327,人工智能训练任务,524
1327,实时推理任务,28
1327,批量推理任务,81
1328,人工智能训练任务,344
1328,实时推理任务,47
1328,批量推理任务,71
1329,人工智能训练任务,732
1329,实时推理任务,24
1329,批量推理任务,11
1330,人工智能训练任务,465
1330,实时推理任务,31
1330,批量推理任务,65
1331,人工智能训练任务,775
1331,实时推理任务,8
1331,批量推理任务,50
1332,人工智能训练任务,638
1332,实时推理任务,35
1332,批量推理任务,68
1333,人工智能训练任务,498
1333,实时推理任务,21
1333,批量推理任务,28
1334,人工智能训练任务,558
1334,实时推理任务,8
1334,批量推理任务,59
1335,人工智能训练任务,194
1335,实时推理任务,46
1335,批量推理任务,151
1336,人工智能训练任务,151
1336,实时推理任务,42
1336,批量推理任务,81
1337,人工智能训练任务,354
1337,实时推理任务,27
1337,批量推理任务,130
1338,人工智能训练任务,466
1338,实时推理任务,29
1338,批量推理任务,63
1339,人工智能训练任务,592
1339,实时推理任务,25
1339,批量推理任务,30
1340,人工智能训练任务,654
1340,实时推理任务,43
1340,批量推理任务,125
1341,人工智能训练任务,414
1341,实时推理任务,44
1341,批量推理任务,64
1342,人工智能训练任务,443
1342,实时推理任务,47
1342,批量推理任务,143
1343,人工智能训练任务,196
1343,实时推理任务,25
1343,批量推理任务,127
1344,人工智能训练任务,791
1344,实时推理任务,31
1344,批量推理任务,92
1345,人工智能训练任务,484
1345,实时推理任务,19
1345,批量推理任务,81
1346,人工智能训练任务,676
1346,实时推理任务,15
1346,批量推理任务,31
1347,人工智能训练任务,270
1347,实时推理任务,5
1347,批量推理任务,105
1348,人工智能训练任务,386
1348,实时推理任务,37
1348,批量推理任务,58
1349,人工智能训练任务,282
1349,实时推理任务,17
1349,批量推理任务,98
1350,人工智能训练任务,818
1350,实时推理任务,34
1350,批量推理任务,71
1351,人工智能训练任务,320
1351,实时推理任务,39
1351,批量推理任务,31
1352,人工智能训练任务,308
1352,实时推理任务,43
1352,批量推理任务,86
1353,人工智能训练任务,548
1353,实时推理任务,48
1353,批量推理任务,107
1354,人工智能训练任务,566
1354,实时推理任务,15
1354,批量推理任务,156
1355,人工智能训练任务,539
1355,实时推理任务,16
1355,批量推理任务,109
1356,人工智能训练任务,737
1356,实时推理任务,39
1356,批量推理任务,86
1357,人工智能训练任务,745
1357,实时推理任务,42
1357,批量推理任务,112
1358,人工智能训练任务,419
1358,实时推理任务,25
1358,批量推理任务,91
1359,人工智能训练任务,659
1359,实时推理任务,33
1359,批量推理任务,66
1360,人工智能训练任务,471
1360,实时推理任务,29
1360,批量推理任务,109
1361,人工智能训练任务,375
1361,实时推理任务,21
1361,批量推理任务,111
1362,人工智能训练任务,339
1362,实时推理任务,38
1362,批量推理任务,86
1363,人工智能训练任务,393
1363,实时推理任务,38
1363,批量推理任务,109
1364,人工智能训练任务,532
1364,实时推理任务,21
1364,批量推理任务,64
1365,人工智能训练任务,435
1365,实时推理任务,27
1365,批量推理任务,50
1366,人工智能训练任务,592
1366,实时推理任务,29
1366,批量推理任务,87
1367,人工智能训练任务,583
1367,实时推理任务,34
1367,批量推理任务,31
1368,人工智能训练任务,573
1368,实时推理任务,23
1368,批量推理任务,75
1369,人工智能训练任务,538
1369,实时推理任务,55
1369,批量推理任务,70
1370,人工智能训练任务,675
1370,实时推理任务,22
1370,批量推理任务,77
1371,人工智能训练任务,1002
1371,实时推理任务,23
1371,批量推理任务,95
1372,人工智能训练任务,462
1372,实时推理任务,46
1372,批量推理任务,85
1373,人工智能训练任务,410
1373,实时推理任务,32
1373,批量推理任务,46
1374,人工智能训练任务,669
1374,实时推理任务,25
1374,批量推理任务,62
1375,人工智能训练任务,646
1375,实时推理任务,13
1375,批量推理任务,94
1376,人工智能训练任务,333
1376,实时推理任务,50
1376,批量推理任务,92
1377,人工智能训练任务,703
1377,实时推理任务,26
1377,批量推理任务,117
1378,人工智能训练任务,472
1378,实时推理任务,31
1378,批量推理任务,111
1379,人工智能训练任务,581
1379,实时推理任务,56
1379,批量推理任务,51
1380,人工智能训练任务,208
1380,实时推理任务,11
1380,批量推理任务,77
1381,人工智能训练任务,446
1381,实时推理任务,57
1381,批量推理任务,102
1382,人工智能训练任务,466
1382,实时推理任务,41
1382,批量推理任务,67
1383,人工智能训练任务,721
1383,实时推理任务,33
1383,批量推理任务,32
1384,人工智能训练任务,1118
1384,实时推理任务,24
1384,批量推理任务,93
1385,人工智能训练任务,390
1385,实时推理任务,30
1385,批量推理任务,100
1386,人工智能训练任务,423
1386,实时推理任务,17
1386,批量推理任务,117
1387,人工智能训练任务,427
1387,实时推理任务,7
1387,批量推理任务,97
1388,人工智能训练任务,196
1388,实时推理任务,35
1388,批量推理任务,108
1389,人工智能训练任务,407
1389,实时推理任务,34
1389,批量推理任务,64
1390,人工智能训练任务,579
1390,实时推理任务,28
1390,批量推理任务,120
1391,人工智能训练任务,290
1391,实时推理任务,16
1391,批量推理任务,131
1392,人工智能训练任务,530
1392,实时推理任务,24
1392,批量推理任务,70
1393,人工智能训练任务,436
1393,实时推理任务,40
1393,批量推理任务,177
1394,人工智能训练任务,186
1394,实时推理任务,36
1394,批量推理任务,79
1395,人工智能训练任务,555
1395,实时推理任务,29
1395,批量推理任务,59
1396,人工智能训练任务,428
1396,实时推理任务,24
1396,批量推理任务,29
1397,人工智能训练任务,507
1397,实时推理任务,18
1397,批量推理任务,68
1398,人工智能训练任务,475
1398,实时推理任务,28
1398,批量推理任务,94
1399,人工智能训练任务,687
1399,实时推理任务,33
1399,批量推理任务,72
1400,人工智能训练任务,379
1400,批量推理任务,66
1401,人工智能训练任务,306
1401,实时推理任务,42
1401,批量推理任务,87
1402,人工智能训练任务,302
1402,实时推理任务,39
1402,批量推理任务,78
1403,人工智能训练任务,504
1403,实时推理任务,46
1403,批量推理任务,52
1404,人工智能训练任务,589
1404,实时推理任务,17
1404,批量推理任务,99
1405,人工智能训练任务,409
1405,实时推理任务,27
1405,批量推理任务,50
1406,人工智能训练任务,639
1406,实时推理任务,26
1406,批量推理任务,71
1407,人工智能训练任务,360
1407,实时推理任务,21
1407,批量推理任务,31
1408,人工智能训练任务,95
1408,实时推理任务,58
1408,批量推理任务,74
1409,人工智能训练任务,510
1409,实时推理任务,23
1409,批量推理任务,112
1410,人工智能训练任务,396
1410,实时推理任务,46
1410,批量推理任务,132
1411,人工智能训练任务,311
1411,实时推理任务,40
1411,批量推理任务,110
1412,人工智能训练任务,615
1412,实时推理任务,37
1412,批量推理任务,100
1413,人工智能训练任务,345
1413,实时推理任务,26
1413,批量推理任务,93
1414,人工智能训练任务,701
1414,实时推理任务,26
1414,批量推理任务,123
1415,人工智能训练任务,260
1415,实时推理任务,17
1415,批量推理任务,48
1416,人工智能训练任务,303
1416,实时推理任务,31
1416,批量推理任务,115
1417,人工智能训练任务,395
1417,实时推理任务,12
1417,批量推理任务,31
1418,人工智能训练任务,638
1418,实时推理任务,36
1418,批量推理任务,140
1419,人工智能训练任务,312
1419,实时推理任务,47
1419,批量推理任务,85
1420,人工智能训练任务,397
1420,实时推理任务,13
1420,批量推理任务,55
1421,人工智能训练任务,401
1421,实时推理任务,45
1421,批量推理任务,80
1422,人工智能训练任务,180
1422,实时推理任务,30
1422,批量推理任务,125
1423,人工智能训练任务,610
1423,实时推理任务,24
1423,批量推理任务,103
1424,人工智能训练任务,411
1424,实时推理任务,52
1424,批量推理任务,54
1425,人工智能训练任务,601
1425,实时推理任务,12
1425,批量推理任务,71
1426,人工智能训练任务,400
1426,实时推理任务,29
1426,批量推理任务,129
1427,人工智能训练任务,475
1427,实时推理任务,26
1427,批量推理任务,46
1428,人工智能训练任务,588
1428,实时推理任务,23
1428,批量推理任务,28
1429,人工智能训练任务,202
1429,实时推理任务,31
1429,批量推理任务,71
1430,人工智能训练任务,279
1430,实时推理任务,32
1430,批量推理任务,81
1431,人工智能训练任务,498
1431,实时推理任务,50
1431,批量推理任务,41
1432,人工智能训练任务,440
1432,实时推理任务,39
1432,批量推理任务,73
1433,人工智能训练任务,661
1433,实时推理任务,20
1433,批量推理任务,68
1434,人工智能训练任务,110
1434,实时推理任务,33
1434,批量推理任务,90
1435,人工智能训练任务,206
1435,实时推理任务,17
1435,批量推理任务,52
1436,人工智能训练任务,540
1436,实时推理任务,15
1436,批量推理任务,57
1437,人工智能训练任务,232
1437,实时推理任务,23
1437,批量推理任务,152
1438,人工智能训练任务,490
1438,实时推理任务,37
1438,批量推理任务,41
1439,人工智能训练任务,411
1439,实时推理任务,29
1439,批量推理任务,63
1440,人工智能训练任务,453
1440,实时推理任务,23
1440,批量推理任务,66
1441,人工智能训练任务,382
1441,实时推理任务,19
1441,批量推理任务,186
1442,人工智能训练任务,429
1442,实时推理任务,8
1442,批量推理任务,64
1443,人工智能训练任务,552
1443,实时推理任务,21
1443,批量推理任务,73
1444,人工智能训练任务,590
1444,实时推理任务,43
1444,批量推理任务,123
1445,人工智能训练任务,864
1445,实时推理任务,15
1445,批量推理任务,27
1446,人工智能训练任务,387
1446,实时推理任务,35
1446,批量推理任务,101
1447,人工智能训练任务,73
1447,实时推理任务,26
1447,批量推理任务,66
1448,人工智能训练任务,225
1448,实时推理任务,18
1448,批量推理任务,93
1449,人工智能训练任务,743
1449,实时推理任务,45
1449,批量推理任务,128
1450,人工智能训练任务,445
1450,实时推理任务,15
1450,批量推理任务,31
1451,人工智能训练任务,255
1451,实时推理任务,17
1451,批量推理任务,103
1452,人工智能训练任务,373
1452,实时推理任务,22
1452,批量推理任务,138
1453,人工智能训练任务,258
1453,实时推理任务,26
1453,批量推理任务,127
1454,人工智能训练任务,626
1454,实时推理任务,23
1454,批量推理任务,69
1455,人工智能训练任务,241
1455,实时推理任务,30
1455,批量推理任务,85
1456,人工智能训练任务,455
1456,实时推理任务,16
1456,批量推理任务,85
1457,人工智能训练任务,622
1457,实时推理任务,36
1457,批量推理任务,85
1458,人工智能训练任务,620
1458,实时推理任务,45
1458,批量推理任务,99
1459,人工智能训练任务,106
1459,实时推理任务,48
1459,批量推理任务,104
1460,人工智能训练任务,314
1460,实时推理任务,24
1460,批量推理任务,143
1461,人工智能训练任务,316
1461,实时推理任务,13
1461,批量推理任务,60
1462,人工智能训练任务,562
1462,实时推理任务,17
1462,批量推理任务,131
1463,人工智能训练任务,818
1463,实时推理任务,7
1463,批量推理任务,65
1464,人工智能训练任务,470
1464,实时推理任务,20
1464,批量推理任务,81
1465,人工智能训练任务,308
1465,实时推理任务,50
1465,批量推理任务,65
1466,人工智能训练任务,509
1466,实时推理任务,23
1466,批量推理任务,171
1467,人工智能训练任务,816
1467,实时推理任务,27
1467,批量推理任务,66
1468,人工智能训练任务,813
1468,实时推理任务,12
1468,批量推理任务,86
1469,人工智能训练任务,530
1469,实时推理任务,44
1469,批量推理任务,93
1470,人工智能训练任务,635
1470,实时推理任务,26
1470,批量推理任务,63
1471,人工智能训练任务,496
1471,实时推理任务,26
1471,批量推理任务,88
1472,人工智能训练任务,533
1472,实时推理任务,35
1472,批量推理任务,138
1473,人工智能训练任务,555
1473,实时推理任务,12
1473,批量推理任务,76
1474,人工智能训练任务,616
1474,实时推理任务,51
1474,批量推理任务,110
1475,人工智能训练任务,344
1475,实时推理任务,32
1475,批量推理任务,86
1476,人工智能训练任务,459
1476,实时推理任务,70
1476,批量推理任务,209
1477,人工智能训练任务,547
1477,实时推理任务,33
1477,批量推理任务,98
1478,人工智能训练任务,201
1478,实时推理任务,29
1478,批量推理任务,38
1479,人工智能训练任务,427
1479,实时推理任务,35
1479,批量推理任务,55
1480,人工智能训练任务,141
1480,实时推理任务,37
1480,批量推理任务,134
1481,人工智能训练任务,649
1481,实时推理任务,40
1481,批量推理任务,72
1482,人工智能训练任务,534
1482,实时推理任务,20
1482,批量推理任务,111
1483,人工智能训练任务,470
1483,实时推理任务,18
1483,批量推理任务,140
1484,人工智能训练任务,396
1484,实时推理任务,41
1484,批量推理任务,108
1485,人工智能训练任务,229
1485,实时推理任务,22
1485,批量推理任务,48
1486,人工智能训练任务,427
1486,实时推理任务,40
1486,批量推理任务,36
1487,人工智能训练任务,483
1487,实时推理任务,28
1487,批量推理任务,137
1488,人工智能训练任务,636
1488,实时推理任务,19
1488,批量推理任务,95
1489,人工智能训练任务,658
1489,实时推理任务,23
1489,批量推理任务,97
1490,人工智能训练任务,355
1490,实时推理任务,36
1490,批量推理任务,224
1491,人工智能训练任务,384
1491,实时推理任务,32
1491,批量推理任务,90
1492,人工智能训练任务,877
1492,实时推理任务,14
1492,批量推理任务,145
1493,人工智能训练任务,578
1493,实时推理任务,24
1493,批量推理任务,96
1494,人工智能训练任务,222
1494,实时推理任务,22
1494,批量推理任务,84
1495,人工智能训练任务,424
1495,实时推理任务,45
1495,批量推理任务,104
1496,人工智能训练任务,876
1496,实时推理任务,13
1496,批量推理任务,60
1497,人工智能训练任务,788
1497,实时推理任务,4
1497,批量推理任务,67
1498,人工智能训练任务,623
1498,实时推理任务,14
1498,批量推理任务,97
1499,人工智能训练任务,519
1499,实时推理任务,51
1499,批量推理任务,59
1500,人工智能训练任务,413
1500,实时推理任务,28
1500,批量推理任务,103
1501,人工智能训练任务,237
1501,实时推理任务,28
1501,批量推理任务,47
1502,人工智能训练任务,374
1502,实时推理任务,2
1502,批量推理任务,127
1503,人工智能训练任务,454
1503,实时推理任务,31
1503,批量推理任务,83
1504,人工智能训练任务,549
1504,实时推理任务,13
1504,批量推理任务,32
1505,人工智能训练任务,490
1505,实时推理任务,25
1505,批量推理任务,78
1506,人工智能训练任务,269
1506,实时推理任务,25
1506,批量推理任务,104
1507,人工智能训练任务,734
1507,实时推理任务,35
1507,批量推理任务,57
1508,人工智能训练任务,758
1508,实时推理任务,37
1508,批量推理任务,68
1509,人工智能训练任务,522
1509,实时推理任务,30
1509,批量推理任务,167
1510,人工智能训练任务,459
1510,实时推理任务,5
1510,批量推理任务,72
1511,人工智能训练任务,1211
1511,实时推理任务,30
1511,批量推理任务,59
1512,人工智能训练任务,763
1512,实时推理任务,13
1512,批量推理任务,46
1513,人工智能训练任务,295
1513,实时推理任务,21
1513,批量推理任务,34
1514,人工智能训练任务,302
1514,实时推理任务,30
1514,批量推理任务,98
1515,人工智能训练任务,558
1515,实时推理任务,47
1515,批量推理任务,58
1516,人工智能训练任务,386
1516,实时推理任务,21
1516,批量推理任务,64
1517,人工智能训练任务,575
1517,实时推理任务,50
1517,批量推理任务,76
1518,人工智能训练任务,449
1518,实时推理任务,27
1518,批量推理任务,39
1519,人工智能训练任务,828
1519,实时推理任务,22
1519,批量推理任务,179
1520,人工智能训练任务,334
1520,实时推理任务,17
1520,批量推理任务,83
1521,人工智能训练任务,283
1521,实时推理任务,21
1521,批量推理任务,110
1522,人工智能训练任务,790
1522,实时推理任务,18
1522,批量推理任务,56
1523,人工智能训练任务,275
1523,实时推理任务,20
1523,批量推理任务,58
1524,人工智能训练任务,574
1524,实时推理任务,20
1524,批量推理任务,102
1525,人工智能训练任务,159
1525,实时推理任务,39
1525,批量推理任务,78
1526,人工智能训练任务,509
1526,实时推理任务,1
1526,批量推理任务,76
1527,人工智能训练任务,570
1527,实时推理任务,43
1527,批量推理任务,89
1528,人工智能训练任务,1056
1528,实时推理任务,32
1528,批量推理任务,174
1529,人工智能训练任务,201
1529,实时推理任务,31
1529,批量推理任务,135
1530,人工智能训练任务,393
1530,实时推理任务,41
1530,批量推理任务,144
1531,人工智能训练任务,588
1531,实时推理任务,21
1531,批量推理任务,52
1532,人工智能训练任务,764
1532,实时推理任务,43
1532,批量推理任务,73
1533,人工智能训练任务,221
1533,实时推理任务,27
1533,批量推理任务,89
1534,人工智能训练任务,312
1534,实时推理任务,53
1534,批量推理任务,65
1535,人工智能训练任务,130
1535,实时推理任务,36
1535,批量推理任务,71
1536,人工智能训练任务,533
1536,实时推理任务,29
1536,批量推理任务,70
1537,人工智能训练任务,898
1537,实时推理任务,28
1537,批量推理任务,73
1538,人工智能训练任务,375
1538,实时推理任务,18
1538,批量推理任务,57
1539,人工智能训练任务,385
1539,实时推理任务,47
1539,批量推理任务,116
1540,人工智能训练任务,465
1540,实时推理任务,25
1540,批量推理任务,107
1541,人工智能训练任务,896
1541,实时推理任务,16
1541,批量推理任务,130
1542,人工智能训练任务,288
1542,实时推理任务,18
1542,批量推理任务,155
1543,人工智能训练任务,553
1543,实时推理任务,36
1543,批量推理任务,70
1544,人工智能训练任务,632
1544,实时推理任务,28
1544,批量推理任务,56
1545,人工智能训练任务,228
1545,实时推理任务,53
1545,批量推理任务,140
1546,人工智能训练任务,1166
1546,实时推理任务,15
1546,批量推理任务,74
1547,人工智能训练任务,371
1547,实时推理任务,33
1547,批量推理任务,146
1548,人工智能训练任务,97
1548,实时推理任务,37
1548,批量推理任务,74
1549,人工智能训练任务,296
1549,实时推理任务,8
1549,批量推理任务,68
1550,人工智能训练任务,416
1550,实时推理任务,36
1550,批量推理任务,100
1551,人工智能训练任务,344
1551,实时推理任务,29
1551,批量推理任务,120
1552,人工智能训练任务,368
1552,实时推理任务,14
1552,批量推理任务,50
1553,人工智能训练任务,432
1553,实时推理任务,40
1553,批量推理任务,29
1554,人工智能训练任务,197
1554,实时推理任务,20
1554,批量推理任务,47
1555,人工智能训练任务,567
1555,实时推理任务,23
1555,批量推理任务,119
1556,人工智能训练任务,946
1556,实时推理任务,33
1556,批量推理任务,104
1557,人工智能训练任务,807
1557,实时推理任务,31
1557,批量推理任务,88
1558,人工智能训练任务,530
1558,实时推理任务,38
1558,批量推理任务,83
1559,人工智能训练任务,499
1559,实时推理任务,33
1559,批量推理任务,120
1560,人工智能训练任务,596
1560,实时推理任务,20
1560,批量推理任务,64
1561,人工智能训练任务,738
1561,实时推理任务,32
1561,批量推理任务,102
1562,人工智能训练任务,638
1562,实时推理任务,38
1562,批量推理任务,144
1563,人工智能训练任务,251
1563,实时推理任务,9
1563,批量推理任务,125
1564,人工智能训练任务,327
1564,实时推理任务,16
1564,批量推理任务,149
1565,人工智能训练任务,419
1565,实时推理任务,13
1565,批量推理任务,83
1566,人工智能训练任务,262
1566,实时推理任务,19
1566,批量推理任务,163
1567,人工智能训练任务,427
1567,实时推理任务,21
1567,批量推理任务,76
1568,人工智能训练任务,419
1568,实时推理任务,9
1568,批量推理任务,110
1569,人工智能训练任务,555
1569,实时推理任务,26
1569,批量推理任务,89
1570,人工智能训练任务,502
1570,实时推理任务,24
1570,批量推理任务,101
1571,人工智能训练任务,197
1571,实时推理任务,33
1571,批量推理任务,97
1572,人工智能训练任务,307
1572,实时推理任务,58
1572,批量推理任务,118
1573,人工智能训练任务,482
1573,实时推理任务,28
1573,批量推理任务,106
1574,人工智能训练任务,1127
1574,实时推理任务,37
1574,批量推理任务,72
1575,人工智能训练任务,147
1575,实时推理任务,24
1575,批量推理任务,76
1576,人工智能训练任务,372
1576,实时推理任务,43
1576,批量推理任务,142
1577,人工智能训练任务,308
1577,实时推理任务,37
1577,批量推理任务,40
1578,人工智能训练任务,574
1578,实时推理任务,59
1578,批量推理任务,54
1579,人工智能训练任务,401
1579,实时推理任务,34
1579,批量推理任务,106
1580,人工智能训练任务,479
1580,实时推理任务,20
1580,批量推理任务,63
1581,人工智能训练任务,472
1581,实时推理任务,19
1581,批量推理任务,45
1582,人工智能训练任务,848
1582,实时推理任务,50
1582,批量推理任务,58
1583,人工智能训练任务,447
1583,实时推理任务,17
1583,批量推理任务,108
1584,人工智能训练任务,490
1584,实时推理任务,45
1584,批量推理任务,29
1585,人工智能训练任务,507
1585,实时推理任务,35
1585,批量推理任务,55
1586,人工智能训练任务,631
1586,实时推理任务,30
1586,批量推理任务,81
1587,人工智能训练任务,379
1587,实时推理任务,71
1587,批量推理任务,144
1588,人工智能训练任务,467
1588,实时推理任务,45
1588,批量推理任务,59
1589,人工智能训练任务,253
1589,实时推理任务,25
1589,批量推理任务,78
1590,人工智能训练任务,469
1590,实时推理任务,59
1590,批量推理任务,88
1591,人工智能训练任务,509
1591,实时推理任务,20
1591,批量推理任务,53
1592,人工智能训练任务,546
1592,实时推理任务,21
1592,批量推理任务,112
1593,人工智能训练任务,601
1593,实时推理任务,62
1593,批量推理任务,70
1594,人工智能训练任务,939
1594,实时推理任务,7
1594,批量推理任务,89
1595,人工智能训练任务,777
1595,实时推理任务,31
1595,批量推理任务,64
1596,人工智能训练任务,804
1596,实时推理任务,27
1596,批量推理任务,97
1597,人工智能训练任务,761
1597,实时推理任务,22
1597,批量推理任务,125
1598,人工智能训练任务,882
1598,实时推理任务,12
1598,批量推理任务,66
1599,人工智能训练任务,1076
1599,实时推理任务,27
1599,批量推理任务,131
1600,人工智能训练任务,547
1600,实时推理任务,37
1600,批量推理任务,93
1601,人工智能训练任务,58
1601,实时推理任务,25
1601,批量推理任务,156
1602,人工智能训练任务,318
1602,实时推理任务,35
1602,批量推理任务,109
1603,人工智能训练任务,156
1603,实时推理任务,23
1603,批量推理任务,123
1604,人工智能训练任务,508
1604,实时推理任务,30
1604,批量推理任务,67
1605,人工智能训练任务,675
1605,实时推理任务,8
1605,批量推理任务,130
1606,人工智能训练任务,422
1606,实时推理任务,16
1606,批量推理任务,100
1607,人工智能训练任务,324
1607,实时推理任务,30
1607,批量推理任务,152
1608,人工智能训练任务,686
1608,实时推理任务,31
1608,批量推理任务,28
1609,人工智能训练任务,608
1609,实时推理任务,45
1609,批量推理任务,155
1610,人工智能训练任务,626
1610,实时推理任务,24
1610,批量推理任务,79
1611,人工智能训练任务,507
1611,实时推理任务,21
1611,批量推理任务,159
1612,人工智能训练任务,443
1612,实时推理任务,7
1612,批量推理任务,95
1613,人工智能训练任务,743
1613,实时推理任务,44
1613,批量推理任务,12
1614,人工智能训练任务,645
1614,实时推理任务,14
1614,批量推理任务,74
1615,人工智能训练任务,533
1615,实时推理任务,25
1615,批量推理任务,85
1616,人工智能训练任务,392
1616,实时推理任务,24
1616,批量推理任务,160
1617,人工智能训练任务,847
1617,实时推理任务,25
1617,批量推理任务,69
1618,人工智能训练任务,521
1618,实时推理任务,21
1618,批量推理任务,148
1619,人工智能训练任务,534
1619,实时推理任务,24
1619,批量推理任务,71
1620,人工智能训练任务,100
1620,实时推理任务,25
1620,批量推理任务,93
1621,人工智能训练任务,99
1621,实时推理任务,47
1621,批量推理任务,119
1622,人工智能训练任务,527
1622,实时推理任务,39
1622,批量推理任务,45
1623,人工智能训练任务,200
1623,实时推理任务,59
1623,批量推理任务,84
1624,人工智能训练任务,487
1624,实时推理任务,24
1624,批量推理任务,99
1625,人工智能训练任务,271
1625,实时推理任务,50
1625,批量推理任务,133
1626,人工智能训练任务,368
1626,实时推理任务,33
1626,批量推理任务,114
1627,人工智能训练任务,457
1627,实时推理任务,31
1627,批量推理任务,54
1628,人工智能训练任务,833
1628,实时推理任务,23
1628,批量推理任务,80
1629,人工智能训练任务,774
1629,实时推理任务,46
1629,批量推理任务,95
1630,人工智能训练任务,459
1630,实时推理任务,46
1630,批量推理任务,159
1631,人工智能训练任务,779
1631,实时推理任务,12
1631,批量推理任务,92
1632,人工智能训练任务,677
1632,实时推理任务,21
1632,批量推理任务,72
1633,人工智能训练任务,246
1633,实时推理任务,12
1633,批量推理任务,56
1634,人工智能训练任务,671
1634,实时推理任务,32
1634,批量推理任务,101
1635,人工智能训练任务,943
1635,实时推理任务,26
1635,批量推理任务,56
1636,人工智能训练任务,255
1636,实时推理任务,17
1636,批量推理任务,40
1637,人工智能训练任务,234
1637,实时推理任务,18
1637,批量推理任务,164
1638,人工智能训练任务,163
1638,实时推理任务,48
1638,批量推理任务,67
1639,人工智能训练任务,952
1639,实时推理任务,55
1639,批量推理任务,145
1640,人工智能训练任务,248
1640,实时推理任务,14
1640,批量推理任务,117
1641,人工智能训练任务,740
1641,实时推理任务,10
1641,批量推理任务,73
1642,人工智能训练任务,304
1642,实时推理任务,17
1642,批量推理任务,107
1643,人工智能训练任务,103
1643,实时推理任务,26
1643,批量推理任务,122
1644,人工智能训练任务,611
1644,实时推理任务,48
1644,批量推理任务,189
1645,人工智能训练任务,703
1645,实时推理任务,20
1645,批量推理任务,112
1646,人工智能训练任务,666
1646,实时推理任务,18
1646,批量推理任务,97
1647,人工智能训练任务,431
1647,实时推理任务,31
1647,批量推理任务,70
1648,人工智能训练任务,333
1648,实时推理任务,13
1648,批量推理任务,118
1649,人工智能训练任务,434
1649,实时推理任务,32
1649,批量推理任务,55
1650,人工智能训练任务,606
1650,实时推理任务,38
1650,批量推理任务,150
1651,人工智能训练任务,584
1651,实时推理任务,27
1651,批量推理任务,150
1652,人工智能训练任务,587
1652,实时推理任务,42
1652,批量推理任务,69
1653,人工智能训练任务,471
1653,实时推理任务,21
1653,批量推理任务,75
1654,人工智能训练任务,690
1654,实时推理任务,35
1654,批量推理任务,73
1655,人工智能训练任务,666
1655,实时推理任务,30
1655,批量推理任务,168
1656,人工智能训练任务,628
1656,实时推理任务,50
1656,批量推理任务,54
1657,人工智能训练任务,994
1657,实时推理任务,27
1657,批量推理任务,119
1658,人工智能训练任务,388
1658,实时推理任务,33
1658,批量推理任务,86
1659,人工智能训练任务,606
1659,实时推理任务,33
1659,批量推理任务,86
1660,人工智能训练任务,718
1660,实时推理任务,46
1660,批量推理任务,86
1661,人工智能训练任务,132
1661,实时推理任务,22
1661,批量推理任务,102
1662,人工智能训练任务,336
1662,实时推理任务,18
1662,批量推理任务,172
1663,人工智能训练任务,485
1663,实时推理任务,47
1663,批量推理任务,106
1664,人工智能训练任务,706
1664,实时推理任务,37
1664,批量推理任务,98
1665,人工智能训练任务,269
1665,实时推理任务,40
1665,批量推理任务,120
1666,人工智能训练任务,250
1666,实时推理任务,23
1666,批量推理任务,84
1667,人工智能训练任务,812
1667,实时推理任务,57
1667,批量推理任务,69
1668,人工智能训练任务,181
1668,实时推理任务,28
1668,批量推理任务,184
1669,人工智能训练任务,619
1669,实时推理任务,25
1669,批量推理任务,97
1670,人工智能训练任务,466
1670,实时推理任务,29
1670,批量推理任务,56
1671,人工智能训练任务,539
1671,实时推理任务,48
1671,批量推理任务,157
1672,人工智能训练任务,494
1672,实时推理任务,28
1672,批量推理任务,84
1673,人工智能训练任务,564
1673,实时推理任务,56
1673,批量推理任务,79
1674,人工智能训练任务,409
1674,实时推理任务,18
1674,批量推理任务,46
1675,人工智能训练任务,224
1675,实时推理任务,31
1675,批量推理任务,34
1676,人工智能训练任务,535
1676,实时推理任务,40
1676,批量推理任务,109
1677,人工智能训练任务,240
1677,实时推理任务,22
1677,批量推理任务,140
1678,人工智能训练任务,619
1678,实时推理任务,18
1678,批量推理任务,111
1679,人工智能训练任务,268
1679,实时推理任务,24
1679,批量推理任务,124
1680,人工智能训练任务,359
1680,实时推理任务,23
1680,批量推理任务,83
1681,人工智能训练任务,475
1681,实时推理任务,33
1681,批量推理任务,64
1682,人工智能训练任务,479
1682,实时推理任务,42
1682,批量推理任务,118
1683,人工智能训练任务,563
1683,实时推理任务,23
1683,批量推理任务,169
1684,人工智能训练任务,660
1684,实时推理任务,29
1684,批量推理任务,186
1685,人工智能训练任务,567
1685,实时推理任务,19
1685,批量推理任务,48
1686,人工智能训练任务,534
1686,实时推理任务,32
1686,批量推理任务,43
1687,人工智能训练任务,568
1687,实时推理任务,16
1687,批量推理任务,129
1688,人工智能训练任务,753
1688,实时推理任务,9
1688,批量推理任务,77
1689,人工智能训练任务,367
1689,实时推理任务,16
1689,批量推理任务,135
1690,人工智能训练任务,404
1690,实时推理任务,37
1690,批量推理任务,128
1691,人工智能训练任务,1052
1691,实时推理任务,43
1691,批量推理任务,107
1692,人工智能训练任务,917
1692,实时推理任务,33
1692,批量推理任务,70
1693,人工智能训练任务,268
1693,实时推理任务,36
1693,批量推理任务,72
1694,人工智能训练任务,473
1694,实时推理任务,32
1694,批量推理任务,181
1695,人工智能训练任务,747
1695,实时推理任务,15
1695,批量推理任务,169
1696,人工智能训练任务,418
1696,实时推理任务,49
1696,批量推理任务,40
1697,人工智能训练任务,594
1697,实时推理任务,48
1697,批量推理任务,89
1698,人工智能训练任务,687
1698,实时推理任务,7
1698,批量推理任务,61
1699,人工智能训练任务,256
1699,实时推理任务,27
1699,批量推理任务,114
1700,人工智能训练任务,214
1700,实时推理任务,41
1700,批量推理任务,98
1701,人工智能训练任务,491
1701,实时推理任务,37
1701,批量推理任务,101
1702,人工智能训练任务,569
1702,实时推理任务,26
1702,批量推理任务,86
1703,人工智能训练任务,407
1703,实时推理任务,45
1703,批量推理任务,63
1704,人工智能训练任务,180
1704,实时推理任务,36
1704,批量推理任务,111
1705,人工智能训练任务,599
1705,实时推理任务,37
1705,批量推理任务,72
1706,人工智能训练任务,375
1706,实时推理任务,28
1706,批量推理任务,142
1707,人工智能训练任务,777
1707,实时推理任务,12
1707,批量推理任务,148
1708,人工智能训练任务,308
1708,实时推理任务,17
1708,批量推理任务,89
1709,人工智能训练任务,708
1709,实时推理任务,11
1709,批量推理任务,112
1710,人工智能训练任务,507
1710,实时推理任务,38
1710,批量推理任务,169
1711,人工智能训练任务,361
1711,实时推理任务,38
1711,批量推理任务,56
1712,人工智能训练任务,645
1712,实时推理任务,14
1712,批量推理任务,35
1713,人工智能训练任务,730
1713,实时推理任务,25
1713,批量推理任务,65
1714,人工智能训练任务,563
1714,实时推理任务,43
1714,批量推理任务,88
1715,人工智能训练任务,663
1715,实时推理任务,11
1715,批量推理任务,234
1716,人工智能训练任务,221
1716,实时推理任务,28
1716,批量推理任务,156
1717,人工智能训练任务,515
1717,实时推理任务,41
1717,批量推理任务,142
1718,人工智能训练任务,286
1718,实时推理任务,11
1718,批量推理任务,208
1719,人工智能训练任务,482
1719,实时推理任务,42
1719,批量推理任务,55
1720,人工智能训练任务,164
1720,实时推理任务,41
1720,批量推理任务,113
1721,人工智能训练任务,280
1721,实时推理任务,21
1721,批量推理任务,106
1722,人工智能训练任务,862
1722,实时推理任务,24
1722,批量推理任务,99
1723,人工智能训练任务,775
1723,实时推理任务,7
1723,批量推理任务,62
1724,人工智能训练任务,274
1724,实时推理任务,35
1724,批量推理任务,86
1725,人工智能训练任务,538
1725,实时推理任务,27
1725,批量推理任务,65
1726,人工智能训练任务,343
1726,实时推理任务,25
1726,批量推理任务,11
1727,人工智能训练任务,885
1727,实时推理任务,31
1727,批量推理任务,48
1728,人工智能训练任务,496
1728,实时推理任务,14
1728,批量推理任务,149
1729,人工智能训练任务,287
1729,实时推理任务,32
1729,批量推理任务,40
1730,人工智能训练任务,629
1730,实时推理任务,30
1730,批量推理任务,110
1731,人工智能训练任务,571
1731,实时推理任务,24
1731,批量推理任务,52
1732,人工智能训练任务,597
1732,实时推理任务,28
1732,批量推理任务,80
1733,人工智能训练任务,608
1733,实时推理任务,17
1733,批量推理任务,142
1734,人工智能训练任务,325
1734,实时推理任务,31
1734,批量推理任务,98
1735,人工智能训练任务,264
1735,实时推理任务,52
1735,批量推理任务,78
1736,人工智能训练任务,507
1736,实时推理任务,46
1736,批量推理任务,128
1737,人工智能训练任务,1088
1737,实时推理任务,25
1737,批量推理任务,167
1738,人工智能训练任务,439
1738,实时推理任务,21
1738,批量推理任务,52
1739,人工智能训练任务,177
1739,实时推理任务,23
1739,批量推理任务,50
1740,人工智能训练任务,569
1740,实时推理任务,23
1740,批量推理任务,51
1741,人工智能训练任务,474
1741,实时推理任务,19
1741,批量推理任务,100
1742,人工智能训练任务,408
1742,实时推理任务,11
1742,批量推理任务,38
1743,人工智能训练任务,420
1743,实时推理任务,45
1743,批量推理任务,122
1744,人工智能训练任务,480
1744,实时推理任务,20
1744,批量推理任务,47
1745,人工智能训练任务,473
1745,实时推理任务,24
1745,批量推理任务,58
1746,人工智能训练任务,510
1746,实时推理任务,16
1746,批量推理任务,177
1747,人工智能训练任务,686
1747,实时推理任务,29
1747,批量推理任务,87
1748,人工智能训练任务,372
1748,实时推理任务,10
1748,批量推理任务,71
1749,人工智能训练任务,623
1749,实时推理任务,27
1749,批量推理任务,111
1750,人工智能训练任务,460
1750,实时推理任务,33
1750,批量推理任务,31
1751,人工智能训练任务,589
1751,批量推理任务,47
1752,人工智能训练任务,389
1752,实时推理任务,43
1752,批量推理任务,107
1753,人工智能训练任务,322
1753,实时推理任务,27
1753,批量推理任务,85
1754,人工智能训练任务,432
1754,实时推理任务,19
1754,批量推理任务,90
1755,人工智能训练任务,563
1755,实时推理任务,39
1755,批量推理任务,88
1756,人工智能训练任务,689
1756,实时推理任务,19
1756,批量推理任务,61
1757,人工智能训练任务,467
1757,实时推理任务,24
1757,批量推理任务,56
1758,人工智能训练任务,929
1758,实时推理任务,29
1758,批量推理任务,95
1759,人工智能训练任务,399
1759,实时推理任务,20
1759,批量推理任务,136
1760,人工智能训练任务,214
1760,实时推理任务,34
1760,批量推理任务,94
1761,人工智能训练任务,708
1761,实时推理任务,16
1761,批量推理任务,46
1762,人工智能训练任务,85
1762,实时推理任务,21
1762,批量推理任务,16
1763,人工智能训练任务,916
1763,实时推理任务,28
1763,批量推理任务,73
1764,人工智能训练任务,1015
1764,实时推理任务,20
1764,批量推理任务,74
1765,人工智能训练任务,339
1765,实时推理任务,39
1765,批量推理任务,79
1766,人工智能训练任务,326
1766,实时推理任务,30
1766,批量推理任务,116
1767,人工智能训练任务,602
1767,实时推理任务,51
1767,批量推理任务,18
1768,人工智能训练任务,827
1768,实时推理任务,13
1768,批量推理任务,70
1769,人工智能训练任务,446
1769,实时推理任务,49
1769,批量推理任务,54
1770,人工智能训练任务,297
1770,实时推理任务,49
1770,批量推理任务,129
1771,人工智能训练任务,604
1771,实时推理任务,29
1771,批量推理任务,157
1772,人工智能训练任务,621
1772,实时推理任务,35
1772,批量推理任务,93
1773,人工智能训练任务,107
1773,实时推理任务,19
1773,批量推理任务,77
1774,人工智能训练任务,470
1774,实时推理任务,11
1774,批量推理任务,102
1775,人工智能训练任务,831
1775,实时推理任务,59
1775,批量推理任务,62
1776,人工智能训练任务,826
1776,实时推理任务,43
1776,批量推理任务,149
1777,人工智能训练任务,679
1777,实时推理任务,24
1777,批量推理任务,55
1778,人工智能训练任务,498
1778,实时推理任务,39
1778,批量推理任务,55
1779,人工智能训练任务,784
1779,实时推理任务,39
1779,批量推理任务,94
1780,人工智能训练任务,430
1780,实时推理任务,20
1780,批量推理任务,163
1781,人工智能训练任务,426
1781,实时推理任务,8
1781,批量推理任务,51
1782,人工智能训练任务,815
1782,实时推理任务,14
1782,批量推理任务,123
1783,人工智能训练任务,737
1783,实时推理任务,12
1783,批量推理任务,92
1784,人工智能训练任务,350
1784,实时推理任务,25
1784,批量推理任务,53
1785,人工智能训练任务,208
1785,实时推理任务,20
1785,批量推理任务,88
1786,人工智能训练任务,488
1786,实时推理任务,11
1786,批量推理任务,153
1787,人工智能训练任务,267
1787,实时推理任务,17
1787,批量推理任务,67
1788,人工智能训练任务,524
1788,实时推理任务,22
1788,批量推理任务,91
1789,人工智能训练任务,623
1789,实时推理任务,12
1789,批量推理任务,143
1790,人工智能训练任务,301
1790,实时推理任务,5
1790,批量推理任务,111
1791,人工智能训练任务,18
1791,实时推理任务,29
1791,批量推理任务,98
1792,人工智能训练任务,799
1792,实时推理任务,31
1792,批量推理任务,109
1793,人工智能训练任务,674
1793,实时推理任务,23
1793,批量推理任务,76
1794,人工智能训练任务,382
1794,实时推理任务,22
1794,批量推理任务,106
1795,人工智能训练任务,266
1795,实时推理任务,43
1795,批量推理任务,87
1796,人工智能训练任务,409
1796,实时推理任务,40
1796,批量推理任务,91
1797,人工智能训练任务,335
1797,实时推理任务,60
1797,批量推理任务,32
1798,人工智能训练任务,501
1798,实时推理任务,70
1798,批量推理任务,154
1799,人工智能训练任务,333
1799,实时推理任务,30
1799,批量推理任务,53
1800,人工智能训练任务,550
1800,实时推理任务,25
1800,批量推理任务,119
1801,人工智能训练任务,441
1801,实时推理任务,31
1801,批量推理任务,141
1802,人工智能训练任务,493
1802,实时推理任务,26
1802,批量推理任务,129
1803,人工智能训练任务,727
1803,实时推理任务,9
1803,批量推理任务,86
1804,人工智能训练任务,191
1804,实时推理任务,39
1804,批量推理任务,79
1805,人工智能训练任务,459
1805,实时推理任务,23
1805,批量推理任务,72
1806,人工智能训练任务,260
1806,实时推理任务,18
1806,批量推理任务,125
1807,人工智能训练任务,778
1807,实时推理任务,22
1807,批量推理任务,83
1808,人工智能训练任务,497
1808,实时推理任务,27
1808,批量推理任务,69
1809,人工智能训练任务,377
1809,实时推理任务,26
1809,批量推理任务,52
1810,人工智能训练任务,505
1810,实时推理任务,22
1810,批量推理任务,112
1811,人工智能训练任务,846
1811,实时推理任务,39
1811,批量推理任务,81
1812,人工智能训练任务,402
1812,实时推理任务,74
1812,批量推理任务,144
1813,人工智能训练任务,1115
1813,实时推理任务,28
1813,批量推理任务,127
1814,人工智能训练任务,413
1814,实时推理任务,53
1814,批量推理任务,129
1815,实时推理任务,45
1815,批量推理任务,99
1816,人工智能训练任务,484
1816,实时推理任务,22
1816,批量推理任务,99
1817,人工智能训练任务,622
1817,实时推理任务,49
1817,批量推理任务,98
1818,人工智能训练任务,508
1818,实时推理任务,28
1818,批量推理任务,106
1819,人工智能训练任务,734
1819,实时推理任务,13
1819,批量推理任务,57
1820,人工智能训练任务,644
1820,实时推理任务,35
1820,批量推理任务,81
1821,人工智能训练任务,1085
1821,实时推理任务,32
1821,批量推理任务,55
1822,人工智能训练任务,732
1822,实时推理任务,31
1822,批量推理任务,116
1823,人工智能训练任务,886
1823,实时推理任务,46
1823,批量推理任务,106
1824,人工智能训练任务,517
1824,实时推理任务,32
1824,批量推理任务,95
1825,人工智能训练任务,230
1825,实时推理任务,29
1825,批量推理任务,84
1826,人工智能训练任务,157
1826,实时推理任务,29
1826,批量推理任务,111
1827,人工智能训练任务,395
1827,实时推理任务,30
1827,批量推理任务,107
1828,人工智能训练任务,367
1828,实时推理任务,16
1828,批量推理任务,41
1829,人工智能训练任务,672
1829,实时推理任务,36
1829,批量推理任务,64
1830,人工智能训练任务,240
1830,实时推理任务,22
1830,批量推理任务,91
1831,人工智能训练任务,468
1831,实时推理任务,9
1831,批量推理任务,86
1832,人工智能训练任务,846
1832,实时推理任务,32
1832,批量推理任务,115
1833,人工智能训练任务,580
1833,实时推理任务,22
1833,批量推理任务,95
1834,人工智能训练任务,711
1834,实时推理任务,16
1834,批量推理任务,71
1835,人工智能训练任务,283
1835,实时推理任务,21
1835,批量推理任务,150
1836,人工智能训练任务,259
1836,实时推理任务,21
1836,批量推理任务,109
1837,人工智能训练任务,420
1837,实时推理任务,17
1837,批量推理任务,121
1838,人工智能训练任务,1088
1838,实时推理任务,14
1838,批量推理任务,152
1839,人工智能训练任务,128
1839,实时推理任务,37
1839,批量推理任务,76
1840,人工智能训练任务,195
1840,实时推理任务,30
1840,批量推理任务,98
1841,人工智能训练任务,499
1841,实时推理任务,45
1841,批量推理任务,99
1842,人工智能训练任务,567
1842,实时推理任务,18
1842,批量推理任务,71
1843,人工智能训练任务,151
1843,实时推理任务,15
1843,批量推理任务,103
1844,人工智能训练任务,461
1844,实时推理任务,35
1844,批量推理任务,53
1845,人工智能训练任务,928
1845,实时推理任务,22
1845,批量推理任务,61
1846,人工智能训练任务,435
1846,实时推理任务,10
1846,批量推理任务,59
1847,人工智能训练任务,477
1847,实时推理任务,24
1847,批量推理任务,103
1848,人工智能训练任务,440
1848,实时推理任务,13
1848,批量推理任务,105
1849,人工智能训练任务,664
1849,实时推理任务,26
1849,批量推理任务,199
1850,人工智能训练任务,336
1850,实时推理任务,16
1850,批量推理任务,105
1851,人工智能训练任务,630
1851,实时推理任务,54
1851,批量推理任务,189
1852,人工智能训练任务,627
1852,实时推理任务,11
1852,批量推理任务,113
1853,人工智能训练任务,493
1853,实时推理任务,17
1853,批量推理任务,81
1854,人工智能训练任务,328
1854,实时推理任务,39
1854,批量推理任务,94
1855,人工智能训练任务,322
1855,实时推理任务,25
1855,批量推理任务,132
1856,人工智能训练任务,420
1856,实时推理任务,31
1856,批量推理任务,114
1857,人工智能训练任务,404
1857,实时推理任务,47
1857,批量推理任务,104
1858,人工智能训练任务,364
1858,实时推理任务,26
1858,批量推理任务,133
1859,人工智能训练任务,577
1859,实时推理任务,29
1859,批量推理任务,127
1860,人工智能训练任务,348
1860,实时推理任务,25
1860,批量推理任务,93
1861,人工智能训练任务,398
1861,实时推理任务,45
1861,批量推理任务,83
1862,人工智能训练任务,245
1862,实时推理任务,18
1862,批量推理任务,49
1863,人工智能训练任务,354
1863,实时推理任务,42
1863,批量推理任务,122
1864,人工智能训练任务,185
1864,实时推理任务,5
1864,批量推理任务,142
1865,人工智能训练任务,471
1865,实时推理任务,23
1865,批量推理任务,76
1866,人工智能训练任务,706
1866,实时推理任务,29
1866,批量推理任务,37
1867,人工智能训练任务,442
1867,实时推理任务,12
1867,批量推理任务,137
1868,人工智能训练任务,765
1868,实时推理任务,22
1868,批量推理任务,112
1869,人工智能训练任务,688
1869,实时推理任务,38
1869,批量推理任务,76
1870,人工智能训练任务,599
1870,实时推理任务,28
1870,批量推理任务,121
1871,人工智能训练任务,275
1871,实时推理任务,11
1871,批量推理任务,102
1872,人工智能训练任务,20
1872,实时推理任务,14
1872,批量推理任务,154
1873,人工智能训练任务,675
1873,实时推理任务,13
1873,批量推理任务,51
1874,人工智能训练任务,777
1874,实时推理任务,23
1874,批量推理任务,120
1875,人工智能训练任务,585
1875,实时推理任务,19
1875,批量推理任务,55
1876,人工智能训练任务,657
1876,实时推理任务,11
1876,批量推理任务,139
1877,人工智能训练任务,605
1877,实时推理任务,29
1877,批量推理任务,58
1878,人工智能训练任务,321
1878,实时推理任务,40
1878,批量推理任务,74
1879,人工智能训练任务,516
1879,实时推理任务,21
1879,批量推理任务,101
1880,人工智能训练任务,537
1880,实时推理任务,20
1880,批量推理任务,118
1881,人工智能训练任务,121
1881,实时推理任务,33
1881,批量推理任务,56
1882,人工智能训练任务,732
1882,实时推理任务,17
1882,批量推理任务,148
1883,人工智能训练任务,653
1883,实时推理任务,4
1883,批量推理任务,49
1884,人工智能训练任务,573
1884,实时推理任务,17
1884,批量推理任务,96
1885,人工智能训练任务,334
1885,实时推理任务,21
1885,批量推理任务,95
1886,人工智能训练任务,421
1886,实时推理任务,40
1886,批量推理任务,32
1887,人工智能训练任务,315
1887,实时推理任务,21
1887,批量推理任务,87
1888,人工智能训练任务,652
1888,实时推理任务,27
1888,批量推理任务,122
1889,人工智能训练任务,475
1889,实时推理任务,22
1889,批量推理任务,150
1890,人工智能训练任务,318
1890,实时推理任务,28
1890,批量推理任务,29
1891,人工智能训练任务,369
1891,实时推理任务,39
1891,批量推理任务,140
1892,人工智能训练任务,376
1892,实时推理任务,39
1892,批量推理任务,147
1893,人工智能训练任务,360
1893,实时推理任务,12
1893,批量推理任务,81
1894,人工智能训练任务,130
1894,实时推理任务,19
1894,批量推理任务,151
1895,人工智能训练任务,194
1895,实时推理任务,26
1895,批量推理任务,80
1896,人工智能训练任务,755
1896,实时推理任务,23
1896,批量推理任务,89
1897,人工智能训练任务,505
1897,实时推理任务,40
1897,批量推理任务,26
1898,人工智能训练任务,259
1898,实时推理任务,19
1898,批量推理任务,70
1899,人工智能训练任务,262
1899,实时推理任务,16
1899,批量推理任务,111
1900,人工智能训练任务,558
1900,实时推理任务,25
1900,批量推理任务,120
1901,人工智能训练任务,378
1901,实时推理任务,41
1901,批量推理任务,87
1902,人工智能训练任务,244
1902,实时推理任务,23
1902,批量推理任务,86
1903,人工智能训练任务,407
1903,实时推理任务,45
1903,批量推理任务,110
1904,人工智能训练任务,178
1904,实时推理任务,25
1904,批量推理任务,175
1905,人工智能训练任务,386
1905,实时推理任务,31
1905,批量推理任务,61
1906,人工智能训练任务,229
1906,实时推理任务,33
1906,批量推理任务,75
1907,人工智能训练任务,218
1907,实时推理任务,31
1907,批量推理任务,70
1908,人工智能训练任务,452
1908,实时推理任务,13
1908,批量推理任务,131
1909,人工智能训练任务,762
1909,实时推理任务,21
1909,批量推理任务,108
1910,人工智能训练任务,258
1910,实时推理任务,43
1910,批量推理任务,100
1911,人工智能训练任务,592
1911,实时推理任务,25
1911,批量推理任务,78
1912,人工智能训练任务,464
1912,实时推理任务,36
1912,批量推理任务,135
1913,人工智能训练任务,254
1913,实时推理任务,33
1913,批量推理任务,82
1914,人工智能训练任务,647
1914,实时推理任务,14
1914,批量推理任务,116
1915,人工智能训练任务,322
1915,实时推理任务,25
1915,批量推理任务,116
1916,人工智能训练任务,68
1916,实时推理任务,30
1916,批量推理任务,88
1917,人工智能训练任务,702
1917,实时推理任务,24
1917,批量推理任务,85
1918,人工智能训练任务,655
1918,实时推理任务,27
1918,批量推理任务,119
1919,人工智能训练任务,625
1919,实时推理任务,18
1919,批量推理任务,98
1920,人工智能训练任务,306
1920,实时推理任务,38
1920,批量推理任务,86
1921,人工智能训练任务,700
1921,实时推理任务,29
1921,批量推理任务,56
1922,人工智能训练任务,658
1922,实时推理任务,34
1922,批量推理任务,10
1923,人工智能训练任务,601
1923,实时推理任务,33
1923,批量推理任务,58
1924,人工智能训练任务,712
1924,实时推理任务,20
1924,批量推理任务,161
1925,人工智能训练任务,545
1925,实时推理任务,30
1925,批量推理任务,65
1926,人工智能训练任务,835
1926,实时推理任务,26
1926,批量推理任务,72
1927,人工智能训练任务,536
1927,实时推理任务,21
1927,批量推理任务,55
1928,人工智能训练任务,400
1928,实时推理任务,47
1928,批量推理任务,138
1929,人工智能训练任务,603
1929,实时推理任务,19
1929,批量推理任务,69
1930,人工智能训练任务,269
1930,实时推理任务,33
1930,批量推理任务,97
1931,人工智能训练任务,453
1931,实时推理任务,14
1931,批量推理任务,102
1932,人工智能训练任务,419
1932,实时推理任务,42
1932,批量推理任务,23
1933,人工智能训练任务,449
1933,实时推理任务,14
1933,批量推理任务,86
1934,人工智能训练任务,904
1934,实时推理任务,50
1934,批量推理任务,97
1935,人工智能训练任务,635
1935,实时推理任务,39
1935,批量推理任务,83
1936,人工智能训练任务,288
1936,实时推理任务,13
1936,批量推理任务,27
1937,人工智能训练任务,608
1937,实时推理任务,9
1937,批量推理任务,77
1938,人工智能训练任务,177
1938,实时推理任务,13
1938,批量推理任务,102
1939,人工智能训练任务,1188
1939,实时推理任务,22
1939,批量推理任务,76
1940,人工智能训练任务,276
1940,实时推理任务,37
1940,批量推理任务,59
1941,人工智能训练任务,523
1941,实时推理任务,41
1941,批量推理任务,52
1942,人工智能训练任务,453
1942,实时推理任务,23
1942,批量推理任务,164
1943,人工智能训练任务,451
1943,实时推理任务,52
1943,批量推理任务,71
1944,人工智能训练任务,742
1944,实时推理任务,51
1944,批量推理任务,68
1945,人工智能训练任务,516
1945,实时推理任务,25
1945,批量推理任务,117
1946,人工智能训练任务,496
1946,实时推理任务,41
1946,批量推理任务,54
1947,人工智能训练任务,46
1947,实时推理任务,15
1947,批量推理任务,83
1948,人工智能训练任务,964
1948,实时推理任务,36
1948,批量推理任务,135
1949,人工智能训练任务,351
1949,实时推理任务,51
1949,批量推理任务,52
1950,人工智能训练任务,277
1950,实时推理任务,32
1950,批量推理任务,128
1951,人工智能训练任务,571
1951,实时推理任务,13
1951,批量推理任务,98
1952,人工智能训练任务,703
1952,实时推理任务,31
1952,批量推理任务,108
1953,人工智能训练任务,345
1953,实时推理任务,41
1953,批量推理任务,140
1954,人工智能训练任务,528
1954,实时推理任务,27
1954,批量推理任务,46
1955,人工智能训练任务,552
1955,实时推理任务,14
1955,批量推理任务,67
1956,人工智能训练任务,379
1956,实时推理任务,29
1956,批量推理任务,109
1957,人工智能训练任务,313
1957,实时推理任务,21
1957,批量推理任务,40
1958,人工智能训练任务,95
1958,实时推理任务,42
1958,批量推理任务,203
1959,人工智能训练任务,735
1959,实时推理任务,17
1959,批量推理任务,168
1960,人工智能训练任务,548
1960,实时推理任务,25
1960,批量推理任务,113
1961,人工智能训练任务,783
1961,实时推理任务,43
1961,批量推理任务,137
1962,人工智能训练任务,858
1962,实时推理任务,15
1962,批量推理任务,70
1963,人工智能训练任务,193
1963,实时推理任务,16
1963,批量推理任务,75
1964,人工智能训练任务,635
1964,实时推理任务,17
1964,批量推理任务,99
1965,人工智能训练任务,431
1965,实时推理任务,29
1965,批量推理任务,87
1966,人工智能训练任务,586
1966,实时推理任务,24
1966,批量推理任务,143
1967,人工智能训练任务,482
1967,实时推理任务,25
1967,批量推理任务,101
1968,人工智能训练任务,637
1968,实时推理任务,9
1968,批量推理任务,140
1969,人工智能训练任务,720
1969,实时推理任务,14
1969,批量推理任务,98
1970,人工智能训练任务,306
1970,实时推理任务,25
1970,批量推理任务,77
1971,人工智能训练任务,197
1971,实时推理任务,36
1971,批量推理任务,134
1972,人工智能训练任务,400
1972,实时推理任务,15
1972,批量推理任务,25
1973,人工智能训练任务,140
1973,实时推理任务,17
1973,批量推理任务,38
1974,人工智能训练任务,855
1974,实时推理任务,11
1974,批量推理任务,49
1975,人工智能训练任务,639
1975,实时推理任务,21
1975,批量推理任务,121
1976,人工智能训练任务,400
1976,实时推理任务,34
1976,批量推理任务,126
1977,人工智能训练任务,331
1977,实时推理任务,24
1977,批量推理任务,102
1978,人工智能训练任务,755
1978,实时推理任务,14
1978,批量推理任务,73
1979,人工智能训练任务,652
1979,实时推理任务,25
1979,批量推理任务,111
1980,人工智能训练任务,550
1980,实时推理任务,13
1980,批量推理任务,107
1981,人工智能训练任务,725
1981,实时推理任务,31
1981,批量推理任务,78
1982,人工智能训练任务,435
1982,实时推理任务,37
1982,批量推理任务,92
1983,人工智能训练任务,664
1983,实时推理任务,20
1983,批量推理任务,134
1984,人工智能训练任务,692
1984,实时推理任务,31
1984,批量推理任务,87
1985,人工智能训练任务,321
1985,实时推理任务,9
1985,批量推理任务,101
1986,人工智能训练任务,300
1986,实时推理任务,33
1986,批量推理任务,119
1987,人工智能训练任务,641
1987,实时推理任务,15
1987,批量推理任务,73
1988,人工智能训练任务,338
1988,实时推理任务,41
1988,批量推理任务,110
1989,人工智能训练任务,537
1989,实时推理任务,20
1989,批量推理任务,101
1990,人工智能训练任务,311
1990,实时推理任务,44
1990,批量推理任务,159
1991,人工智能训练任务,766
1991,实时推理任务,15
1991,批量推理任务,113
1992,人工智能训练任务,410
1992,实时推理任务,19
1992,批量推理任务,121
1993,人工智能训练任务,373
1993,实时推理任务,21
1993,批量推理任务,152
1994,人工智能训练任务,540
1994,实时推理任务,24
1994,批量推理任务,113
1995,人工智能训练任务,253
1995,实时推理任务,24
1995,批量推理任务,80
1996,人工智能训练任务,212
1996,实时推理任务,28
1996,批量推理任务,96
1997,人工智能训练任务,261
1997,实时推理任务,47
1997,批量推理任务,10
1998,人工智能训练任务,482
1998,实时推理任务,44
1998,批量推理任务,38
1999,人工智能训练任务,488
1999,实时推理任务,25
1999,批量推理任务,136
2000,人工智能训练任务,355
2000,实时推理任务,43
2000,批量推理任务,37
2001,人工智能训练任务,626
2001,实时推理任务,11
2001,批量推理任务,48
2002,人工智能训练任务,327
2002,实时推理任务,37
2002,批量推理任务,76
2003,人工智能训练任务,518
2003,实时推理任务,21
2003,批量推理任务,132
2004,人工智能训练任务,508
2004,实时推理任务,10
2004,批量推理任务,114
2005,人工智能训练任务,394
2005,实时推理任务,13
2005,批量推理任务,89
2006,人工智能训练任务,567
2006,实时推理任务,23
2006,批量推理任务,68
2007,人工智能训练任务,771
2007,实时推理任务,27
2007,批量推理任务,161
2008,人工智能训练任务,607
2008,实时推理任务,30
2008,批量推理任务,73
2009,人工智能训练任务,716
2009,实时推理任务,23
2009,批量推理任务,108
2010,人工智能训练任务,1030
2010,实时推理任务,36
2010,批量推理任务,79
2011,人工智能训练任务,612
2011,实时推理任务,23
2011,批量推理任务,181
2012,人工智能训练任务,554
2012,实时推理任务,14
2012,批量推理任务,163
2013,人工智能训练任务,1066
2013,实时推理任务,61
2013,批量推理任务,78
2014,人工智能训练任务,594
2014,实时推理任务,9
2014,批量推理任务,169
2015,人工智能训练任务,765
2015,实时推理任务,23
2015,批量推理任务,141
2016,人工智能训练任务,523
2016,实时推理任务,16
2016,批量推理任务,12
2017,人工智能训练任务,513
2017,实时推理任务,20
2017,批量推理任务,90
2018,人工智能训练任务,848
2018,实时推理任务,19
2018,批量推理任务,58
2019,人工智能训练任务,914
2019,实时推理任务,4
2019,批量推理任务,100
2020,人工智能训练任务,488
2020,实时推理任务,20
2020,批量推理任务,53
2021,人工智能训练任务,921
2021,实时推理任务,30
2021,批量推理任务,80
2022,人工智能训练任务,218
2022,实时推理任务,11
2022,批量推理任务,79
2023,人工智能训练任务,619
2023,实时推理任务,30
2023,批量推理任务,72
2024,人工智能训练任务,724
2024,实时推理任务,29
2024,批量推理任务,75
2025,人工智能训练任务,426
2025,实时推理任务,35
2025,批量推理任务,37
2026,人工智能训练任务,530
2026,实时推理任务,24
2026,批量推理任务,71
2027,人工智能训练任务,554
2027,实时推理任务,21
2027,批量推理任务,108
2028,人工智能训练任务,681
2028,实时推理任务,9
2028,批量推理任务,190
2029,人工智能训练任务,584
2029,实时推理任务,21
2029,批量推理任务,166
2030,人工智能训练任务,184
2030,实时推理任务,25
2030,批量推理任务,147
2031,人工智能训练任务,435
2031,实时推理任务,32
2031,批量推理任务,99
2032,人工智能训练任务,223
2032,实时推理任务,41
2032,批量推理任务,93
2033,人工智能训练任务,350
2033,实时推理任务,34
2033,批量推理任务,138
2034,人工智能训练任务,377
2034,实时推理任务,34
2034,批量推理任务,67
2035,人工智能训练任务,539
2035,实时推理任务,63
2035,批量推理任务,30
2036,人工智能训练任务,161
2036,实时推理任务,13
2036,批量推理任务,72
2037,人工智能训练任务,656
2037,实时推理任务,19
2037,批量推理任务,106
2038,人工智能训练任务,741
2038,实时推理任务,24
2038,批量推理任务,73
2039,人工智能训练任务,625
2039,实时推理任务,18
2039,批量推理任务,147
2040,人工智能训练任务,708
2040,实时推理任务,20
2040,批量推理任务,94
2041,人工智能训练任务,327
2041,实时推理任务,19
2041,批量推理任务,33
2042,人工智能训练任务,110
2042,实时推理任务,10
2042,批量推理任务,121
2043,人工智能训练任务,306
2043,实时推理任务,21
2043,批量推理任务,122
2044,人工智能训练任务,296
2044,实时推理任务,27
2044,批量推理任务,92
2045,人工智能训练任务,530
2045,实时推理任务,14
2045,批量推理任务,124
2046,人工智能训练任务,836
2046,实时推理任务,54
2046,批量推理任务,97
2047,人工智能训练任务,292
2047,实时推理任务,38
2047,批量推理任务,97
2048,人工智能训练任务,542
2048,实时推理任务,10
2048,批量推理任务,179
2049,人工智能训练任务,630
2049,实时推理任务,35
2049,批量推理任务,73
2050,人工智能训练任务,206
2050,实时推理任务,55
2050,批量推理任务,110
2051,人工智能训练任务,277
2051,实时推理任务,15
2051,批量推理任务,105
2052,人工智能训练任务,653
2052,实时推理任务,30
2052,批量推理任务,81
2053,人工智能训练任务,296
2053,实时推理任务,26
2053,批量推理任务,152
2054,人工智能训练任务,59
2054,实时推理任务,44
2054,批量推理任务,62
2055,人工智能训练任务,730
2055,实时推理任务,21
2055,批量推理任务,58
2056,人工智能训练任务,640
2056,实时推理任务,43
2056,批量推理任务,109
2057,人工智能训练任务,556
2057,实时推理任务,48
2057,批量推理任务,181
2058,人工智能训练任务,404
2058,实时推理任务,30
2058,批量推理任务,70
2059,人工智能训练任务,507
2059,实时推理任务,36
2059,批量推理任务,35
2060,人工智能训练任务,524
2060,实时推理任务,23
2060,批量推理任务,36
2061,人工智能训练任务,357
2061,实时推理任务,19
2061,批量推理任务,136
2062,人工智能训练任务,364
2062,实时推理任务,24
2062,批量推理任务,72
2063,人工智能训练任务,962
2063,实时推理任务,33
2063,批量推理任务,95
2064,人工智能训练任务,504
2064,实时推理任务,19
2064,批量推理任务,54
2065,人工智能训练任务,576
2065,实时推理任务,18
2065,批量推理任务,78
2066,人工智能训练任务,805
2066,实时推理任务,39
2066,批量推理任务,22
2067,人工智能训练任务,450
2067,实时推理任务,29
2067,批量推理任务,82
2068,人工智能训练任务,661
2068,实时推理任务,26
2068,批量推理任务,101
2069,人工智能训练任务,356
2069,实时推理任务,30
2069,批量推理任务,36
2070,人工智能训练任务,292
2070,实时推理任务,20
2070,批量推理任务,128
2071,人工智能训练任务,192
2071,实时推理任务,29
2071,批量推理任务,105
2072,人工智能训练任务,441
2072,实时推理任务,27
2072,批量推理任务,106
2073,人工智能训练任务,439
2073,实时推理任务,11
2073,批量推理任务,98
2074,人工智能训练任务,718
2074,实时推理任务,32
2074,批量推理任务,64
2075,人工智能训练任务,226
2075,实时推理任务,19
2075,批量推理任务,52
2076,人工智能训练任务,746
2076,实时推理任务,33
2076,批量推理任务,97
2077,人工智能训练任务,438
2077,实时推理任务,46
2077,批量推理任务,109
2078,人工智能训练任务,811
2078,实时推理任务,21
2078,批量推理任务,93
2079,人工智能训练任务,343
2079,实时推理任务,57
2079,批量推理任务,81
2080,人工智能训练任务,318
2080,实时推理任务,41
2080,批量推理任务,78
2081,人工智能训练任务,914
2081,实时推理任务,42
2081,批量推理任务,39
2082,人工智能训练任务,329
2082,实时推理任务,25
2082,批量推理任务,77
2083,人工智能训练任务,544
2083,实时推理任务,21
2083,批量推理任务,117
2084,人工智能训练任务,555
2084,实时推理任务,31
2084,批量推理任务,72
2085,人工智能训练任务,334
2085,实时推理任务,14
2085,批量推理任务,46
2086,人工智能训练任务,337
2086,实时推理任务,17
2086,批量推理任务,119
2087,人工智能训练任务,551
2087,实时推理任务,26
2087,批量推理任务,135
2088,人工智能训练任务,561
2088,实时推理任务,22
2088,批量推理任务,103
2089,人工智能训练任务,863
2089,实时推理任务,31
2089,批量推理任务,50
2090,人工智能训练任务,450
2090,实时推理任务,32
2090,批量推理任务,78
2091,人工智能训练任务,556
2091,实时推理任务,29
2091,批量推理任务,84
2092,人工智能训练任务,894
2092,实时推理任务,34
2092,批量推理任务,61
2093,人工智能训练任务,539
2093,实时推理任务,26
2093,批量推理任务,141
2094,人工智能训练任务,793
2094,实时推理任务,54
2094,批量推理任务,150
2095,人工智能训练任务,605
2095,实时推理任务,39
2095,批量推理任务,109
2096,人工智能训练任务,521
2096,实时推理任务,14
2096,批量推理任务,100
2097,人工智能训练任务,840
2097,实时推理任务,28
2097,批量推理任务,54
2098,人工智能训练任务,359
2098,实时推理任务,22
2098,批量推理任务,50
2099,人工智能训练任务,366
2099,实时推理任务,28
2099,批量推理任务,228
2100,人工智能训练任务,386
2100,实时推理任务,23
2100,批量推理任务,60
2101,人工智能训练任务,334
2101,实时推理任务,11
2101,批量推理任务,98
2102,人工智能训练任务,151
2102,实时推理任务,54
2102,批量推理任务,70
2103,人工智能训练任务,270
2103,实时推理任务,29
2103,批量推理任务,127
2104,人工智能训练任务,285
2104,实时推理任务,23
2104,批量推理任务,56
2105,人工智能训练任务,390
2105,实时推理任务,27
2105,批量推理任务,60
2106,人工智能训练任务,472
2106,实时推理任务,6
2106,批量推理任务,150
2107,人工智能训练任务,283
2107,实时推理任务,18
2107,批量推理任务,103
2108,人工智能训练任务,594
2108,实时推理任务,28
2108,批量推理任务,49
2109,人工智能训练任务,301
2109,实时推理任务,21
2109,批量推理任务,222
2110,人工智能训练任务,332
2110,实时推理任务,30
2110,批量推理任务,113
2111,人工智能训练任务,646
2111,实时推理任务,25
2111,批量推理任务,89
2112,人工智能训练任务,305
2112,实时推理任务,26
2112,批量推理任务,75
2113,人工智能训练任务,187
2113,实时推理任务,20
2113,批量推理任务,74
2114,人工智能训练任务,662
2114,实时推理任务,19
2114,批量推理任务,75
2115,人工智能训练任务,453
2115,实时推理任务,12
2115,批量推理任务,89
2116,人工智能训练任务,863
2116,实时推理任务,12
2116,批量推理任务,67
2117,人工智能训练任务,947
2117,实时推理任务,31
2117,批量推理任务,65
2118,人工智能训练任务,585
2118,实时推理任务,18
2118,批量推理任务,51
2119,人工智能训练任务,473
2119,实时推理任务,16
2119,批量推理任务,100
2120,人工智能训练任务,599
2120,实时推理任务,40
2120,批量推理任务,52
2121,人工智能训练任务,532
2121,实时推理任务,21
2121,批量推理任务,71
2122,人工智能训练任务,422
2122,实时推理任务,31
2122,批量推理任务,47
2123,人工智能训练任务,177
2123,实时推理任务,32
2123,批量推理任务,86
2124,人工智能训练任务,201
2124,实时推理任务,15
2124,批量推理任务,30
2125,人工智能训练任务,609
2125,实时推理任务,16
2125,批量推理任务,90
2126,人工智能训练任务,324
2126,实时推理任务,20
2126,批量推理任务,76
2127,人工智能训练任务,404
2127,实时推理任务,32
2127,批量推理任务,97
2128,人工智能训练任务,562
2128,实时推理任务,64
2128,批量推理任务,91
2129,人工智能训练任务,602
2129,实时推理任务,42
2129,批量推理任务,97
2130,人工智能训练任务,439
2130,实时推理任务,28
2130,批量推理任务,65
2131,人工智能训练任务,390
2131,实时推理任务,18
2131,批量推理任务,36
2132,人工智能训练任务,745
2132,实时推理任务,23
2132,批量推理任务,151
2133,人工智能训练任务,260
2133,实时推理任务,34
2133,批量推理任务,103
2134,人工智能训练任务,364
2134,实时推理任务,34
2134,批量推理任务,135
2135,人工智能训练任务,412
2135,实时推理任务,45
2135,批量推理任务,71
2136,人工智能训练任务,99
2136,实时推理任务,12
2136,批量推理任务,70
2137,人工智能训练任务,722
2137,实时推理任务,43
2137,批量推理任务,113
2138,人工智能训练任务,771
2138,实时推理任务,12
2138,批量推理任务,85
2139,人工智能训练任务,866
2139,实时推理任务,19
2139,批量推理任务,109
2140,人工智能训练任务,786
2140,实时推理任务,22
2140,批量推理任务,66
2141,人工智能训练任务,418
2141,实时推理任务,27
2141,批量推理任务,107
2142,人工智能训练任务,325
2142,实时推理任务,26
2142,批量推理任务,72
2143,人工智能训练任务,881
2143,实时推理任务,23
2143,批量推理任务,85
2144,人工智能训练任务,291
2144,实时推理任务,21
2144,批量推理任务,79
2145,人工智能训练任务,504
2145,实时推理任务,50
2145,批量推理任务,64
2146,人工智能训练任务,657
2146,实时推理任务,9
2146,批量推理任务,92
2147,人工智能训练任务,160
2147,实时推理任务,37
2147,批量推理任务,55
2148,人工智能训练任务,845
2148,实时推理任务,38
2148,批量推理任务,96
2149,人工智能训练任务,851
2149,实时推理任务,42
2149,批量推理任务,49
2150,人工智能训练任务,553
2150,实时推理任务,23
2150,批量推理任务,94
2151,人工智能训练任务,549
2151,实时推理任务,33
2151,批量推理任务,111
2152,人工智能训练任务,420
2152,实时推理任务,23
2152,批量推理任务,67
2153,人工智能训练任务,310
2153,实时推理任务,36
2153,批量推理任务,39
2154,人工智能训练任务,272
2154,实时推理任务,25
2154,批量推理任务,81
2155,人工智能训练任务,651
2155,实时推理任务,28
2155,批量推理任务,105
2156,人工智能训练任务,412
2156,实时推理任务,43
2156,批量推理任务,97
2157,人工智能训练任务,498
2157,实时推理任务,34
2157,批量推理任务,28
2158,人工智能训练任务,418
2158,实时推理任务,15
2158,批量推理任务,107
2159,人工智能训练任务,267
2159,实时推理任务,29
2159,批量推理任务,86
2160,人工智能训练任务,405
2160,实时推理任务,28
2160,批量推理任务,55
2161,人工智能训练任务,413
2161,实时推理任务,26
2161,批量推理任务,99
2162,人工智能训练任务,121
2162,实时推理任务,30
2162,批量推理任务,111
2163,人工智能训练任务,605
2163,实时推理任务,41
2163,批量推理任务,79
2164,人工智能训练任务,396
2164,实时推理任务,20
2164,批量推理任务,102
2165,人工智能训练任务,332
2165,实时推理任务,14
2165,批量推理任务,120
2166,人工智能训练任务,686
2166,实时推理任务,30
2166,批量推理任务,30
2167,人工智能训练任务,571
2167,实时推理任务,45
2167,批量推理任务,31
2168,人工智能训练任务,1020
2168,实时推理任务,15
2168,批量推理任务,58
2169,人工智能训练任务,393
2169,实时推理任务,12
2169,批量推理任务,191
2170,人工智能训练任务,276
2170,实时推理任务,33
2170,批量推理任务,56
2171,人工智能训练任务,44
2171,实时推理任务,37
2171,批量推理任务,83
2172,人工智能训练任务,387
2172,实时推理任务,26
2172,批量推理任务,139
2173,人工智能训练任务,522
2173,实时推理任务,27
2173,批量推理任务,121
2174,人工智能训练任务,862
2174,实时推理任务,24
2174,批量推理任务,106
2175,人工智能训练任务,701
2175,实时推理任务,9
2175,批量推理任务,64
2176,人工智能训练任务,163
2176,实时推理任务,50
2176,批量推理任务,66
2177,人工智能训练任务,316
2177,实时推理任务,23
2177,批量推理任务,91
2178,人工智能训练任务,584
2178,实时推理任务,15
2178,批量推理任务,99
2179,人工智能训练任务,178
2179,实时推理任务,30
2179,批量推理任务,73
2180,人工智能训练任务,478
2180,实时推理任务,13
2180,批量推理任务,109
2181,人工智能训练任务,336
2181,实时推理任务,29
2181,批量推理任务,93
2182,人工智能训练任务,527
2182,实时推理任务,25
2182,批量推理任务,131
2183,人工智能训练任务,544
2183,实时推理任务,45
2183,批量推理任务,59
2184,人工智能训练任务,733
2184,实时推理任务,31
2184,批量推理任务,101
2185,人工智能训练任务,643
2185,实时推理任务,29
2185,批量推理任务,139
2186,人工智能训练任务,661
2186,实时推理任务,21
2186,批量推理任务,66
2187,人工智能训练任务,374
2187,实时推理任务,37
2187,批量推理任务,223
2188,人工智能训练任务,613
2188,实时推理任务,33
2188,批量推理任务,100
2189,人工智能训练任务,231
2189,实时推理任务,40
2189,批量推理任务,154
2190,人工智能训练任务,651
2190,实时推理任务,11
2190,批量推理任务,123
2191,人工智能训练任务,506
2191,实时推理任务,34
2191,批量推理任务,150
2192,人工智能训练任务,982
2192,实时推理任务,27
2192,批量推理任务,79
2193,人工智能训练任务,682
2193,实时推理任务,14
2193,批量推理任务,115
2194,人工智能训练任务,433
2194,实时推理任务,27
2194,批量推理任务,104
2195,人工智能训练任务,233
2195,实时推理任务,18
2195,批量推理任务,94
2196,人工智能训练任务,893
2196,实时推理任务,15
2196,批量推理任务,130
2197,人工智能训练任务,585
2197,实时推理任务,40
2197,批量推理任务,42
2198,人工智能训练任务,312
2198,实时推理任务,14
2198,批量推理任务,95
2199,人工智能训练任务,432
2199,实时推理任务,13
2199,批量推理任务,112
2200,人工智能训练任务,234
2200,实时推理任务,18
2200,批量推理任务,188
2201,人工智能训练任务,750
2201,实时推理任务,29
2201,批量推理任务,111
2202,人工智能训练任务,357
2202,实时推理任务,27
2202,批量推理任务,127
2203,人工智能训练任务,764
2203,实时推理任务,21
2203,批量推理任务,134
2204,人工智能训练任务,504
2204,实时推理任务,15
2204,批量推理任务,71
2205,人工智能训练任务,845
2205,实时推理任务,13
2205,批量推理任务,22
2206,人工智能训练任务,440
2206,实时推理任务,12
2206,批量推理任务,153
2207,人工智能训练任务,439
2207,实时推理任务,28
2207,批量推理任务,200
2208,人工智能训练任务,647
2208,实时推理任务,40
2208,批量推理任务,41
2209,人工智能训练任务,348
2209,实时推理任务,29
2209,批量推理任务,40
2210,人工智能训练任务,629
2210,实时推理任务,27
2210,批量推理任务,99
2211,人工智能训练任务,691
2211,实时推理任务,28
2211,批量推理任务,69
2212,人工智能训练任务,1198
2212,实时推理任务,22
2212,批量推理任务,51
2213,人工智能训练任务,387
2213,实时推理任务,30
2213,批量推理任务,85
2214,人工智能训练任务,66
2214,实时推理任务,33
2214,批量推理任务,128
2215,人工智能训练任务,542
2215,实时推理任务,15
2215,批量推理任务,154
2216,人工智能训练任务,334
2216,实时推理任务,38
2216,批量推理任务,9
2217,人工智能训练任务,933
2217,实时推理任务,37
2217,批量推理任务,132
2218,人工智能训练任务,292
2218,实时推理任务,39
2218,批量推理任务,52
2219,人工智能训练任务,1094
2219,实时推理任务,22
2219,批量推理任务,64
2220,人工智能训练任务,558
2220,实时推理任务,30
2220,批量推理任务,114
2221,人工智能训练任务,334
2221,实时推理任务,22
2221,批量推理任务,76
2222,人工智能训练任务,273
2222,实时推理任务,29
2222,批量推理任务,48
2223,人工智能训练任务,580
2223,实时推理任务,13
2223,批量推理任务,121
2224,人工智能训练任务,532
2224,实时推理任务,34
2224,批量推理任务,30
2225,人工智能训练任务,535
2225,实时推理任务,28
2225,批量推理任务,161
2226,人工智能训练任务,571
2226,实时推理任务,38
2226,批量推理任务,46
2227,人工智能训练任务,329
2227,实时推理任务,16
2227,批量推理任务,42
2228,人工智能训练任务,251
2228,实时推理任务,45
2228,批量推理任务,37
2229,人工智能训练任务,646
2229,实时推理任务,11
2229,批量推理任务,82
2230,人工智能训练任务,432
2230,实时推理任务,40
2230,批量推理任务,103
2231,人工智能训练任务,493
2231,实时推理任务,22
2231,批量推理任务,144
2232,人工智能训练任务,238
2232,实时推理任务,48
2232,批量推理任务,37
2233,人工智能训练任务,443
2233,实时推理任务,9
2233,批量推理任务,71
2234,人工智能训练任务,762
2234,实时推理任务,50
2234,批量推理任务,59
2235,人工智能训练任务,271
2235,实时推理任务,30
2235,批量推理任务,147
2236,人工智能训练任务,691
2236,实时推理任务,28
2236,批量推理任务,187
2237,人工智能训练任务,780
2237,实时推理任务,43
2237,批量推理任务,77
2238,人工智能训练任务,620
2238,实时推理任务,13
2238,批量推理任务,100
2239,人工智能训练任务,709
2239,实时推理任务,28
2239,批量推理任务,68
2240,人工智能训练任务,419
2240,实时推理任务,28
2240,批量推理任务,57
2241,人工智能训练任务,427
2241,实时推理任务,34
2241,批量推理任务,84
2242,人工智能训练任务,295
2242,实时推理任务,29
2242,批量推理任务,130
2243,人工智能训练任务,325
2243,实时推理任务,25
2243,批量推理任务,84
2244,人工智能训练任务,771
2244,实时推理任务,32
2244,批量推理任务,142
2245,人工智能训练任务,519
2245,实时推理任务,27
2245,批量推理任务,109
2246,人工智能训练任务,530
2246,实时推理任务,27
2246,批量推理任务,71
2247,人工智能训练任务,488
2247,实时推理任务,20
2247,批量推理任务,76
2248,人工智能训练任务,322
2248,实时推理任务,29
2248,批量推理任务,114
2249,人工智能训练任务,586
2249,实时推理任务,5
2249,批量推理任务,86
2250,人工智能训练任务,312
2250,实时推理任务,20
2250,批量推理任务,113
2251,人工智能训练任务,373
2251,实时推理任务,21
2251,批量推理任务,75
2252,人工智能训练任务,212
2252,实时推理任务,26
2252,批量推理任务,94
2253,人工智能训练任务,406
2253,实时推理任务,45
2253,批量推理任务,53
2254,人工智能训练任务,258
2254,实时推理任务,31
2254,批量推理任务,94
2255,人工智能训练任务,726
2255,实时推理任务,44
2255,批量推理任务,133
2256,人工智能训练任务,512
2256,实时推理任务,33
2256,批量推理任务,76
2257,人工智能训练任务,409
2257,实时推理任务,28
2257,批量推理任务,111
2258,人工智能训练任务,597
2258,实时推理任务,21
2258,批量推理任务,79
2259,人工智能训练任务,508
2259,实时推理任务,47
2259,批量推理任务,64
2260,人工智能训练任务,374
2260,实时推理任务,28
2260,批量推理任务,84
2261,人工智能训练任务,710
2261,实时推理任务,34
2261,批量推理任务,69
2262,人工智能训练任务,316
2262,实时推理任务,16
2262,批量推理任务,127
2263,人工智能训练任务,276
2263,实时推理任务,25
2263,批量推理任务,177
2264,人工智能训练任务,321
2264,实时推理任务,42
2264,批量推理任务,89
2265,人工智能训练任务,216
2265,实时推理任务,21
2265,批量推理任务,98
2266,人工智能训练任务,643
2266,实时推理任务,15
2266,批量推理任务,140
2267,人工智能训练任务,453
2267,实时推理任务,37
2267,批量推理任务,169
2268,人工智能训练任务,496
2268,实时推理任务,15
2268,批量推理任务,131
2269,人工智能训练任务,334
2269,实时推理任务,29
2269,批量推理任务,90
2270,人工智能训练任务,631
2270,实时推理任务,16
2270,批量推理任务,57
2271,人工智能训练任务,273
2271,实时推理任务,31
2271,批量推理任务,113
2272,人工智能训练任务,538
2272,实时推理任务,34
2272,批量推理任务,153
2273,人工智能训练任务,277
2273,实时推理任务,22
2273,批量推理任务,57
2274,人工智能训练任务,296
2274,实时推理任务,46
2274,批量推理任务,65
2275,人工智能训练任务,336
2275,实时推理任务,35
2275,批量推理任务,154
2276,人工智能训练任务,714
2276,实时推理任务,25
2276,批量推理任务,112
2277,人工智能训练任务,629
2277,实时推理任务,19
2277,批量推理任务,145
2278,人工智能训练任务,432
2278,实时推理任务,26
2278,批量推理任务,106
2279,人工智能训练任务,629
2279,实时推理任务,26
2279,批量推理任务,105
2280,人工智能训练任务,897
2280,实时推理任务,25
2280,批量推理任务,82
2281,人工智能训练任务,551
2281,实时推理任务,23
2281,批量推理任务,91
2282,人工智能训练任务,415
2282,实时推理任务,38
2282,批量推理任务,114
2283,人工智能训练任务,407
2283,实时推理任务,32
2283,批量推理任务,128
2284,人工智能训练任务,414
2284,实时推理任务,30
2284,批量推理任务,74
2285,人工智能训练任务,514
2285,实时推理任务,40
2285,批量推理任务,124
2286,人工智能训练任务,343
2286,实时推理任务,33
2286,批量推理任务,89
2287,人工智能训练任务,799
2287,实时推理任务,17
2287,批量推理任务,104
2288,人工智能训练任务,475
2288,实时推理任务,42
2288,批量推理任务,60
2289,人工智能训练任务,238
2289,实时推理任务,34
2289,批量推理任务,166
2290,人工智能训练任务,228
2290,实时推理任务,26
2290,批量推理任务,99
2291,人工智能训练任务,508
2291,实时推理任务,36
2291,批量推理任务,84
2292,人工智能训练任务,284
2292,实时推理任务,24
2292,批量推理任务,40
2293,人工智能训练任务,268
2293,实时推理任务,25
2293,批量推理任务,96
2294,人工智能训练任务,734
2294,实时推理任务,43
2294,批量推理任务,178
2295,人工智能训练任务,620
2295,实时推理任务,25
2295,批量推理任务,151
2296,人工智能训练任务,429
2296,实时推理任务,5
2296,批量推理任务,85
2297,人工智能训练任务,1046
2297,实时推理任务,41
2297,批量推理任务,107
2298,人工智能训练任务,167
2298,实时推理任务,24
2298,批量推理任务,64
2299,人工智能训练任务,525
2299,实时推理任务,20
2299,批量推理任务,106
2300,人工智能训练任务,525
2300,实时推理任务,13
2300,批量推理任务,159
2301,人工智能训练任务,534
2301,实时推理任务,43
2301,批量推理任务,72
2302,人工智能训练任务,201
2302,实时推理任务,44
2302,批量推理任务,72
2303,人工智能训练任务,368
2303,实时推理任务,21
2303,批量推理任务,47
2304,人工智能训练任务,253
2304,实时推理任务,37
2304,批量推理任务,42
2305,人工智能训练任务,603
2305,实时推理任务,43
2305,批量推理任务,72
2306,人工智能训练任务,603
2306,实时推理任务,25
2306,批量推理任务,162
2307,人工智能训练任务,438
2307,实时推理任务,22
2307,批量推理任务,116
2308,人工智能训练任务,977
2308,实时推理任务,27
2308,批量推理任务,110
2309,人工智能训练任务,396
2309,实时推理任务,20
2309,批量推理任务,157
2310,人工智能训练任务,263
2310,实时推理任务,21
2310,批量推理任务,52
2311,人工智能训练任务,296
2311,实时推理任务,15
2311,批量推理任务,45
2312,人工智能训练任务,503
2312,实时推理任务,42
2312,批量推理任务,85
2313,人工智能训练任务,278
2313,实时推理任务,30
2313,批量推理任务,41
2314,人工智能训练任务,1023
2314,实时推理任务,13
2314,批量推理任务,59
2315,人工智能训练任务,589
2315,实时推理任务,22
2315,批量推理任务,135
2316,人工智能训练任务,253
2316,实时推理任务,29
2316,批量推理任务,122
2317,人工智能训练任务,733
2317,实时推理任务,33
2317,批量推理任务,41
2318,人工智能训练任务,452
2318,实时推理任务,28
2318,批量推理任务,111
2319,人工智能训练任务,704
2319,实时推理任务,28
2319,批量推理任务,65
2320,人工智能训练任务,580
2320,实时推理任务,19
2320,批量推理任务,37
2321,人工智能训练任务,550
2321,实时推理任务,27
2321,批量推理任务,45
2322,人工智能训练任务,343
2322,实时推理任务,35
2322,批量推理任务,73
2323,人工智能训练任务,251
2323,实时推理任务,20
2323,批量推理任务,126
2324,人工智能训练任务,345
2324,实时推理任务,23
2324,批量推理任务,70
2325,人工智能训练任务,153
2325,实时推理任务,42
2325,批量推理任务,136
2326,人工智能训练任务,641
2326,实时推理任务,19
2326,批量推理任务,126
2327,人工智能训练任务,603
2327,实时推理任务,12
2327,批量推理任务,167
2328,人工智能训练任务,753
2328,实时推理任务,32
2328,批量推理任务,51
2329,人工智能训练任务,216
2329,实时推理任务,24
2329,批量推理任务,126
2330,人工智能训练任务,584
2330,实时推理任务,19
2330,批量推理任务,68
2331,人工智能训练任务,261
2331,实时推理任务,37
2331,批量推理任务,74
2332,人工智能训练任务,437
2332,实时推理任务,24
2332,批量推理任务,155
2333,人工智能训练任务,262
2333,实时推理任务,12
2333,批量推理任务,46
2334,人工智能训练任务,281
2334,实时推理任务,20
2334,批量推理任务,70
2335,人工智能训练任务,319
2335,实时推理任务,16
2335,批量推理任务,139
2336,人工智能训练任务,487
2336,实时推理任务,28
2336,批量推理任务,145
2337,人工智能训练任务,454
2337,实时推理任务,43
2337,批量推理任务,71
2338,人工智能训练任务,416
2338,实时推理任务,56
2338,批量推理任务,88
2339,人工智能训练任务,559
2339,实时推理任务,19
2339,批量推理任务,165
2340,人工智能训练任务,948
2340,实时推理任务,25
2340,批量推理任务,108
2341,人工智能训练任务,573
2341,实时推理任务,42
2341,批量推理任务,126
2342,人工智能训练任务,419
2342,实时推理任务,37
2342,批量推理任务,81
2343,人工智能训练任务,390
2343,实时推理任务,18
2343,批量推理任务,133
2344,人工智能训练任务,703
2344,实时推理任务,25
2344,批量推理任务,90
2345,人工智能训练任务,506
2345,实时推理任务,61
2345,批量推理任务,149
2346,人工智能训练任务,414
2346,实时推理任务,12
2346,批量推理任务,136
2347,人工智能训练任务,296
2347,实时推理任务,17
2347,批量推理任务,98
2348,人工智能训练任务,520
2348,实时推理任务,26
2348,批量推理任务,108
2349,人工智能训练任务,421
2349,实时推理任务,33
2349,批量推理任务,77
2350,人工智能训练任务,1197
2350,实时推理任务,23
2350,批量推理任务,88
2351,人工智能训练任务,563
2351,实时推理任务,41
2351,批量推理任务,116
2352,人工智能训练任务,415
2352,实时推理任务,26
2352,批量推理任务,78
2353,人工智能训练任务,363
2353,实时推理任务,9
2353,批量推理任务,163
2354,人工智能训练任务,321
2354,实时推理任务,19
2354,批量推理任务,79
2355,人工智能训练任务,359
2355,实时推理任务,36
2355,批量推理任务,140
2356,人工智能训练任务,631
2356,实时推理任务,49
2356,批量推理任务,77
2357,人工智能训练任务,255
2357,实时推理任务,49
2357,批量推理任务,106
2358,人工智能训练任务,612
2358,实时推理任务,32
2358,批量推理任务,83
2359,人工智能训练任务,702
2359,实时推理任务,17
2359,批量推理任务,109
2360,人工智能训练任务,755
2360,实时推理任务,19
2360,批量推理任务,90
2361,人工智能训练任务,861
2361,实时推理任务,25
2361,批量推理任务,87
2362,人工智能训练任务,308
2362,实时推理任务,34
2362,批量推理任务,90
2363,人工智能训练任务,253
2363,实时推理任务,7
2363,批量推理任务,53
2364,人工智能训练任务,309
2364,实时推理任务,34
2364,批量推理任务,115
2365,人工智能训练任务,269
2365,实时推理任务,47
2365,批量推理任务,81
2366,人工智能训练任务,403
2366,实时推理任务,35
2366,批量推理任务,71
2367,人工智能训练任务,582
2367,实时推理任务,32
2367,批量推理任务,49
2368,人工智能训练任务,536
2368,实时推理任务,31
2368,批量推理任务,76
2369,人工智能训练任务,830
2369,实时推理任务,16
2369,批量推理任务,41
2370,人工智能训练任务,313
2370,实时推理任务,17
2370,批量推理任务,51
2371,人工智能训练任务,611
2371,实时推理任务,29
2371,批量推理任务,86
2372,人工智能训练任务,329
2372,实时推理任务,37
2372,批量推理任务,132
2373,人工智能训练任务,409
2373,实时推理任务,38
2373,批量推理任务,59
2374,人工智能训练任务,635
2374,实时推理任务,14
2374,批量推理任务,68
2375,人工智能训练任务,346
2375,实时推理任务,16
2375,批量推理任务,75
2376,人工智能训练任务,354
2376,实时推理任务,21
2376,批量推理任务,98
2377,人工智能训练任务,961
2377,实时推理任务,37
2377,批量推理任务,94
2378,人工智能训练任务,795
2378,实时推理任务,15
2378,批量推理任务,113
2379,人工智能训练任务,546
2379,实时推理任务,12
2379,批量推理任务,104
2380,人工智能训练任务,749
2380,实时推理任务,21
2380,批量推理任务,99
2381,人工智能训练任务,669
2381,实时推理任务,26
2381,批量推理任务,91
2382,人工智能训练任务,338
2382,实时推理任务,35
2382,批量推理任务,88
2383,人工智能训练任务,557
2383,实时推理任务,28
2383,批量推理任务,89
2384,人工智能训练任务,478
2384,实时推理任务,29
2384,批量推理任务,29
2385,人工智能训练任务,601
2385,实时推理任务,29
2385,批量推理任务,102
2386,人工智能训练任务,444
2386,实时推理任务,33
2386,批量推理任务,169
2387,人工智能训练任务,811
2387,实时推理任务,51
2387,批量推理任务,132
2388,人工智能训练任务,507
2388,实时推理任务,16
2388,批量推理任务,146
2389,人工智能训练任务,504
2389,实时推理任务,21
2389,批量推理任务,69
2390,人工智能训练任务,903
2390,实时推理任务,15
2390,批量推理任务,131
2391,人工智能训练任务,652
2391,实时推理任务,31
2391,批量推理任务,98
2392,人工智能训练任务,593
2392,实时推理任务,17
2392,批量推理任务,113
2393,人工智能训练任务,245
2393,实时推理任务,36
2393,批量推理任务,77
2394,人工智能训练任务,814
2394,实时推理任务,21
2394,批量推理任务,152
2395,人工智能训练任务,640
2395,实时推理任务,24
2395,批量推理任务,69
2396,人工智能训练任务,548
2396,实时推理任务,37
2396,批量推理任务,137
2397,人工智能训练任务,380
2397,实时推理任务,7
2397,批量推理任务,186
2398,人工智能训练任务,724
2398,实时推理任务,45
2398,批量推理任务,98
2399,人工智能训练任务,423
2399,实时推理任务,23
2399,批量推理任务,99
