到达小时,来源区域,图形处理器总需求
0,区域A,31
0,区域B,97
0,区域C,17
0,区域D,312
0,区域E,84
0,区域F,116
1,区域A,24
1,区域B,9
1,区域C,194
1,区域D,193
1,区域E,139
1,区域F,194
2,区域A,43
2,区域B,192
2,区域C,17
2,区域D,367
2,区域E,96
2,区域F,194
3,区域A,41
3,区域B,94
3,区域D,114
3,区域E,165
3,区域F,118
4,区域A,29
4,区域B,44
4,区域C,17
4,区域D,147
4,区域E,191
4,区域F,10
5,区域A,15
5,区域B,7
5,区域C,39
5,区域D,172
5,区域E,71
5,区域F,151
6,区域A,7
6,区域B,84
6,区域C,100
6,区域D,124
6,区域F,148
7,区域A,38
7,区域B,41
7,区域C,107
7,区域D,304
7,区域E,190
7,区域F,90
8,区域A,108
8,区域B,53
8,区域C,21
8,区域D,147
8,区域E,105
8,区域F,142
9,区域B,42
9,区域C,29
9,区域D,119
9,区域E,159
9,区域F,10
10,区域A,5
10,区域B,21
10,区域C,33
10,区域D,123
10,区域E,328
10,区域F,290
11,区域A,29
11,区域B,35
11,区域C,21
11,区域D,301
11,区域E,21
11,区域F,262
12,区域A,22
12,区域B,126
12,区域C,73
12,区域D,120
12,区域E,127
12,区域F,25
13,区域A,108
13,区域B,30
13,区域C,74
13,区域D,25
13,区域E,293
13,区域F,223
14,区域A,17
14,区域B,26
14,区域C,15
14,区域D,248
14,区域E,163
14,区域F,114
15,区域A,13
15,区域B,133
15,区域C,52
15,区域D,267
15,区域E,90
15,区域F,234
16,区域A,98
16,区域B,152
16,区域C,15
16,区域D,6
16,区域E,23
17,区域A,28
17,区域B,91
17,区域C,29
17,区域D,93
17,区域E,220
17,区域F,373
18,区域A,70
18,区域B,132
18,区域C,95
18,区域D,176
18,区域F,130
19,区域A,302
19,区域B,167
19,区域C,24
19,区域D,216
19,区域E,45
19,区域F,75
20,区域A,41
20,区域B,77
20,区域C,5
20,区域D,177
20,区域E,125
20,区域F,152
21,区域A,85
21,区域B,172
21,区域C,13
21,区域D,95
21,区域E,334
21,区域F,406
22,区域A,20
22,区域B,19
22,区域C,59
22,区域D,135
22,区域F,16
23,区域A,127
23,区域B,37
23,区域C,16
23,区域D,106
23,区域E,17
23,区域F,132
24,区域A,27
24,区域B,16
24,区域D,191
24,区域E,100
24,区域F,342
25,区域A,11
25,区域B,154
25,区域C,9
25,区域E,170
25,区域F,61
26,区域A,14
26,区域B,5
26,区域C,97
26,区域D,100
26,区域E,160
26,区域F,312
27,区域A,12
27,区域B,37
27,区域C,124
27,区域D,187
27,区域E,124
27,区域F,243
28,区域A,31
28,区域B,23
28,区域C,45
28,区域D,556
28,区域E,191
28,区域F,350
29,区域A,135
29,区域B,10
29,区域C,47
29,区域D,353
29,区域E,351
29,区域F,128
30,区域A,164
30,区域B,117
30,区域C,8
30,区域D,31
30,区域E,76
31,区域A,86
31,区域B,20
31,区域C,11
31,区域D,39
31,区域E,22
32,区域A,4
32,区域B,69
32,区域C,239
32,区域D,179
32,区域E,236
32,区域F,478
33,区域A,67
33,区域B,6
33,区域C,83
33,区域D,63
33,区域E,335
33,区域F,177
34,区域A,91
34,区域B,39
34,区域C,160
34,区域D,307
34,区域E,318
34,区域F,225
35,区域A,21
35,区域B,8
35,区域C,54
35,区域D,222
35,区域E,102
35,区域F,16
36,区域A,93
36,区域B,91
36,区域C,12
36,区域D,364
36,区域F,131
37,区域A,83
37,区域B,32
37,区域C,39
37,区域D,82
37,区域E,150
37,区域F,118
38,区域A,5
38,区域B,29
38,区域C,130
38,区域D,66
38,区域E,264
38,区域F,48
39,区域A,68
39,区域B,26
39,区域C,19
39,区域D,194
39,区域E,127
39,区域F,97
40,区域A,38
40,区域B,15
40,区域C,31
40,区域D,157
40,区域E,13
40,区域F,465
41,区域A,34
41,区域B,55
41,区域C,193
41,区域D,144
41,区域E,126
41,区域F,112
42,区域A,54
42,区域B,9
42,区域C,17
42,区域D,74
42,区域E,146
42,区域F,173
43,区域A,75
43,区域B,72
43,区域C,162
43,区域D,149
43,区域E,52
43,区域F,75
44,区域A,112
44,区域B,89
44,区域C,61
44,区域D,396
44,区域E,133
44,区域F,125
45,区域A,30
45,区域B,23
45,区域C,33
45,区域D,103
45,区域E,209
45,区域F,106
46,区域A,74
46,区域B,13
46,区域C,43
46,区域D,24
46,区域E,147
46,区域F,117
47,区域A,84
47,区域B,38
47,区域D,24
47,区域E,204
47,区域F,35
48,区域A,74
48,区域B,80
48,区域C,108
48,区域D,140
48,区域E,219
48,区域F,179
49,区域A,25
49,区域B,68
49,区域C,135
49,区域D,259
49,区域E,64
49,区域F,113
50,区域A,104
50,区域B,35
50,区域C,13
50,区域D,86
50,区域E,157
50,区域F,93
51,区域A,98
51,区域B,38
51,区域C,124
51,区域D,41
51,区域E,5
51,区域F,266
52,区域A,34
52,区域B,28
52,区域C,14
52,区域D,31
52,区域E,117
52,区域F,71
53,区域A,21
53,区域B,19
53,区域C,41
53,区域D,365
53,区域E,328
53,区域F,76
54,区域A,28
54,区域B,51
54,区域C,33
54,区域D,129
54,区域E,7
54,区域F,289
55,区域A,12
55,区域B,119
55,区域C,12
55,区域D,151
55,区域E,224
55,区域F,5
56,区域A,20
56,区域B,21
56,区域C,50
56,区域D,265
56,区域E,157
56,区域F,23
57,区域A,48
57,区域B,110
57,区域C,29
57,区域D,385
57,区域E,41
57,区域F,250
58,区域A,51
58,区域B,36
58,区域C,138
58,区域D,355
58,区域E,12
58,区域F,42
59,区域B,29
59,区域C,21
59,区域D,52
59,区域E,33
59,区域F,7
60,区域A,15
60,区域B,47
60,区域C,117
60,区域D,246
60,区域E,97
60,区域F,24
61,区域A,27
61,区域B,43
61,区域C,20
61,区域D,337
61,区域E,188
61,区域F,242
62,区域A,127
62,区域B,47
62,区域D,201
62,区域E,6
62,区域F,132
63,区域A,138
63,区域B,21
63,区域C,25
63,区域D,419
63,区域E,96
63,区域F,46
64,区域A,20
64,区域B,24
64,区域C,78
64,区域D,224
64,区域F,123
65,区域A,9
65,区域B,21
65,区域C,5
65,区域D,180
65,区域E,83
65,区域F,115
66,区域A,160
66,区域B,15
66,区域C,21
66,区域D,370
66,区域E,60
66,区域F,146
67,区域A,138
67,区域B,19
67,区域C,74
67,区域D,210
67,区域E,83
67,区域F,240
68,区域A,14
68,区域B,6
68,区域C,36
68,区域D,133
68,区域E,97
69,区域A,107
69,区域B,123
69,区域C,32
69,区域D,319
69,区域E,310
69,区域F,193
70,区域A,44
70,区域B,35
70,区域C,111
70,区域E,229
70,区域F,40
71,区域A,52
71,区域B,23
71,区域C,71
71,区域D,26
71,区域E,159
71,区域F,318
72,区域A,125
72,区域B,24
72,区域C,33
72,区域D,122
72,区域E,72
72,区域F,123
73,区域A,58
73,区域B,26
73,区域C,27
73,区域D,18
73,区域E,172
73,区域F,95
74,区域A,25
74,区域B,48
74,区域C,30
74,区域D,380
74,区域E,375
74,区域F,6
75,区域A,7
75,区域B,22
75,区域C,29
75,区域D,330
75,区域E,235
75,区域F,251
76,区域A,25
76,区域B,6
76,区域C,28
76,区域D,322
76,区域E,170
76,区域F,98
77,区域A,197
77,区域B,20
77,区域C,75
77,区域D,128
77,区域E,14
77,区域F,205
78,区域A,51
78,区域B,12
78,区域C,4
78,区域D,160
78,区域E,112
79,区域A,33
79,区域B,37
79,区域C,146
79,区域D,5
79,区域E,117
79,区域F,62
80,区域B,88
80,区域C,47
80,区域D,137
80,区域E,33
80,区域F,194
81,区域A,68
81,区域B,6
81,区域C,28
81,区域D,92
81,区域E,168
81,区域F,25
82,区域A,118
82,区域B,91
82,区域C,50
82,区域D,242
82,区域E,126
82,区域F,116
83,区域A,63
83,区域B,156
83,区域C,91
83,区域D,70
83,区域E,133
83,区域F,114
84,区域A,25
84,区域B,107
84,区域C,9
84,区域D,215
84,区域E,109
84,区域F,116
85,区域A,21
85,区域B,19
85,区域C,183
85,区域D,58
85,区域F,122
86,区域A,36
86,区域B,39
86,区域C,7
86,区域D,100
86,区域E,120
86,区域F,78
87,区域A,19
87,区域B,72
87,区域C,125
87,区域D,29
87,区域E,330
87,区域F,158
88,区域A,25
88,区域B,40
88,区域C,185
88,区域D,278
88,区域E,98
88,区域F,54
89,区域A,69
89,区域B,22
89,区域C,16
89,区域D,175
89,区域E,229
89,区域F,59
90,区域A,31
90,区域B,20
90,区域C,6
90,区域D,107
90,区域E,128
90,区域F,123
91,区域A,138
91,区域B,47
91,区域C,9
91,区域D,216
91,区域E,9
91,区域F,154
92,区域A,47
92,区域B,19
92,区域C,22
92,区域D,265
92,区域E,467
92,区域F,18
93,区域A,51
93,区域B,10
93,区域C,41
93,区域D,60
93,区域E,84
93,区域F,29
94,区域A,65
94,区域B,18
94,区域C,60
94,区域D,278
94,区域E,86
94,区域F,128
95,区域A,8
95,区域B,125
95,区域C,59
95,区域D,229
95,区域E,327
95,区域F,177
96,区域A,11
96,区域B,102
96,区域C,43
96,区域D,279
96,区域E,8
96,区域F,64
97,区域A,52
97,区域B,36
97,区域C,47
97,区域D,144
97,区域E,71
97,区域F,389
98,区域A,47
98,区域B,5
98,区域C,30
98,区域D,106
98,区域E,126
98,区域F,111
99,区域A,21
99,区域B,19
99,区域C,44
99,区域D,67
99,区域E,113
99,区域F,13
100,区域A,15
100,区域B,105
100,区域C,13
100,区域D,102
100,区域F,35
101,区域A,44
101,区域B,14
101,区域C,23
101,区域D,158
101,区域E,184
101,区域F,23
102,区域A,197
102,区域B,33
102,区域D,144
102,区域E,23
102,区域F,138
103,区域A,32
103,区域B,26
103,区域C,69
103,区域D,118
103,区域E,199
103,区域F,88
104,区域A,25
104,区域B,22
104,区域C,71
104,区域D,276
104,区域E,246
104,区域F,197
105,区域A,29
105,区域B,49
105,区域C,33
105,区域D,97
105,区域E,74
105,区域F,224
106,区域A,42
106,区域B,38
106,区域C,66
106,区域E,56
107,区域A,8
107,区域B,90
107,区域C,75
107,区域D,26
107,区域E,185
107,区域F,206
108,区域A,28
108,区域B,147
108,区域C,8
108,区域D,37
108,区域E,130
108,区域F,183
109,区域A,69
109,区域B,37
109,区域C,128
109,区域D,307
109,区域E,8
109,区域F,384
110,区域A,49
110,区域B,4
110,区域C,127
110,区域D,419
110,区域E,80
110,区域F,55
111,区域A,4
111,区域B,76
111,区域C,130
111,区域D,212
111,区域E,6
111,区域F,89
112,区域A,46
112,区域B,28
112,区域C,100
112,区域D,392
112,区域E,293
112,区域F,16
113,区域A,42
113,区域B,18
113,区域C,83
113,区域D,99
113,区域E,25
113,区域F,103
114,区域A,45
114,区域B,11
114,区域C,113
114,区域D,274
114,区域E,141
114,区域F,220
115,区域A,6
115,区域B,130
115,区域C,7
115,区域D,277
115,区域E,133
115,区域F,233
116,区域A,13
116,区域B,101
116,区域C,6
116,区域D,331
116,区域E,176
116,区域F,114
117,区域A,29
117,区域B,26
117,区域C,18
117,区域D,279
117,区域E,211
117,区域F,17
118,区域A,101
118,区域B,45
118,区域C,34
118,区域D,187
118,区域E,139
118,区域F,138
119,区域A,138
119,区域B,26
119,区域C,47
119,区域D,220
119,区域E,154
119,区域F,189
120,区域A,33
120,区域B,11
120,区域C,41
120,区域D,230
120,区域E,172
120,区域F,272
121,区域A,61
121,区域B,83
121,区域C,127
121,区域D,435
121,区域E,107
121,区域F,94
122,区域A,60
122,区域B,27
122,区域C,142
122,区域D,234
122,区域E,219
122,区域F,133
123,区域A,44
123,区域B,23
123,区域C,26
123,区域D,314
123,区域E,287
123,区域F,42
124,区域A,65
124,区域B,100
124,区域C,229
124,区域D,262
124,区域E,77
124,区域F,166
125,区域A,3
125,区域B,118
125,区域C,28
125,区域D,80
125,区域E,19
125,区域F,193
126,区域A,46
126,区域B,137
126,区域C,9
126,区域D,392
126,区域E,129
127,区域A,28
127,区域B,42
127,区域C,82
127,区域D,310
127,区域E,124
127,区域F,262
128,区域A,36
128,区域B,9
128,区域C,65
128,区域D,274
128,区域E,131
128,区域F,53
129,区域A,4
129,区域B,12
129,区域C,34
129,区域D,220
129,区域E,32
129,区域F,197
130,区域A,34
130,区域B,33
130,区域C,8
130,区域E,118
131,区域A,23
131,区域B,27
131,区域C,17
131,区域D,201
131,区域E,64
131,区域F,346
132,区域A,14
132,区域B,103
132,区域C,51
132,区域D,160
132,区域E,33
132,区域F,244
133,区域B,149
133,区域C,12
133,区域D,439
133,区域E,127
133,区域F,217
134,区域A,12
134,区域B,62
134,区域C,82
134,区域D,134
134,区域E,62
134,区域F,121
135,区域A,11
135,区域B,17
135,区域C,25
135,区域D,211
135,区域E,235
135,区域F,119
136,区域A,69
136,区域B,119
136,区域C,9
136,区域D,164
136,区域E,18
136,区域F,21
137,区域A,47
137,区域B,83
137,区域C,5
137,区域D,262
137,区域E,122
137,区域F,29
138,区域A,86
138,区域B,65
138,区域C,7
138,区域D,323
138,区域E,170
138,区域F,6
139,区域A,53
139,区域B,19
139,区域C,6
139,区域D,150
139,区域E,176
139,区域F,125
140,区域A,135
140,区域B,165
140,区域C,63
140,区域E,44
140,区域F,244
141,区域A,61
141,区域B,67
141,区域C,18
141,区域D,329
141,区域E,151
141,区域F,30
142,区域A,34
142,区域B,170
142,区域C,15
142,区域D,70
142,区域E,140
142,区域F,37
143,区域A,8
143,区域B,26
143,区域C,53
143,区域E,155
143,区域F,136
144,区域A,48
144,区域B,14
144,区域D,303
144,区域E,140
144,区域F,354
145,区域A,35
145,区域B,103
145,区域C,56
145,区域D,95
145,区域E,187
146,区域A,57
146,区域B,29
146,区域C,3
146,区域D,139
146,区域E,245
146,区域F,121
147,区域A,18
147,区域B,113
147,区域C,46
147,区域D,250
147,区域E,148
147,区域F,375
148,区域A,181
148,区域B,138
148,区域C,73
148,区域D,211
148,区域E,35
148,区域F,168
149,区域A,27
149,区域B,58
149,区域C,55
149,区域D,238
149,区域E,53
149,区域F,131
150,区域A,211
150,区域B,87
150,区域C,84
150,区域D,154
150,区域E,73
150,区域F,71
151,区域A,29
151,区域B,168
151,区域C,99
151,区域D,122
151,区域E,181
151,区域F,106
152,区域A,58
152,区域B,72
152,区域C,26
152,区域D,252
152,区域E,467
152,区域F,111
153,区域A,65
153,区域B,153
153,区域C,154
153,区域D,333
153,区域F,5
154,区域A,93
154,区域B,116
154,区域C,7
154,区域D,173
154,区域E,185
154,区域F,135
155,区域A,4
155,区域B,11
155,区域C,8
155,区域D,18
155,区域E,74
155,区域F,160
156,区域A,10
156,区域B,19
156,区域C,42
156,区域D,22
156,区域E,107
156,区域F,341
157,区域A,162
157,区域B,80
157,区域C,99
157,区域D,93
157,区域E,107
157,区域F,11
158,区域A,2
158,区域B,23
158,区域C,11
158,区域D,203
158,区域E,277
158,区域F,215
159,区域A,33
159,区域B,26
159,区域C,115
159,区域D,106
159,区域E,148
159,区域F,114
160,区域A,17
160,区域B,3
160,区域C,140
160,区域D,81
160,区域E,151
160,区域F,40
161,区域A,52
161,区域B,27
161,区域C,9
161,区域D,625
161,区域E,19
161,区域F,166
162,区域A,30
162,区域B,55
162,区域C,6
162,区域D,142
162,区域E,63
162,区域F,57
163,区域A,128
163,区域B,25
163,区域C,16
163,区域D,332
163,区域E,44
163,区域F,143
164,区域A,105
164,区域B,141
164,区域C,17
164,区域D,13
164,区域E,170
164,区域F,38
165,区域A,88
165,区域B,158
165,区域C,93
165,区域E,145
165,区域F,162
166,区域A,112
166,区域B,61
166,区域C,3
166,区域D,40
166,区域E,395
166,区域F,193
167,区域A,56
167,区域B,41
167,区域C,15
167,区域D,61
167,区域E,95
167,区域F,15
168,区域A,127
168,区域B,18
168,区域C,10
168,区域D,206
168,区域E,223
168,区域F,250
169,区域A,15
169,区域C,21
169,区域D,129
169,区域F,273
170,区域A,141
170,区域B,191
170,区域C,85
170,区域D,417
170,区域E,90
170,区域F,156
171,区域A,28
171,区域B,32
171,区域C,33
171,区域D,233
171,区域E,88
171,区域F,379
172,区域A,8
172,区域B,135
172,区域C,42
172,区域D,155
172,区域E,41
172,区域F,103
173,区域A,95
173,区域B,122
173,区域C,101
173,区域D,122
173,区域E,34
173,区域F,299
174,区域A,11
174,区域B,24
174,区域C,90
174,区域D,131
174,区域E,298
174,区域F,6
175,区域A,247
175,区域B,25
175,区域D,75
175,区域E,117
175,区域F,260
176,区域A,13
176,区域B,27
176,区域C,18
176,区域D,25
176,区域E,148
176,区域F,132
177,区域A,108
177,区域B,16
177,区域C,51
177,区域D,25
177,区域E,159
177,区域F,115
178,区域A,17
178,区域B,33
178,区域C,5
178,区域D,158
178,区域E,105
178,区域F,140
179,区域A,105
179,区域B,92
179,区域C,86
179,区域D,11
179,区域E,153
179,区域F,153
180,区域A,33
180,区域B,32
180,区域C,28
180,区域D,363
180,区域E,161
181,区域A,77
181,区域B,23
181,区域C,24
181,区域D,262
181,区域E,108
181,区域F,86
182,区域A,16
182,区域B,35
182,区域C,9
182,区域D,415
182,区域E,85
182,区域F,137
183,区域A,69
183,区域B,116
183,区域C,99
183,区域D,232
183,区域E,183
183,区域F,123
184,区域A,125
184,区域B,44
184,区域C,20
184,区域D,296
184,区域E,269
184,区域F,173
185,区域A,51
185,区域B,26
185,区域C,81
185,区域D,156
185,区域E,150
185,区域F,106
186,区域A,26
186,区域B,58
186,区域C,147
186,区域D,41
186,区域E,38
186,区域F,18
187,区域A,3
187,区域B,53
187,区域C,9
187,区域D,291
187,区域E,28
187,区域F,193
188,区域A,47
188,区域B,28
188,区域C,157
188,区域D,246
188,区域E,41
188,区域F,215
189,区域A,19
189,区域B,86
189,区域C,39
189,区域D,290
189,区域E,18
189,区域F,39
190,区域A,134
190,区域B,49
190,区域C,207
190,区域D,150
190,区域E,222
190,区域F,51
191,区域A,33
191,区域B,19
191,区域C,80
191,区域D,3
191,区域E,445
191,区域F,21
192,区域A,44
192,区域B,141
192,区域C,199
192,区域D,449
192,区域E,75
192,区域F,88
193,区域A,31
193,区域B,52
193,区域C,39
193,区域D,112
193,区域E,147
193,区域F,110
194,区域A,3
194,区域B,9
194,区域C,4
194,区域D,30
194,区域E,257
194,区域F,323
195,区域A,13
195,区域C,85
195,区域D,686
195,区域E,158
195,区域F,81
196,区域A,34
196,区域B,12
196,区域C,109
196,区域D,142
196,区域E,69
196,区域F,143
197,区域B,143
197,区域C,55
197,区域D,136
197,区域E,222
197,区域F,36
198,区域A,2
198,区域B,38
198,区域C,57
198,区域D,83
198,区域E,139
198,区域F,195
199,区域A,6
199,区域B,139
199,区域C,122
199,区域D,505
199,区域E,7
199,区域F,18
200,区域A,16
200,区域B,18
200,区域C,11
200,区域D,151
200,区域E,107
200,区域F,124
201,区域A,33
201,区域B,42
201,区域C,39
201,区域D,333
201,区域E,145
201,区域F,90
202,区域A,176
202,区域B,75
202,区域C,13
202,区域D,325
202,区域E,165
202,区域F,36
203,区域A,117
203,区域B,9
203,区域C,51
203,区域D,188
203,区域E,8
203,区域F,25
204,区域A,76
204,区域B,92
204,区域C,15
204,区域D,289
204,区域E,153
204,区域F,74
205,区域A,25
205,区域B,24
205,区域C,43
205,区域D,322
205,区域E,26
205,区域F,147
206,区域A,10
206,区域B,110
206,区域C,3
206,区域D,80
206,区域E,216
206,区域F,124
207,区域A,8
207,区域B,43
207,区域C,10
207,区域D,126
207,区域E,20
207,区域F,55
208,区域A,49
208,区域B,31
208,区域C,81
208,区域D,243
208,区域E,118
208,区域F,51
209,区域A,128
209,区域B,22
209,区域C,36
209,区域D,76
209,区域E,225
209,区域F,21
210,区域A,16
210,区域B,85
210,区域C,146
210,区域D,298
210,区域E,116
211,区域A,19
211,区域B,116
211,区域C,9
211,区域D,97
211,区域E,167
211,区域F,10
212,区域A,16
212,区域B,17
212,区域C,12
212,区域D,403
212,区域E,186
212,区域F,151
213,区域A,108
213,区域B,16
213,区域C,37
213,区域D,54
213,区域E,261
213,区域F,88
214,区域A,56
214,区域B,48
214,区域C,3
214,区域D,193
214,区域E,36
214,区域F,357
215,区域A,32
215,区域B,25
215,区域C,127
215,区域D,98
215,区域E,183
215,区域F,205
216,区域A,8
216,区域C,9
216,区域D,108
216,区域E,82
216,区域F,319
217,区域A,105
217,区域B,39
217,区域C,5
217,区域D,189
217,区域E,261
217,区域F,267
218,区域A,30
218,区域B,63
218,区域C,23
218,区域D,297
218,区域E,432
218,区域F,20
219,区域A,65
219,区域B,41
219,区域C,9
219,区域D,144
219,区域E,468
219,区域F,216
220,区域A,35
220,区域B,66
220,区域C,131
220,区域D,90
220,区域E,141
220,区域F,208
221,区域A,62
221,区域B,22
221,区域C,10
221,区域D,220
221,区域E,129
221,区域F,97
222,区域A,32
222,区域C,30
222,区域D,180
222,区域E,155
222,区域F,319
223,区域A,34
223,区域B,105
223,区域C,47
223,区域D,559
223,区域E,126
223,区域F,57
224,区域A,97
224,区域B,52
224,区域C,94
224,区域D,298
224,区域E,96
224,区域F,75
225,区域A,108
225,区域B,119
225,区域C,9
225,区域D,91
225,区域F,124
226,区域A,15
226,区域B,54
226,区域C,46
226,区域D,318
226,区域F,208
227,区域A,131
227,区域B,16
227,区域D,114
227,区域E,121
227,区域F,500
228,区域A,31
228,区域B,47
228,区域C,22
228,区域D,211
228,区域E,273
228,区域F,421
229,区域A,5
229,区域B,135
229,区域C,50
229,区域D,337
229,区域E,167
229,区域F,427
230,区域A,71
230,区域B,70
230,区域C,15
230,区域D,62
230,区域E,81
230,区域F,261
231,区域A,18
231,区域B,7
231,区域C,24
231,区域D,73
231,区域E,158
231,区域F,7
232,区域A,156
232,区域B,51
232,区域C,133
232,区域D,94
232,区域E,201
232,区域F,126
233,区域A,5
233,区域B,39
233,区域C,120
233,区域D,165
233,区域E,125
233,区域F,172
234,区域A,23
234,区域B,31
234,区域C,16
234,区域D,28
234,区域E,133
234,区域F,99
235,区域A,34
235,区域B,102
235,区域D,541
235,区域E,111
235,区域F,258
236,区域A,15
236,区域B,34
236,区域C,13
236,区域D,320
236,区域E,178
236,区域F,282
237,区域A,48
237,区域B,99
237,区域C,221
237,区域D,35
238,区域A,132
238,区域B,53
238,区域C,57
238,区域D,150
238,区域E,80
239,区域A,33
239,区域B,23
239,区域C,21
239,区域D,57
239,区域E,10
239,区域F,219
240,区域A,30
240,区域B,21
240,区域C,54
240,区域D,159
240,区域E,156
240,区域F,246
241,区域A,13
241,区域B,101
241,区域C,54
241,区域D,100
241,区域E,140
241,区域F,302
242,区域A,42
242,区域B,23
242,区域C,17
242,区域D,139
242,区域E,94
242,区域F,220
243,区域A,4
243,区域B,11
243,区域C,15
243,区域D,290
243,区域E,298
243,区域F,154
244,区域A,52
244,区域B,30
244,区域C,68
244,区域D,182
244,区域E,236
245,区域A,195
245,区域B,98
245,区域C,39
245,区域D,131
245,区域E,193
245,区域F,172
246,区域A,12
246,区域B,2
246,区域C,134
246,区域D,237
246,区域E,140
246,区域F,149
247,区域A,15
247,区域B,33
247,区域C,6
247,区域D,354
247,区域E,77
247,区域F,27
248,区域A,10
248,区域B,32
248,区域C,3
248,区域D,116
248,区域E,69
248,区域F,102
249,区域A,53
249,区域B,41
249,区域C,116
249,区域D,218
249,区域E,35
249,区域F,258
250,区域A,17
250,区域B,22
250,区域C,27
250,区域D,569
250,区域E,327
250,区域F,39
251,区域A,36
251,区域B,27
251,区域C,11
251,区域D,138
251,区域E,16
251,区域F,310
252,区域A,85
252,区域B,25
252,区域C,43
252,区域D,399
252,区域E,1
252,区域F,178
253,区域A,104
253,区域B,107
253,区域C,91
253,区域D,308
253,区域E,35
253,区域F,197
254,区域A,39
254,区域B,12
254,区域C,41
254,区域D,121
254,区域E,111
254,区域F,33
255,区域A,148
255,区域B,277
255,区域D,291
255,区域E,9
255,区域F,145
256,区域A,65
256,区域B,13
256,区域C,50
256,区域D,149
257,区域A,13
257,区域B,31
257,区域C,73
257,区域D,276
257,区域E,76
257,区域F,101
258,区域A,35
258,区域B,101
258,区域C,20
258,区域D,367
258,区域E,329
258,区域F,32
259,区域A,2
259,区域B,140
259,区域C,156
259,区域D,187
259,区域E,137
259,区域F,149
260,区域A,295
260,区域B,23
260,区域D,273
260,区域E,157
260,区域F,110
261,区域A,19
261,区域B,34
261,区域C,51
261,区域D,95
261,区域E,178
261,区域F,135
262,区域A,75
262,区域B,40
262,区域C,25
262,区域D,196
262,区域E,104
262,区域F,54
263,区域A,23
263,区域B,59
263,区域C,97
263,区域D,92
263,区域E,87
263,区域F,258
264,区域A,83
264,区域B,84
264,区域D,156
264,区域F,19
265,区域A,94
265,区域B,114
265,区域C,113
265,区域D,340
265,区域F,55
266,区域A,24
266,区域B,102
266,区域C,19
266,区域D,347
266,区域E,456
266,区域F,68
267,区域A,26
267,区域B,107
267,区域C,9
267,区域D,85
267,区域E,155
267,区域F,134
268,区域A,11
268,区域B,72
268,区域C,20
268,区域D,252
268,区域E,57
268,区域F,152
269,区域A,58
269,区域B,29
269,区域D,99
269,区域E,171
269,区域F,245
270,区域A,169
270,区域B,91
270,区域C,28
270,区域D,453
270,区域E,73
270,区域F,183
271,区域A,28
271,区域B,99
271,区域C,35
271,区域D,125
271,区域E,427
271,区域F,278
272,区域A,36
272,区域B,14
272,区域C,19
272,区域D,77
272,区域E,8
272,区域F,200
273,区域A,48
273,区域B,126
273,区域C,18
273,区域D,106
273,区域E,122
273,区域F,285
274,区域A,56
274,区域B,40
274,区域C,38
274,区域D,15
274,区域E,93
274,区域F,21
275,区域A,63
275,区域B,125
275,区域C,93
275,区域D,447
275,区域E,171
275,区域F,228
276,区域A,46
276,区域B,8
276,区域C,53
276,区域D,229
276,区域E,167
277,区域A,37
277,区域B,129
277,区域C,26
277,区域D,91
277,区域E,171
277,区域F,60
278,区域A,12
278,区域B,21
278,区域C,89
278,区域D,395
278,区域E,193
278,区域F,41
279,区域A,101
279,区域B,61
279,区域C,87
279,区域D,186
279,区域E,105
279,区域F,131
280,区域A,97
280,区域B,9
280,区域D,202
280,区域E,186
280,区域F,53
281,区域A,70
281,区域B,3
281,区域C,65
281,区域D,225
281,区域E,131
281,区域F,136
282,区域A,108
282,区域B,360
282,区域C,3
282,区域D,120
282,区域F,10
283,区域A,34
283,区域B,21
283,区域C,50
283,区域D,420
283,区域F,16
284,区域A,46
284,区域B,90
284,区域C,80
284,区域D,265
284,区域E,69
284,区域F,9
285,区域A,15
285,区域B,68
285,区域C,32
285,区域D,173
285,区域E,17
286,区域A,10
286,区域B,202
286,区域C,43
286,区域D,96
286,区域E,17
286,区域F,59
287,区域A,26
287,区域B,122
287,区域C,47
287,区域D,149
287,区域E,110
287,区域F,29
288,区域A,57
288,区域B,41
288,区域C,5
288,区域D,193
288,区域E,121
288,区域F,296
289,区域A,22
289,区域B,30
289,区域C,13
289,区域D,82
289,区域E,294
289,区域F,203
290,区域A,41
290,区域B,165
290,区域C,155
290,区域D,365
290,区域E,184
290,区域F,85
291,区域A,27
291,区域B,48
291,区域C,33
291,区域D,84
291,区域E,86
292,区域A,27
292,区域B,71
292,区域C,50
292,区域D,5
292,区域F,723
293,区域A,17
293,区域B,133
293,区域D,324
293,区域E,2
293,区域F,180
294,区域A,16
294,区域B,18
294,区域C,56
294,区域D,252
294,区域E,21
294,区域F,280
295,区域A,66
295,区域B,44
295,区域C,7
295,区域D,215
295,区域E,55
296,区域A,68
296,区域B,2
296,区域C,6
296,区域D,25
296,区域E,61
296,区域F,5
297,区域A,102
297,区域B,68
297,区域C,3
297,区域D,134
297,区域E,104
297,区域F,64
298,区域A,16
298,区域B,48
298,区域C,42
298,区域D,332
298,区域F,79
299,区域A,22
299,区域B,28
299,区域C,130
299,区域D,238
299,区域E,56
299,区域F,247
300,区域A,23
300,区域B,26
300,区域C,14
300,区域D,4
300,区域E,320
300,区域F,82
301,区域A,127
301,区域B,19
301,区域C,47
301,区域D,261
301,区域E,124
301,区域F,213
302,区域A,8
302,区域B,22
302,区域C,14
302,区域D,311
302,区域E,7
302,区域F,56
303,区域A,20
303,区域B,15
303,区域C,105
303,区域D,237
303,区域E,177
303,区域F,35
304,区域A,9
304,区域B,99
304,区域C,263
304,区域D,158
304,区域E,37
304,区域F,255
305,区域A,65
305,区域B,74
305,区域C,19
305,区域D,95
305,区域E,303
305,区域F,233
306,区域A,58
306,区域B,39
306,区域C,4
306,区域D,108
306,区域E,48
306,区域F,190
307,区域A,29
307,区域B,17
307,区域C,39
307,区域D,146
307,区域E,132
307,区域F,174
308,区域A,73
308,区域B,1
308,区域C,12
308,区域D,341
308,区域E,381
308,区域F,67
309,区域A,21
309,区域B,87
309,区域C,6
309,区域D,36
309,区域E,185
309,区域F,20
310,区域A,29
310,区域B,33
310,区域C,7
310,区域D,162
310,区域E,31
310,区域F,29
311,区域A,18
311,区域B,6
311,区域C,86
311,区域D,271
311,区域E,95
311,区域F,96
312,区域A,25
312,区域B,22
312,区域C,12
312,区域D,140
312,区域E,7
312,区域F,288
313,区域A,45
313,区域B,126
313,区域C,8
313,区域D,246
313,区域E,230
313,区域F,7
314,区域A,133
314,区域B,253
314,区域C,8
314,区域D,245
314,区域E,305
314,区域F,369
315,区域A,5
315,区域B,9
315,区域C,144
315,区域D,179
315,区域E,361
315,区域F,95
316,区域A,113
316,区域B,80
316,区域C,38
316,区域D,238
316,区域E,134
316,区域F,5
317,区域A,8
317,区域B,37
317,区域C,177
317,区域D,366
317,区域E,135
317,区域F,19
318,区域A,125
318,区域B,77
318,区域C,142
318,区域D,555
318,区域E,1
318,区域F,195
319,区域A,39
319,区域C,42
319,区域D,244
319,区域E,129
319,区域F,78
320,区域A,100
320,区域B,53
320,区域C,5
320,区域D,146
320,区域E,108
320,区域F,247
321,区域A,85
321,区域B,41
321,区域C,151
321,区域D,126
321,区域E,110
321,区域F,195
322,区域A,17
322,区域B,28
322,区域D,283
322,区域E,71
322,区域F,238
323,区域A,24
323,区域B,105
323,区域C,4
323,区域D,125
323,区域E,120
323,区域F,149
324,区域A,15
324,区域B,24
324,区域C,3
324,区域D,46
324,区域E,285
324,区域F,142
325,区域A,108
325,区域B,71
325,区域C,36
325,区域D,252
325,区域E,37
325,区域F,300
326,区域A,24
326,区域B,15
326,区域C,3
326,区域D,295
326,区域E,230
326,区域F,21
327,区域A,125
327,区域B,13
327,区域C,17
327,区域D,497
327,区域E,142
327,区域F,119
328,区域A,125
328,区域B,283
328,区域C,21
328,区域D,34
328,区域E,192
328,区域F,186
329,区域A,7
329,区域B,30
329,区域C,1
329,区域D,112
329,区域E,294
329,区域F,290
330,区域A,45
330,区域B,34
330,区域C,16
330,区域D,52
330,区域E,378
331,区域A,32
331,区域B,54
331,区域D,299
331,区域E,208
332,区域A,52
332,区域B,50
332,区域C,22
332,区域D,18
332,区域F,86
333,区域A,170
333,区域B,10
333,区域C,7
333,区域D,169
333,区域E,37
333,区域F,273
334,区域A,69
334,区域B,21
334,区域C,16
334,区域D,144
334,区域E,303
334,区域F,95
335,区域A,77
335,区域B,41
335,区域C,85
335,区域D,90
335,区域E,133
335,区域F,120
336,区域A,25
336,区域B,14
336,区域C,55
336,区域D,242
336,区域F,4
337,区域A,175
337,区域B,101
337,区域C,11
337,区域D,164
337,区域E,47
337,区域F,62
338,区域A,30
338,区域B,42
338,区域C,29
338,区域D,230
338,区域E,62
338,区域F,315
339,区域A,38
339,区域B,8
339,区域C,34
339,区域D,90
339,区域E,179
339,区域F,24
340,区域A,24
340,区域B,34
340,区域C,48
340,区域D,31
340,区域E,11
340,区域F,29
341,区域A,10
341,区域B,28
341,区域C,141
341,区域D,149
341,区域E,146
341,区域F,174
342,区域A,5
342,区域B,204
342,区域C,31
342,区域D,229
342,区域E,464
342,区域F,205
343,区域A,5
343,区域B,30
343,区域C,19
343,区域D,115
343,区域E,120
343,区域F,115
344,区域A,19
344,区域B,16
344,区域C,6
344,区域D,367
344,区域E,13
344,区域F,126
345,区域A,25
345,区域B,18
345,区域C,22
345,区域D,71
345,区域E,211
345,区域F,196
346,区域A,149
346,区域B,83
346,区域C,17
346,区域D,257
346,区域E,217
346,区域F,147
347,区域A,61
347,区域B,79
347,区域C,135
347,区域D,396
347,区域E,223
347,区域F,39
348,区域A,72
348,区域B,159
348,区域C,25
348,区域D,103
348,区域E,314
348,区域F,68
349,区域A,64
349,区域B,22
349,区域C,24
349,区域D,181
349,区域E,147
349,区域F,131
350,区域A,35
350,区域B,115
350,区域C,10
350,区域D,178
350,区域E,110
350,区域F,136
351,区域A,71
351,区域B,115
351,区域C,17
351,区域D,160
351,区域E,292
351,区域F,99
352,区域A,15
352,区域B,20
352,区域C,66
352,区域D,147
352,区域F,89
353,区域A,15
353,区域B,160
353,区域C,25
353,区域D,36
353,区域E,54
353,区域F,366
354,区域A,13
354,区域B,38
354,区域C,102
354,区域D,64
354,区域E,30
354,区域F,256
355,区域A,31
355,区域B,29
355,区域C,32
355,区域D,246
355,区域E,149
355,区域F,30
356,区域A,108
356,区域B,29
356,区域C,79
356,区域D,177
356,区域F,473
357,区域A,23
357,区域B,42
357,区域C,7
357,区域D,256
357,区域E,73
357,区域F,52
358,区域A,14
358,区域B,116
358,区域C,3
358,区域D,234
358,区域E,88
358,区域F,93
359,区域A,4
359,区域B,99
359,区域C,25
359,区域D,108
359,区域E,34
359,区域F,287
360,区域A,72
360,区域B,81
360,区域C,4
360,区域D,113
360,区域E,117
360,区域F,279
361,区域A,84
361,区域B,14
361,区域C,129
361,区域D,164
361,区域E,28
361,区域F,124
362,区域A,44
362,区域B,9
362,区域C,4
362,区域D,197
362,区域E,167
362,区域F,238
363,区域A,37
363,区域B,29
363,区域C,2
363,区域D,193
363,区域E,16
363,区域F,228
364,区域A,176
364,区域B,15
364,区域C,70
364,区域D,300
364,区域E,64
365,区域A,95
365,区域B,81
365,区域C,35
365,区域D,248
365,区域E,24
365,区域F,204
366,区域A,132
366,区域B,110
366,区域C,49
366,区域D,240
366,区域E,115
366,区域F,22
367,区域A,29
367,区域B,12
367,区域C,60
367,区域D,215
367,区域E,186
367,区域F,23
368,区域A,24
368,区域B,218
368,区域C,30
368,区域D,35
368,区域E,151
369,区域A,88
369,区域B,43
369,区域C,22
369,区域D,406
369,区域E,170
369,区域F,103
370,区域A,115
370,区域B,15
370,区域C,47
370,区域D,307
370,区域E,9
370,区域F,189
371,区域A,14
371,区域B,4
371,区域C,16
371,区域D,359
371,区域E,247
371,区域F,62
372,区域A,10
372,区域C,29
372,区域D,55
372,区域E,108
372,区域F,227
373,区域A,90
373,区域B,38
373,区域C,6
373,区域D,198
373,区域E,31
373,区域F,68
374,区域A,12
374,区域B,40
374,区域C,22
374,区域D,65
374,区域E,140
374,区域F,51
375,区域A,16
375,区域B,20
375,区域D,51
375,区域E,120
375,区域F,360
376,区域A,40
376,区域B,62
376,区域C,25
376,区域D,126
376,区域E,19
376,区域F,16
377,区域A,90
377,区域B,7
377,区域C,111
377,区域D,90
377,区域E,112
377,区域F,76
378,区域A,10
378,区域B,18
378,区域C,61
378,区域D,89
378,区域E,167
378,区域F,36
379,区域A,7
379,区域B,9
379,区域D,323
379,区域E,180
379,区域F,72
380,区域A,42
380,区域B,121
380,区域C,24
380,区域D,523
380,区域E,71
380,区域F,166
381,区域A,89
381,区域B,66
381,区域C,119
381,区域D,210
381,区域E,45
381,区域F,18
382,区域A,36
382,区域B,10
382,区域C,118
382,区域D,667
382,区域E,27
382,区域F,237
383,区域A,39
383,区域B,9
383,区域C,98
383,区域D,251
383,区域E,54
383,区域F,351
384,区域A,37
384,区域B,32
384,区域D,276
384,区域E,17
384,区域F,70
385,区域A,20
385,区域C,32
385,区域D,163
385,区域E,34
385,区域F,190
386,区域B,9
386,区域C,7
386,区域D,86
386,区域E,245
386,区域F,66
387,区域A,94
387,区域B,28
387,区域C,5
387,区域D,278
387,区域E,207
387,区域F,8
388,区域A,76
388,区域B,6
388,区域C,19
388,区域D,441
388,区域E,105
388,区域F,53
389,区域A,21
389,区域B,76
389,区域C,36
389,区域D,141
389,区域E,49
389,区域F,171
390,区域A,76
390,区域B,15
390,区域C,11
390,区域D,280
390,区域E,18
390,区域F,167
391,区域A,26
391,区域B,20
391,区域C,43
391,区域D,350
391,区域E,107
391,区域F,203
392,区域A,42
392,区域B,12
392,区域C,18
392,区域D,352
392,区域E,125
392,区域F,146
393,区域A,59
393,区域B,26
393,区域C,14
393,区域D,330
393,区域E,395
393,区域F,76
394,区域A,11
394,区域B,9
394,区域C,4
394,区域D,251
394,区域F,486
395,区域A,19
395,区域B,9
395,区域C,107
395,区域D,90
395,区域E,60
395,区域F,155
396,区域A,32
396,区域B,12
396,区域C,9
396,区域D,3
396,区域E,269
396,区域F,54
397,区域A,13
397,区域B,70
397,区域D,85
397,区域E,84
397,区域F,96
398,区域A,41
398,区域B,6
398,区域C,44
398,区域D,72
398,区域E,254
398,区域F,125
399,区域A,22
399,区域B,17
399,区域C,8
399,区域D,139
399,区域E,143
399,区域F,232
400,区域A,60
400,区域B,21
400,区域C,24
400,区域D,463
400,区域E,151
400,区域F,207
401,区域A,21
401,区域B,4
401,区域C,46
401,区域D,180
401,区域E,55
401,区域F,185
402,区域A,53
402,区域B,41
402,区域C,126
402,区域D,79
402,区域E,132
402,区域F,284
403,区域A,41
403,区域C,34
403,区域D,439
403,区域E,53
403,区域F,115
404,区域A,46
404,区域B,27
404,区域C,197
404,区域D,18
404,区域E,2
404,区域F,83
405,区域A,33
405,区域B,62
405,区域C,8
405,区域D,216
405,区域E,344
405,区域F,47
406,区域A,42
406,区域B,24
406,区域C,11
406,区域D,292
406,区域E,224
406,区域F,123
407,区域A,98
407,区域B,95
407,区域C,24
407,区域D,13
407,区域E,135
407,区域F,77
408,区域A,85
408,区域B,188
408,区域C,109
408,区域D,328
408,区域E,42
408,区域F,75
409,区域A,30
409,区域B,5
409,区域C,98
409,区域D,211
409,区域E,182
409,区域F,187
410,区域A,103
410,区域B,42
410,区域C,69
410,区域D,107
410,区域E,165
410,区域F,261
411,区域A,89
411,区域B,107
411,区域C,36
411,区域D,163
411,区域E,236
411,区域F,197
412,区域A,20
412,区域B,43
412,区域C,4
412,区域D,82
412,区域E,178
412,区域F,21
413,区域A,12
413,区域B,63
413,区域C,11
413,区域D,336
413,区域E,124
413,区域F,319
414,区域A,29
414,区域B,15
414,区域C,110
414,区域D,512
414,区域E,252
414,区域F,72
415,区域A,42
415,区域B,23
415,区域C,16
415,区域E,183
415,区域F,97
416,区域A,54
416,区域B,60
416,区域E,187
416,区域F,152
417,区域A,55
417,区域B,15
417,区域C,32
417,区域D,130
417,区域E,137
417,区域F,190
418,区域A,51
418,区域B,15
418,区域C,16
418,区域D,89
418,区域E,192
418,区域F,123
419,区域A,68
419,区域B,103
419,区域C,48
419,区域D,315
419,区域E,6
419,区域F,74
420,区域A,19
420,区域B,28
420,区域C,31
420,区域D,158
420,区域E,132
420,区域F,143
421,区域A,70
421,区域C,72
421,区域D,214
421,区域E,190
421,区域F,60
422,区域A,59
422,区域B,30
422,区域C,126
422,区域D,381
422,区域E,19
422,区域F,118
423,区域A,75
423,区域B,31
423,区域C,23
423,区域D,262
423,区域E,139
423,区域F,175
424,区域A,10
424,区域B,52
424,区域C,172
424,区域D,71
424,区域E,239
424,区域F,262
425,区域A,28
425,区域B,112
425,区域C,27
425,区域D,190
425,区域E,152
425,区域F,130
426,区域A,14
426,区域B,60
426,区域C,7
426,区域D,263
426,区域E,145
427,区域A,57
427,区域B,174
427,区域C,21
427,区域D,249
428,区域A,82
428,区域B,7
428,区域C,26
428,区域D,263
428,区域E,9
428,区域F,196
429,区域A,25
429,区域B,50
429,区域C,30
429,区域D,610
429,区域E,9
429,区域F,116
430,区域A,11
430,区域B,16
430,区域C,21
430,区域D,178
430,区域E,423
430,区域F,127
431,区域A,32
431,区域B,55
431,区域C,5
431,区域D,355
431,区域E,67
432,区域A,7
432,区域B,43
432,区域C,7
432,区域D,192
432,区域E,199
432,区域F,335
433,区域A,67
433,区域B,8
433,区域C,256
433,区域D,38
433,区域E,8
433,区域F,198
434,区域A,157
434,区域B,28
434,区域C,37
434,区域D,262
434,区域E,104
434,区域F,237
435,区域A,308
435,区域B,28
435,区域C,39
435,区域D,50
435,区域E,289
435,区域F,130
436,区域A,11
436,区域B,91
436,区域C,35
436,区域D,51
436,区域E,118
436,区域F,113
437,区域A,93
437,区域B,22
437,区域C,134
437,区域D,289
437,区域E,62
437,区域F,153
438,区域A,155
438,区域B,43
438,区域C,25
438,区域D,109
438,区域E,197
438,区域F,124
439,区域A,51
439,区域B,5
439,区域C,19
439,区域D,251
439,区域E,155
440,区域A,2
440,区域B,32
440,区域C,4
440,区域D,211
440,区域E,152
440,区域F,257
441,区域A,32
441,区域B,39
441,区域C,57
441,区域D,428
441,区域E,219
441,区域F,113
442,区域A,56
442,区域B,19
442,区域C,18
442,区域D,190
442,区域E,138
442,区域F,290
443,区域A,131
443,区域B,7
443,区域C,27
443,区域D,134
443,区域E,23
443,区域F,7
444,区域A,38
444,区域B,18
444,区域C,41
444,区域D,199
444,区域E,68
444,区域F,165
445,区域A,15
445,区域B,30
445,区域C,22
445,区域D,600
445,区域E,135
445,区域F,264
446,区域A,43
446,区域B,8
446,区域C,41
446,区域D,103
446,区域F,223
447,区域A,123
447,区域B,37
447,区域C,21
447,区域D,302
447,区域E,203
447,区域F,255
448,区域A,64
448,区域B,25
448,区域C,13
448,区域E,159
448,区域F,152
449,区域A,147
449,区域B,191
449,区域C,4
449,区域D,218
449,区域E,42
449,区域F,88
450,区域A,50
450,区域B,42
450,区域C,28
450,区域E,60
450,区域F,144
451,区域A,59
451,区域B,150
451,区域C,22
451,区域D,98
451,区域E,98
451,区域F,97
452,区域A,32
452,区域B,23
452,区域C,9
452,区域D,207
452,区域E,109
452,区域F,144
453,区域A,153
453,区域B,116
453,区域C,101
453,区域D,29
453,区域E,261
453,区域F,247
454,区域A,42
454,区域B,16
454,区域C,42
454,区域D,145
454,区域E,245
454,区域F,67
455,区域A,32
455,区域B,14
455,区域C,49
455,区域D,316
455,区域E,116
455,区域F,113
456,区域A,24
456,区域B,48
456,区域C,10
456,区域D,163
456,区域E,81
456,区域F,125
457,区域A,114
457,区域B,3
457,区域C,2
457,区域D,70
457,区域E,52
457,区域F,78
458,区域A,22
458,区域B,33
458,区域C,24
458,区域D,7
458,区域E,22
458,区域F,86
459,区域A,73
459,区域B,30
459,区域C,23
459,区域D,173
459,区域E,179
459,区域F,101
460,区域A,17
460,区域B,13
460,区域C,19
460,区域D,236
460,区域E,123
460,区域F,246
461,区域A,56
461,区域B,34
461,区域C,7
461,区域D,169
461,区域E,15
461,区域F,49
462,区域A,43
462,区域B,11
462,区域C,74
462,区域D,488
462,区域E,92
462,区域F,4
463,区域A,60
463,区域B,8
463,区域C,6
463,区域E,22
463,区域F,102
464,区域A,10
464,区域B,19
464,区域D,218
464,区域E,295
464,区域F,128
465,区域A,4
465,区域B,14
465,区域C,12
465,区域D,313
465,区域F,268
466,区域A,8
466,区域B,19
466,区域C,3
466,区域D,310
466,区域E,32
466,区域F,94
467,区域A,191
467,区域B,127
467,区域C,8
467,区域D,128
467,区域E,35
467,区域F,159
468,区域A,21
468,区域B,182
468,区域C,37
468,区域D,117
468,区域E,49
468,区域F,24
469,区域A,43
469,区域B,14
469,区域C,22
469,区域D,514
469,区域E,98
469,区域F,96
470,区域A,29
470,区域B,62
470,区域C,21
470,区域D,266
470,区域E,18
470,区域F,29
471,区域B,45
471,区域C,133
471,区域D,194
471,区域E,341
471,区域F,133
472,区域A,20
472,区域B,1
472,区域C,21
472,区域D,58
472,区域E,214
472,区域F,234
473,区域A,16
473,区域B,37
473,区域C,13
473,区域D,37
473,区域E,12
473,区域F,240
474,区域A,49
474,区域B,161
474,区域C,24
474,区域D,113
474,区域E,438
474,区域F,97
475,区域A,119
475,区域B,27
475,区域C,19
475,区域D,119
475,区域E,76
475,区域F,144
476,区域A,44
476,区域B,39
476,区域C,191
476,区域D,281
476,区域E,18
476,区域F,129
477,区域A,14
477,区域B,217
477,区域C,13
477,区域D,78
477,区域E,204
477,区域F,141
478,区域A,10
478,区域B,18
478,区域C,79
478,区域D,23
478,区域E,100
479,区域A,27
479,区域B,3
479,区域C,39
479,区域D,133
479,区域E,181
479,区域F,7
480,区域A,37
480,区域B,75
480,区域C,22
480,区域D,369
480,区域E,93
480,区域F,237
481,区域A,25
481,区域B,123
481,区域C,9
481,区域D,259
481,区域E,234
481,区域F,199
482,区域A,19
482,区域B,19
482,区域C,6
482,区域D,325
482,区域E,216
482,区域F,125
483,区域A,18
483,区域B,180
483,区域C,33
483,区域D,201
483,区域F,1
484,区域A,194
484,区域B,56
484,区域C,309
484,区域D,51
484,区域E,46
484,区域F,392
485,区域A,63
485,区域C,22
485,区域D,40
485,区域E,183
486,区域A,1
486,区域B,69
486,区域C,142
486,区域D,137
486,区域F,323
487,区域A,13
487,区域B,59
487,区域C,109
487,区域D,109
487,区域E,16
487,区域F,246
488,区域A,30
488,区域B,112
488,区域C,19
488,区域D,62
488,区域E,72
488,区域F,93
489,区域A,30
489,区域B,51
489,区域C,39
489,区域D,109
489,区域E,270
489,区域F,16
490,区域B,4
490,区域C,8
490,区域D,296
490,区域E,262
490,区域F,168
491,区域A,9
491,区域B,43
491,区域C,23
491,区域D,97
491,区域E,209
491,区域F,113
492,区域A,10
492,区域B,136
492,区域C,46
492,区域D,236
492,区域E,78
492,区域F,34
493,区域A,8
493,区域B,143
493,区域C,94
493,区域D,19
493,区域E,191
493,区域F,174
494,区域A,53
494,区域B,61
494,区域C,43
494,区域D,21
494,区域E,209
494,区域F,163
495,区域A,114
495,区域B,114
495,区域C,10
495,区域D,216
495,区域E,174
496,区域A,26
496,区域B,42
496,区域C,145
496,区域D,124
496,区域F,50
497,区域A,63
497,区域B,13
497,区域C,12
497,区域D,270
497,区域E,173
497,区域F,45
498,区域B,16
498,区域D,74
498,区域E,128
498,区域F,72
499,区域A,143
499,区域B,26
499,区域C,126
499,区域D,17
499,区域E,9
499,区域F,228
500,区域A,29
500,区域B,131
500,区域C,15
500,区域D,248
500,区域E,119
500,区域F,12
501,区域A,188
501,区域B,11
501,区域C,18
501,区域D,8
501,区域E,17
501,区域F,369
502,区域A,17
502,区域B,21
502,区域C,18
502,区域D,179
502,区域E,13
503,区域A,52
503,区域B,20
503,区域C,43
503,区域D,400
503,区域E,72
503,区域F,355
504,区域A,25
504,区域B,53
504,区域C,22
504,区域D,109
504,区域E,33
504,区域F,148
505,区域A,37
505,区域B,124
505,区域C,13
505,区域D,336
505,区域E,232
505,区域F,149
506,区域A,38
506,区域B,56
506,区域C,32
506,区域D,136
506,区域E,344
506,区域F,71
507,区域A,9
507,区域B,63
507,区域C,17
507,区域D,291
507,区域E,229
507,区域F,226
508,区域A,133
508,区域B,97
508,区域C,11
508,区域D,38
508,区域E,259
508,区域F,69
509,区域A,57
509,区域B,32
509,区域C,4
509,区域D,256
509,区域E,100
509,区域F,170
510,区域A,77
510,区域B,63
510,区域C,72
510,区域D,309
510,区域E,258
510,区域F,173
511,区域A,33
511,区域B,11
511,区域C,64
511,区域D,134
511,区域E,120
511,区域F,62
512,区域A,56
512,区域B,113
512,区域C,6
512,区域D,159
512,区域E,167
512,区域F,298
513,区域A,24
513,区域B,20
513,区域C,1
513,区域D,139
513,区域E,28
513,区域F,81
514,区域A,97
514,区域B,38
514,区域C,44
514,区域D,16
514,区域E,48
514,区域F,80
515,区域A,10
515,区域B,31
515,区域C,6
515,区域D,227
515,区域E,218
515,区域F,53
516,区域A,37
516,区域B,45
516,区域C,41
516,区域D,120
516,区域E,46
516,区域F,160
517,区域A,138
517,区域B,32
517,区域C,16
517,区域D,202
517,区域E,115
517,区域F,158
518,区域A,65
518,区域B,17
518,区域C,21
518,区域D,245
518,区域E,29
518,区域F,266
519,区域A,60
519,区域B,87
519,区域C,145
519,区域D,143
519,区域E,259
519,区域F,47
520,区域A,37
520,区域B,42
520,区域C,38
520,区域D,135
520,区域E,116
520,区域F,210
521,区域A,74
521,区域B,146
521,区域C,2
521,区域D,84
521,区域E,228
521,区域F,119
522,区域A,215
522,区域B,82
522,区域C,13
522,区域D,317
522,区域E,7
522,区域F,184
523,区域A,22
523,区域B,8
523,区域C,7
523,区域D,152
523,区域E,67
523,区域F,86
524,区域A,4
524,区域B,31
524,区域C,123
524,区域D,71
524,区域E,79
525,区域A,23
525,区域B,132
525,区域C,106
525,区域D,175
525,区域E,130
525,区域F,104
526,区域A,109
526,区域B,82
526,区域C,86
526,区域D,81
526,区域E,261
526,区域F,62
527,区域A,149
527,区域B,67
527,区域C,67
527,区域D,172
527,区域E,92
527,区域F,188
528,区域A,110
528,区域B,34
528,区域C,3
528,区域D,160
528,区域F,130
529,区域A,15
529,区域B,19
529,区域C,16
529,区域D,516
529,区域E,167
529,区域F,4
530,区域A,13
530,区域B,13
530,区域C,125
530,区域D,233
530,区域E,43
530,区域F,95
531,区域A,28
531,区域B,58
531,区域C,13
531,区域D,480
531,区域E,372
531,区域F,210
532,区域A,41
532,区域B,79
532,区域C,20
532,区域D,156
532,区域E,184
532,区域F,51
533,区域A,101
533,区域B,12
533,区域C,129
533,区域D,6
533,区域E,19
533,区域F,141
534,区域A,101
534,区域B,90
534,区域C,66
534,区域D,221
534,区域E,18
534,区域F,178
535,区域A,178
535,区域B,58
535,区域C,171
535,区域D,26
535,区域E,281
536,区域A,47
536,区域B,101
536,区域C,26
536,区域D,129
536,区域E,192
537,区域A,17
537,区域B,8
537,区域C,112
537,区域D,60
537,区域E,77
537,区域F,260
538,区域A,37
538,区域C,7
538,区域D,145
538,区域E,138
538,区域F,107
539,区域A,33
539,区域B,136
539,区域C,129
539,区域D,364
539,区域E,252
539,区域F,37
540,区域A,11
540,区域B,147
540,区域C,20
540,区域D,55
540,区域E,37
540,区域F,222
541,区域A,5
541,区域B,29
541,区域C,146
541,区域D,82
541,区域E,121
541,区域F,182
542,区域A,23
542,区域B,35
542,区域C,47
542,区域D,34
542,区域E,199
542,区域F,22
543,区域A,21
543,区域B,62
543,区域C,181
543,区域D,420
543,区域E,291
543,区域F,302
544,区域A,9
544,区域B,15
544,区域C,13
544,区域D,15
544,区域E,329
544,区域F,232
545,区域A,35
545,区域B,10
545,区域C,27
545,区域D,78
545,区域E,394
545,区域F,163
546,区域A,30
546,区域B,7
546,区域C,70
546,区域D,143
546,区域E,145
546,区域F,100
547,区域A,44
547,区域B,9
547,区域C,10
547,区域D,220
547,区域E,378
547,区域F,16
548,区域A,69
548,区域B,13
548,区域C,22
548,区域D,295
548,区域E,213
548,区域F,74
549,区域B,67
549,区域C,113
549,区域D,27
549,区域E,312
549,区域F,95
550,区域A,29
550,区域B,23
550,区域C,43
550,区域D,255
550,区域E,202
550,区域F,4
551,区域A,113
551,区域B,49
551,区域C,23
551,区域D,149
551,区域E,69
551,区域F,136
552,区域A,23
552,区域B,6
552,区域D,119
552,区域F,128
553,区域A,108
553,区域B,74
553,区域C,18
553,区域D,370
553,区域E,20
553,区域F,267
554,区域A,15
554,区域B,5
554,区域D,301
554,区域E,259
554,区域F,92
555,区域A,47
555,区域B,61
555,区域C,161
555,区域D,162
555,区域E,90
555,区域F,223
556,区域A,21
556,区域B,91
556,区域C,12
556,区域D,123
556,区域E,336
556,区域F,408
557,区域A,40
557,区域B,25
557,区域C,94
557,区域D,58
557,区域E,14
557,区域F,182
558,区域A,71
558,区域B,64
558,区域C,19
558,区域D,165
558,区域E,127
558,区域F,24
559,区域A,132
559,区域B,51
559,区域C,30
559,区域D,48
559,区域F,133
560,区域A,30
560,区域B,35
560,区域C,99
560,区域D,225
560,区域E,76
560,区域F,101
561,区域A,20
561,区域B,25
561,区域C,63
561,区域D,50
561,区域E,317
561,区域F,23
562,区域A,133
562,区域B,56
562,区域C,23
562,区域D,238
562,区域E,91
562,区域F,131
563,区域A,89
563,区域B,70
563,区域C,32
563,区域D,368
563,区域E,85
563,区域F,128
564,区域A,15
564,区域B,26
564,区域C,140
564,区域D,162
564,区域E,30
564,区域F,123
565,区域A,75
565,区域B,8
565,区域C,6
565,区域D,374
565,区域E,113
565,区域F,319
566,区域A,149
566,区域B,40
566,区域C,55
566,区域D,114
566,区域E,72
566,区域F,16
567,区域A,38
567,区域B,6
567,区域C,9
567,区域D,225
567,区域E,113
567,区域F,47
568,区域A,131
568,区域B,46
568,区域C,13
568,区域D,232
568,区域E,152
568,区域F,132
569,区域A,9
569,区域B,39
569,区域C,21
569,区域D,42
569,区域F,55
570,区域A,122
570,区域B,47
570,区域C,117
570,区域D,237
570,区域E,24
570,区域F,33
571,区域A,20
571,区域C,162
571,区域D,183
571,区域E,288
571,区域F,123
572,区域A,154
572,区域B,25
572,区域C,28
572,区域D,252
572,区域E,227
572,区域F,43
573,区域A,36
573,区域B,34
573,区域C,5
573,区域D,224
573,区域E,346
573,区域F,159
574,区域A,104
574,区域B,27
574,区域C,16
574,区域D,164
574,区域F,64
575,区域A,54
575,区域B,184
575,区域C,5
575,区域D,320
575,区域E,26
575,区域F,150
576,区域A,146
576,区域B,86
576,区域C,17
576,区域D,6
576,区域E,52
576,区域F,106
577,区域A,65
577,区域B,3
577,区域C,25
577,区域D,196
577,区域E,120
577,区域F,209
578,区域A,59
578,区域B,52
578,区域C,42
578,区域D,5
578,区域E,27
578,区域F,55
579,区域A,9
579,区域B,33
579,区域C,31
579,区域D,35
579,区域E,124
579,区域F,345
580,区域A,82
580,区域B,24
580,区域C,129
580,区域D,75
580,区域E,107
580,区域F,5
581,区域A,27
581,区域B,31
581,区域C,23
581,区域D,91
581,区域F,224
582,区域A,122
582,区域B,135
582,区域C,23
582,区域D,188
582,区域F,27
583,区域A,35
583,区域B,34
583,区域C,36
583,区域D,157
583,区域E,188
583,区域F,7
584,区域A,31
584,区域B,45
584,区域C,20
584,区域D,63
584,区域E,68
584,区域F,65
585,区域A,15
585,区域B,20
585,区域C,48
585,区域D,125
585,区域E,66
586,区域A,26
586,区域B,13
586,区域C,17
586,区域D,110
586,区域E,149
586,区域F,270
587,区域A,8
587,区域B,7
587,区域C,113
587,区域D,33
587,区域E,5
587,区域F,81
588,区域A,62
588,区域B,11
588,区域C,138
588,区域D,603
588,区域E,57
588,区域F,169
589,区域B,17
589,区域C,38
589,区域D,380
589,区域F,83
590,区域A,24
590,区域B,136
590,区域C,41
590,区域D,116
590,区域F,124
591,区域A,22
591,区域B,40
591,区域C,92
591,区域D,163
591,区域E,17
591,区域F,78
592,区域A,6
592,区域B,26
592,区域C,24
592,区域D,128
592,区域E,279
592,区域F,113
593,区域A,32
593,区域B,136
593,区域C,39
593,区域D,32
593,区域E,166
593,区域F,161
594,区域A,21
594,区域B,36
594,区域C,154
594,区域D,123
594,区域E,184
594,区域F,60
595,区域A,112
595,区域B,12
595,区域C,54
595,区域D,200
595,区域E,216
595,区域F,59
596,区域A,88
596,区域B,42
596,区域C,198
596,区域D,297
596,区域E,167
596,区域F,184
597,区域A,61
597,区域B,90
597,区域C,11
597,区域D,27
597,区域E,4
597,区域F,327
598,区域A,13
598,区域B,152
598,区域C,97
598,区域D,292
599,区域A,2
599,区域B,26
599,区域C,28
599,区域D,308
599,区域E,15
599,区域F,88
600,区域A,190
600,区域B,30
600,区域C,127
600,区域D,156
600,区域E,58
600,区域F,272
601,区域A,68
601,区域B,42
601,区域C,4
601,区域D,290
601,区域E,228
601,区域F,123
602,区域A,51
602,区域B,74
602,区域C,101
602,区域D,122
602,区域E,75
603,区域A,85
603,区域B,70
603,区域C,80
603,区域D,286
603,区域E,280
603,区域F,193
604,区域A,2
604,区域B,105
604,区域C,27
604,区域D,359
604,区域E,135
604,区域F,145
605,区域A,84
605,区域B,100
605,区域D,206
605,区域E,296
605,区域F,262
606,区域A,19
606,区域B,43
606,区域C,20
606,区域D,243
606,区域E,114
606,区域F,162
607,区域A,89
607,区域B,53
607,区域C,102
607,区域D,59
607,区域E,74
607,区域F,55
608,区域A,37
608,区域B,91
608,区域C,26
608,区域D,357
608,区域E,136
608,区域F,153
609,区域A,124
609,区域B,7
609,区域C,36
609,区域D,115
609,区域E,165
609,区域F,40
610,区域A,8
610,区域B,168
610,区域C,32
610,区域D,274
610,区域E,25
610,区域F,422
611,区域A,40
611,区域B,8
611,区域C,109
611,区域D,169
611,区域E,147
611,区域F,297
612,区域A,20
612,区域B,82
612,区域C,114
612,区域D,189
612,区域E,274
612,区域F,99
613,区域A,38
613,区域B,123
613,区域C,7
613,区域D,134
613,区域E,221
613,区域F,159
614,区域A,17
614,区域B,22
614,区域C,40
614,区域D,287
614,区域E,156
614,区域F,97
615,区域A,5
615,区域B,33
615,区域C,34
615,区域D,120
615,区域E,93
615,区域F,136
616,区域A,17
616,区域B,56
616,区域C,16
616,区域D,213
616,区域E,19
616,区域F,160
617,区域A,37
617,区域B,7
617,区域C,80
617,区域D,7
617,区域E,162
617,区域F,114
618,区域A,3
618,区域B,112
618,区域C,29
618,区域D,433
618,区域E,131
618,区域F,133
619,区域A,124
619,区域B,8
619,区域C,12
619,区域D,105
619,区域E,130
619,区域F,33
620,区域A,19
620,区域B,55
620,区域C,73
620,区域D,135
620,区域E,137
620,区域F,38
621,区域A,167
621,区域B,197
621,区域C,50
621,区域D,134
621,区域E,23
621,区域F,71
622,区域A,21
622,区域B,22
622,区域C,129
622,区域D,288
622,区域E,167
622,区域F,248
623,区域A,119
623,区域B,22
623,区域C,8
623,区域D,79
623,区域E,249
623,区域F,146
624,区域A,158
624,区域B,11
624,区域C,25
624,区域D,356
624,区域E,192
624,区域F,73
625,区域A,25
625,区域B,161
625,区域C,4
625,区域D,141
625,区域E,255
625,区域F,99
626,区域A,12
626,区域B,38
626,区域C,92
626,区域D,114
626,区域E,21
626,区域F,120
627,区域A,180
627,区域B,14
627,区域C,7
627,区域D,83
627,区域E,316
627,区域F,335
628,区域A,77
628,区域B,33
628,区域C,31
628,区域D,2
628,区域E,186
628,区域F,215
629,区域A,4
629,区域B,15
629,区域C,32
629,区域D,141
629,区域E,120
629,区域F,152
630,区域A,23
630,区域B,28
630,区域C,40
630,区域D,397
630,区域E,97
630,区域F,31
631,区域A,19
631,区域B,186
631,区域C,117
631,区域D,170
631,区域E,35
631,区域F,268
632,区域A,49
632,区域B,158
632,区域C,44
632,区域D,22
632,区域E,253
632,区域F,41
633,区域A,138
633,区域B,55
633,区域C,71
633,区域D,92
633,区域E,227
633,区域F,409
634,区域A,65
634,区域B,5
634,区域C,70
634,区域D,598
634,区域E,205
634,区域F,61
635,区域A,219
635,区域B,7
635,区域C,25
635,区域D,58
635,区域E,121
635,区域F,340
636,区域A,20
636,区域B,95
636,区域C,7
636,区域D,176
636,区域F,5
637,区域A,4
637,区域B,37
637,区域C,95
637,区域D,384
637,区域E,142
637,区域F,58
638,区域A,15
638,区域B,93
638,区域C,28
638,区域E,64
638,区域F,241
639,区域A,33
639,区域B,23
639,区域C,115
639,区域D,330
639,区域E,37
639,区域F,38
640,区域A,35
640,区域B,44
640,区域C,157
640,区域D,212
640,区域E,72
640,区域F,200
641,区域A,25
641,区域B,63
641,区域C,22
641,区域D,85
641,区域E,215
641,区域F,111
642,区域A,119
642,区域B,50
642,区域C,8
642,区域D,214
642,区域E,146
642,区域F,85
643,区域A,30
643,区域B,5
643,区域C,104
643,区域D,80
643,区域E,70
643,区域F,67
644,区域A,61
644,区域B,87
644,区域E,130
644,区域F,82
645,区域A,39
645,区域B,2
645,区域C,123
645,区域D,393
645,区域E,138
645,区域F,19
646,区域A,27
646,区域B,17
646,区域C,19
646,区域D,37
646,区域E,174
646,区域F,182
647,区域A,26
647,区域B,68
647,区域C,119
647,区域D,155
647,区域E,68
647,区域F,13
648,区域A,63
648,区域B,34
648,区域C,107
648,区域D,123
648,区域E,266
649,区域A,26
649,区域B,4
649,区域C,20
649,区域D,76
649,区域E,154
649,区域F,284
650,区域B,25
650,区域C,16
650,区域D,141
650,区域E,89
650,区域F,62
651,区域A,36
651,区域B,14
651,区域C,94
651,区域D,417
651,区域E,149
651,区域F,32
652,区域A,252
652,区域B,36
652,区域C,12
652,区域D,190
652,区域E,53
652,区域F,266
653,区域A,75
653,区域B,115
653,区域C,5
653,区域D,33
653,区域E,91
653,区域F,60
654,区域A,14
654,区域B,130
654,区域C,41
654,区域D,200
654,区域E,186
654,区域F,221
655,区域A,116
655,区域B,14
655,区域C,16
655,区域D,274
655,区域E,374
655,区域F,67
656,区域A,26
656,区域B,57
656,区域C,176
656,区域D,194
656,区域E,102
656,区域F,109
657,区域A,14
657,区域B,7
657,区域C,22
657,区域D,239
657,区域E,72
658,区域A,109
658,区域B,11
658,区域C,11
658,区域D,291
658,区域F,3
659,区域A,98
659,区域B,15
659,区域C,112
659,区域D,392
659,区域E,141
659,区域F,5
660,区域A,24
660,区域B,29
660,区域C,252
660,区域D,178
660,区域E,40
660,区域F,325
661,区域A,56
661,区域B,9
661,区域C,27
661,区域D,174
661,区域E,122
661,区域F,140
662,区域A,7
662,区域B,56
662,区域C,79
662,区域D,155
662,区域E,150
663,区域A,43
663,区域B,103
663,区域C,29
663,区域D,164
663,区域E,108
663,区域F,165
664,区域A,37
664,区域B,12
664,区域C,16
664,区域D,229
664,区域F,161
665,区域A,12
665,区域B,5
665,区域C,104
665,区域D,141
665,区域F,317
666,区域A,51
666,区域B,39
666,区域C,14
666,区域D,64
666,区域E,81
666,区域F,219
667,区域A,31
667,区域B,105
667,区域C,23
667,区域D,301
667,区域E,36
667,区域F,21
668,区域A,54
668,区域B,27
668,区域D,257
668,区域E,23
669,区域A,30
669,区域B,45
669,区域C,31
669,区域D,232
669,区域E,290
669,区域F,75
670,区域A,9
670,区域B,24
670,区域C,16
670,区域D,47
670,区域E,196
670,区域F,26
671,区域A,121
671,区域B,120
671,区域C,7
671,区域D,161
671,区域E,316
671,区域F,202
672,区域A,1
672,区域B,48
672,区域C,31
672,区域D,220
672,区域E,121
672,区域F,308
673,区域A,14
673,区域B,173
673,区域C,47
673,区域D,89
673,区域E,178
674,区域A,5
674,区域B,142
674,区域C,7
674,区域D,288
674,区域E,209
674,区域F,268
675,区域A,159
675,区域B,50
675,区域C,49
675,区域D,235
675,区域E,7
676,区域A,99
676,区域B,14
676,区域C,44
676,区域D,102
676,区域E,44
676,区域F,215
677,区域A,40
677,区域B,27
677,区域C,19
677,区域D,253
677,区域E,10
678,区域A,31
678,区域B,85
678,区域C,138
678,区域D,262
678,区域E,72
678,区域F,34
679,区域A,28
679,区域B,110
679,区域C,7
679,区域E,281
679,区域F,388
680,区域A,141
680,区域B,39
680,区域C,24
680,区域D,209
680,区域E,5
680,区域F,88
681,区域A,42
681,区域B,255
681,区域C,7
681,区域D,323
681,区域E,288
681,区域F,72
682,区域A,11
682,区域B,34
682,区域C,3
682,区域D,259
682,区域F,276
683,区域A,14
683,区域B,31
683,区域C,14
683,区域D,375
683,区域E,109
683,区域F,322
684,区域A,158
684,区域B,15
684,区域C,2
684,区域D,200
684,区域E,152
684,区域F,95
685,区域A,24
685,区域B,25
685,区域C,90
685,区域D,233
685,区域E,102
685,区域F,54
686,区域A,50
686,区域B,25
686,区域C,13
686,区域D,489
686,区域E,146
686,区域F,92
687,区域A,26
687,区域B,80
687,区域C,5
687,区域D,61
687,区域E,343
687,区域F,176
688,区域A,29
688,区域B,7
688,区域C,5
688,区域D,286
688,区域E,143
688,区域F,111
689,区域A,20
689,区域B,45
689,区域C,38
689,区域D,320
689,区域E,58
689,区域F,185
690,区域A,114
690,区域B,55
690,区域C,22
690,区域D,110
690,区域E,5
690,区域F,152
691,区域A,16
691,区域B,4
691,区域C,18
691,区域D,241
691,区域E,202
691,区域F,119
692,区域A,36
692,区域B,46
692,区域C,1
692,区域D,166
692,区域F,180
693,区域A,117
693,区域B,11
693,区域C,17
693,区域D,69
693,区域E,279
693,区域F,145
694,区域A,41
694,区域B,11
694,区域C,5
694,区域D,230
694,区域E,149
694,区域F,321
695,区域A,4
695,区域B,16
695,区域C,108
695,区域D,139
695,区域E,228
695,区域F,282
696,区域A,12
696,区域B,9
696,区域C,24
696,区域D,241
696,区域E,166
696,区域F,76
697,区域A,44
697,区域B,12
697,区域C,10
697,区域D,152
697,区域E,119
697,区域F,286
698,区域A,136
698,区域B,17
698,区域C,246
698,区域D,266
698,区域E,163
698,区域F,199
699,区域A,29
699,区域B,126
699,区域C,35
699,区域D,245
699,区域F,137
700,区域A,28
700,区域B,71
700,区域C,26
700,区域D,23
700,区域E,21
700,区域F,80
701,区域A,12
701,区域B,8
701,区域C,74
701,区域D,226
701,区域E,136
701,区域F,128
702,区域A,71
702,区域B,18
702,区域D,90
702,区域E,277
703,区域A,150
703,区域B,20
703,区域C,61
703,区域D,45
703,区域E,191
703,区域F,109
704,区域A,12
704,区域B,40
704,区域C,65
704,区域D,187
705,区域A,35
705,区域B,48
705,区域C,6
705,区域D,528
705,区域F,87
706,区域A,122
706,区域B,32
706,区域C,74
706,区域D,376
706,区域E,105
706,区域F,48
707,区域A,6
707,区域B,131
707,区域C,18
707,区域D,153
707,区域E,200
707,区域F,105
708,区域A,231
708,区域B,36
708,区域C,36
708,区域D,367
708,区域E,352
708,区域F,137
709,区域A,10
709,区域B,10
709,区域C,8
709,区域D,184
709,区域E,247
709,区域F,19
710,区域A,22
710,区域B,12
710,区域C,15
710,区域D,53
710,区域E,232
710,区域F,102
711,区域A,124
711,区域B,37
711,区域C,21
711,区域D,65
711,区域E,17
711,区域F,53
712,区域A,3
712,区域B,11
712,区域C,107
712,区域D,216
712,区域E,153
712,区域F,150
713,区域A,58
713,区域B,124
713,区域C,93
713,区域D,392
713,区域E,323
713,区域F,126
714,区域A,36
714,区域B,13
714,区域C,64
714,区域D,172
714,区域E,236
714,区域F,66
715,区域A,13
715,区域B,19
715,区域C,87
715,区域D,89
715,区域E,205
715,区域F,17
716,区域A,45
716,区域B,31
716,区域C,26
716,区域D,172
716,区域E,404
716,区域F,72
717,区域A,13
717,区域B,21
717,区域C,46
717,区域D,167
717,区域E,162
717,区域F,188
718,区域A,215
718,区域B,3
718,区域C,14
718,区域D,72
718,区域E,149
719,区域A,245
719,区域B,80
719,区域C,138
719,区域D,226
719,区域E,229
720,区域A,79
720,区域B,23
720,区域C,1
720,区域D,368
720,区域E,107
720,区域F,251
721,区域A,75
721,区域B,105
721,区域C,41
721,区域D,106
721,区域E,438
721,区域F,160
722,区域A,27
722,区域B,39
722,区域C,32
722,区域D,5
722,区域F,153
723,区域A,40
723,区域B,50
723,区域C,9
723,区域D,41
723,区域E,156
723,区域F,48
724,区域A,156
724,区域B,4
724,区域C,34
724,区域D,193
724,区域E,233
724,区域F,71
725,区域A,46
725,区域B,59
725,区域C,13
725,区域D,201
725,区域E,162
725,区域F,170
726,区域A,27
726,区域B,140
726,区域C,37
726,区域D,39
726,区域E,21
726,区域F,183
727,区域A,33
727,区域B,25
727,区域C,42
727,区域D,279
727,区域E,297
728,区域A,11
728,区域B,43
728,区域C,15
728,区域D,291
728,区域E,131
728,区域F,268
729,区域A,42
729,区域B,37
729,区域C,143
729,区域D,5
729,区域E,291
729,区域F,215
730,区域A,59
730,区域B,5
730,区域C,118
730,区域D,114
730,区域F,175
731,区域A,107
731,区域B,9
731,区域C,48
731,区域D,61
731,区域E,223
731,区域F,71
732,区域A,151
732,区域B,135
732,区域C,39
732,区域D,176
732,区域E,13
732,区域F,79
733,区域A,21
733,区域B,53
733,区域C,6
733,区域D,98
733,区域E,244
733,区域F,14
734,区域A,38
734,区域B,30
734,区域C,13
734,区域E,63
734,区域F,157
735,区域A,5
735,区域B,35
735,区域C,20
735,区域D,167
735,区域E,134
735,区域F,4
736,区域A,44
736,区域B,82
736,区域C,101
736,区域D,268
736,区域E,102
736,区域F,42
737,区域A,139
737,区域B,13
737,区域C,144
737,区域D,258
737,区域E,19
737,区域F,362
738,区域A,193
738,区域B,31
738,区域C,15
738,区域D,255
738,区域E,224
738,区域F,150
739,区域A,129
739,区域B,73
739,区域C,38
739,区域D,321
739,区域E,164
739,区域F,97
740,区域A,43
740,区域B,17
740,区域C,49
740,区域D,98
740,区域E,122
740,区域F,148
741,区域A,116
741,区域B,51
741,区域C,10
741,区域D,302
741,区域E,133
741,区域F,350
742,区域A,3
742,区域B,30
742,区域C,149
742,区域D,213
742,区域E,107
742,区域F,107
743,区域A,59
743,区域B,20
743,区域C,32
743,区域D,80
743,区域E,212
743,区域F,7
744,区域A,6
744,区域B,6
744,区域C,76
744,区域D,203
744,区域E,194
744,区域F,217
745,区域A,21
745,区域B,38
745,区域C,46
745,区域D,155
745,区域E,90
745,区域F,134
746,区域A,30
746,区域B,57
746,区域C,15
746,区域D,179
746,区域E,248
746,区域F,138
747,区域B,28
747,区域C,46
747,区域D,130
747,区域E,77
747,区域F,119
748,区域A,14
748,区域B,40
748,区域C,18
748,区域D,546
748,区域E,128
748,区域F,25
749,区域A,19
749,区域B,89
749,区域C,2
749,区域D,289
749,区域E,90
749,区域F,280
750,区域A,49
750,区域B,14
750,区域C,13
750,区域D,40
750,区域E,122
750,区域F,182
751,区域A,20
751,区域B,31
751,区域C,13
751,区域D,183
751,区域E,193
751,区域F,172
752,区域A,155
752,区域B,13
752,区域C,15
752,区域D,98
752,区域E,266
752,区域F,132
753,区域A,106
753,区域B,98
753,区域C,93
753,区域D,189
753,区域E,231
753,区域F,128
754,区域B,37
754,区域D,198
754,区域E,67
754,区域F,106
755,区域A,49
755,区域B,134
755,区域C,7
755,区域D,345
755,区域E,78
755,区域F,73
756,区域A,93
756,区域B,26
756,区域C,30
756,区域D,193
756,区域E,40
756,区域F,206
757,区域A,57
757,区域B,17
757,区域C,26
757,区域D,116
757,区域E,95
757,区域F,96
758,区域A,40
758,区域B,3
758,区域C,11
758,区域D,419
758,区域E,22
758,区域F,47
759,区域A,40
759,区域C,24
759,区域D,294
759,区域F,31
760,区域A,184
760,区域B,57
760,区域C,21
760,区域D,122
760,区域E,242
760,区域F,147
761,区域A,4
761,区域B,3
761,区域C,22
761,区域D,58
761,区域E,20
761,区域F,320
762,区域A,23
762,区域B,46
762,区域C,103
762,区域D,227
762,区域E,100
762,区域F,96
763,区域A,182
763,区域B,25
763,区域C,79
763,区域D,241
763,区域E,112
763,区域F,43
764,区域A,18
764,区域B,5
764,区域C,134
764,区域D,193
764,区域E,2
764,区域F,355
765,区域A,146
765,区域B,120
765,区域C,23
765,区域D,155
765,区域E,98
765,区域F,284
766,区域A,27
766,区域B,31
766,区域C,24
766,区域D,180
766,区域E,114
766,区域F,113
767,区域A,14
767,区域B,33
767,区域C,18
767,区域D,69
767,区域E,114
767,区域F,352
768,区域A,25
768,区域B,113
768,区域C,44
768,区域D,42
768,区域E,203
768,区域F,7
769,区域A,36
769,区域B,124
769,区域C,63
769,区域D,17
769,区域E,279
769,区域F,251
770,区域A,12
770,区域B,105
770,区域C,20
770,区域D,94
770,区域E,83
770,区域F,221
771,区域A,178
771,区域B,52
771,区域C,45
771,区域D,35
771,区域E,110
771,区域F,17
772,区域A,9
772,区域B,60
772,区域C,28
772,区域D,195
772,区域E,97
772,区域F,18
773,区域A,124
773,区域B,56
773,区域C,43
773,区域D,278
773,区域E,74
773,区域F,40
774,区域A,4
774,区域B,189
774,区域C,31
774,区域D,62
774,区域E,221
774,区域F,201
775,区域A,19
775,区域B,9
775,区域C,16
775,区域D,251
775,区域E,72
775,区域F,46
776,区域A,52
776,区域B,97
776,区域C,8
776,区域D,217
777,区域A,24
777,区域B,45
777,区域C,155
777,区域D,101
777,区域E,108
777,区域F,55
778,区域A,124
778,区域B,37
778,区域C,10
778,区域D,27
778,区域E,213
778,区域F,386
779,区域A,16
779,区域B,23
779,区域C,162
779,区域D,85
779,区域E,90
779,区域F,25
780,区域A,94
780,区域B,121
780,区域C,10
780,区域D,134
780,区域E,16
780,区域F,311
781,区域A,18
781,区域B,25
781,区域C,29
781,区域D,152
781,区域E,164
782,区域A,148
782,区域B,44
782,区域C,12
782,区域D,222
782,区域E,28
782,区域F,181
783,区域A,37
783,区域B,37
783,区域C,115
783,区域D,333
783,区域E,56
783,区域F,157
784,区域A,39
784,区域B,86
784,区域C,25
784,区域E,193
784,区域F,146
785,区域B,17
785,区域C,21
785,区域D,34
785,区域E,95
785,区域F,121
786,区域A,24
786,区域B,17
786,区域C,49
786,区域E,316
786,区域F,184
787,区域A,136
787,区域B,27
787,区域C,146
787,区域D,403
787,区域E,269
787,区域F,12
788,区域A,57
788,区域B,24
788,区域C,11
788,区域D,201
788,区域E,40
788,区域F,186
789,区域A,135
789,区域B,121
789,区域D,224
789,区域E,156
789,区域F,112
790,区域A,29
790,区域B,94
790,区域C,12
790,区域D,164
790,区域E,16
790,区域F,230
791,区域A,85
791,区域B,48
791,区域C,4
791,区域D,97
791,区域E,239
791,区域F,131
792,区域A,37
792,区域B,35
792,区域C,21
792,区域D,245
792,区域E,157
792,区域F,148
793,区域A,74
793,区域B,140
793,区域C,65
793,区域D,139
793,区域E,106
793,区域F,233
794,区域A,10
794,区域C,10
794,区域D,286
794,区域E,175
794,区域F,136
795,区域A,47
795,区域B,33
795,区域C,88
795,区域D,204
795,区域F,60
796,区域A,57
796,区域B,7
796,区域C,20
796,区域D,159
796,区域E,64
796,区域F,238
797,区域A,16
797,区域B,52
797,区域C,21
797,区域D,91
797,区域E,172
797,区域F,179
798,区域A,103
798,区域B,24
798,区域C,7
798,区域D,385
798,区域E,72
798,区域F,10
799,区域A,17
799,区域B,44
799,区域D,141
799,区域E,107
799,区域F,249
800,区域A,26
800,区域B,8
800,区域C,52
800,区域D,83
800,区域E,193
800,区域F,109
801,区域A,50
801,区域B,11
801,区域C,20
801,区域D,372
801,区域E,80
801,区域F,7
802,区域A,73
802,区域B,77
802,区域C,13
802,区域D,325
802,区域F,10
803,区域A,99
803,区域B,44
803,区域C,20
803,区域D,172
803,区域E,19
803,区域F,124
804,区域A,70
804,区域B,42
804,区域C,114
804,区域D,123
804,区域E,89
804,区域F,208
805,区域A,153
805,区域B,12
805,区域C,21
805,区域D,116
805,区域E,137
805,区域F,87
806,区域A,43
806,区域B,10
806,区域C,228
806,区域D,19
806,区域E,72
806,区域F,110
807,区域A,38
807,区域B,144
807,区域C,19
807,区域D,102
807,区域E,4
807,区域F,225
808,区域A,69
808,区域B,21
808,区域C,1
808,区域D,94
808,区域E,213
808,区域F,83
809,区域A,9
809,区域B,3
809,区域C,54
809,区域D,10
809,区域E,158
809,区域F,25
810,区域A,28
810,区域B,13
810,区域C,9
810,区域D,211
810,区域E,117
810,区域F,213
811,区域A,20
811,区域C,111
811,区域D,201
811,区域E,117
811,区域F,19
812,区域A,23
812,区域B,45
812,区域C,1
812,区域D,202
812,区域E,249
812,区域F,156
813,区域A,52
813,区域B,122
813,区域C,22
813,区域D,118
813,区域E,49
813,区域F,408
814,区域A,10
814,区域B,25
814,区域C,10
814,区域D,85
814,区域E,24
814,区域F,217
815,区域A,22
815,区域B,48
815,区域C,36
815,区域D,252
815,区域E,110
815,区域F,162
816,区域A,113
816,区域B,119
816,区域C,26
816,区域D,40
816,区域E,107
816,区域F,143
817,区域A,34
817,区域B,8
817,区域C,19
817,区域D,253
817,区域E,90
818,区域A,46
818,区域B,173
818,区域C,28
818,区域D,278
818,区域F,181
819,区域A,76
819,区域B,141
819,区域C,114
819,区域D,412
819,区域E,283
819,区域F,117
820,区域A,30
820,区域B,38
820,区域C,16
820,区域D,82
820,区域E,323
820,区域F,140
821,区域A,21
821,区域B,30
821,区域C,13
821,区域D,100
821,区域E,183
821,区域F,87
822,区域A,28
822,区域B,143
822,区域C,104
822,区域D,191
822,区域E,118
822,区域F,127
823,区域A,23
823,区域B,45
823,区域C,79
823,区域D,75
823,区域E,178
823,区域F,147
824,区域A,149
824,区域B,8
824,区域C,18
824,区域D,111
824,区域E,163
824,区域F,217
825,区域A,10
825,区域B,5
825,区域C,24
825,区域D,80
825,区域E,128
825,区域F,8
826,区域A,51
826,区域B,123
826,区域C,24
826,区域D,46
826,区域E,61
826,区域F,358
827,区域A,138
827,区域B,144
827,区域C,20
827,区域D,4
827,区域E,184
827,区域F,44
828,区域A,68
828,区域B,36
828,区域C,33
828,区域D,209
828,区域E,40
828,区域F,38
829,区域A,8
829,区域B,81
829,区域C,182
829,区域D,306
829,区域E,9
830,区域A,89
830,区域B,41
830,区域C,51
830,区域D,49
830,区域E,494
830,区域F,116
831,区域A,43
831,区域B,40
831,区域C,183
831,区域D,67
831,区域E,253
831,区域F,60
832,区域A,13
832,区域B,43
832,区域C,42
832,区域D,317
832,区域E,95
832,区域F,86
833,区域A,12
833,区域B,23
833,区域C,49
833,区域D,48
833,区域E,104
833,区域F,188
834,区域A,43
834,区域B,20
834,区域C,6
834,区域D,168
834,区域E,19
834,区域F,208
835,区域A,66
835,区域B,36
835,区域C,19
835,区域D,15
835,区域E,139
835,区域F,226
836,区域A,27
836,区域B,10
836,区域C,3
836,区域D,455
836,区域E,181
836,区域F,131
837,区域A,124
837,区域B,18
837,区域C,35
837,区域D,24
837,区域E,169
837,区域F,199
838,区域A,32
838,区域B,20
838,区域C,101
838,区域D,272
838,区域E,123
838,区域F,218
839,区域A,16
839,区域B,51
839,区域C,36
839,区域D,303
839,区域E,211
839,区域F,1
840,区域A,32
840,区域B,1
840,区域C,83
840,区域D,47
840,区域E,119
840,区域F,32
841,区域A,169
841,区域B,9
841,区域C,4
841,区域D,109
841,区域E,137
841,区域F,230
842,区域A,230
842,区域B,21
842,区域C,6
842,区域D,148
842,区域E,136
842,区域F,29
843,区域A,120
843,区域B,34
843,区域C,38
843,区域D,97
843,区域E,120
843,区域F,436
844,区域A,193
844,区域B,54
844,区域C,6
844,区域D,243
844,区域E,95
844,区域F,130
845,区域A,12
845,区域B,18
845,区域C,17
845,区域D,10
845,区域E,27
845,区域F,91
846,区域A,35
846,区域B,16
846,区域C,108
846,区域E,104
846,区域F,154
847,区域A,142
847,区域B,4
847,区域C,123
847,区域D,232
847,区域E,168
847,区域F,20
848,区域A,114
848,区域B,39
848,区域C,19
848,区域D,116
848,区域E,114
848,区域F,238
849,区域A,26
849,区域B,5
849,区域C,112
849,区域D,266
849,区域E,23
849,区域F,212
850,区域A,55
850,区域B,12
850,区域C,35
850,区域D,212
850,区域E,87
850,区域F,250
851,区域A,35
851,区域B,14
851,区域C,20
851,区域D,130
851,区域E,146
851,区域F,132
852,区域A,51
852,区域B,25
852,区域C,37
852,区域D,225
852,区域E,175
852,区域F,16
853,区域A,106
853,区域B,36
853,区域C,18
853,区域D,245
853,区域E,127
853,区域F,29
854,区域A,32
854,区域B,119
854,区域C,14
854,区域D,109
854,区域E,109
854,区域F,72
855,区域A,2
855,区域C,15
855,区域D,151
855,区域E,52
855,区域F,282
856,区域A,50
856,区域B,128
856,区域C,24
856,区域D,164
856,区域E,53
856,区域F,389
857,区域A,76
857,区域B,116
857,区域C,7
857,区域D,24
857,区域E,68
857,区域F,25
858,区域A,35
858,区域B,55
858,区域C,42
858,区域D,136
858,区域E,173
858,区域F,84
859,区域A,22
859,区域B,30
859,区域C,66
859,区域D,145
859,区域E,452
859,区域F,161
860,区域A,38
860,区域B,30
860,区域C,13
860,区域D,211
860,区域F,149
861,区域A,29
861,区域B,43
861,区域C,26
861,区域D,332
861,区域E,244
861,区域F,498
862,区域A,23
862,区域B,1
862,区域C,21
862,区域D,644
862,区域E,103
862,区域F,100
863,区域A,36
863,区域B,107
863,区域C,25
863,区域D,247
863,区域E,43
863,区域F,72
864,区域A,59
864,区域B,34
864,区域C,9
864,区域D,12
864,区域E,63
865,区域A,31
865,区域B,17
865,区域C,13
865,区域D,279
865,区域E,100
865,区域F,71
866,区域A,5
866,区域B,31
866,区域C,5
866,区域D,12
866,区域E,32
866,区域F,158
867,区域A,183
867,区域B,34
867,区域C,76
867,区域D,203
867,区域E,146
867,区域F,40
868,区域A,20
868,区域B,27
868,区域C,11
868,区域D,368
868,区域E,309
868,区域F,65
869,区域A,43
869,区域B,18
869,区域C,53
869,区域D,334
869,区域E,238
869,区域F,166
870,区域A,41
870,区域B,33
870,区域C,12
870,区域D,577
870,区域E,66
870,区域F,96
871,区域A,36
871,区域B,45
871,区域C,27
871,区域D,258
871,区域E,36
871,区域F,286
872,区域A,26
872,区域B,119
872,区域C,48
872,区域D,152
872,区域E,108
872,区域F,102
873,区域A,38
873,区域B,26
873,区域C,38
873,区域D,83
873,区域E,165
873,区域F,312
874,区域A,69
874,区域B,62
874,区域C,16
874,区域D,35
874,区域E,62
874,区域F,87
875,区域A,39
875,区域C,53
875,区域D,57
875,区域F,239
876,区域A,21
876,区域B,47
876,区域C,40
876,区域D,178
876,区域E,26
876,区域F,77
877,区域A,130
877,区域B,17
877,区域C,7
877,区域D,282
877,区域E,128
877,区域F,344
878,区域A,64
878,区域B,33
878,区域C,8
878,区域E,89
878,区域F,21
879,区域A,15
879,区域B,85
879,区域D,319
879,区域E,373
879,区域F,215
880,区域A,17
880,区域B,41
880,区域C,5
880,区域D,300
880,区域E,79
880,区域F,153
881,区域A,32
881,区域B,35
881,区域C,29
881,区域D,72
881,区域E,138
881,区域F,183
882,区域A,135
882,区域B,126
882,区域C,104
882,区域D,142
882,区域E,112
882,区域F,162
883,区域A,33
883,区域B,11
883,区域C,84
883,区域D,384
883,区域F,81
884,区域A,19
884,区域B,15
884,区域D,127
884,区域E,19
884,区域F,331
885,区域A,23
885,区域B,127
885,区域C,44
885,区域D,23
885,区域E,138
885,区域F,221
886,区域A,59
886,区域B,46
886,区域C,28
886,区域D,19
886,区域E,98
886,区域F,125
887,区域A,39
887,区域B,66
887,区域C,136
887,区域D,280
887,区域E,68
887,区域F,105
888,区域A,32
888,区域B,31
888,区域C,39
888,区域D,10
888,区域E,155
888,区域F,127
889,区域A,10
889,区域B,93
889,区域C,13
889,区域D,436
889,区域E,225
889,区域F,100
890,区域A,105
890,区域B,111
890,区域C,22
890,区域D,21
890,区域E,339
891,区域A,39
891,区域B,49
891,区域C,195
891,区域D,311
891,区域E,20
891,区域F,83
892,区域A,61
892,区域B,54
892,区域C,39
892,区域D,106
892,区域E,219
892,区域F,288
893,区域A,13
893,区域B,29
893,区域D,364
893,区域E,165
894,区域A,8
894,区域B,50
894,区域C,3
894,区域D,271
894,区域E,155
894,区域F,52
895,区域A,3
895,区域B,6
895,区域C,16
895,区域D,302
895,区域E,213
895,区域F,5
896,区域A,115
896,区域B,73
896,区域C,48
896,区域D,293
896,区域E,219
897,区域A,26
897,区域B,117
897,区域C,6
897,区域D,154
897,区域E,197
897,区域F,63
898,区域A,6
898,区域B,22
898,区域D,171
898,区域E,159
898,区域F,61
899,区域A,30
899,区域B,112
899,区域C,20
899,区域D,116
899,区域E,177
899,区域F,117
900,区域B,39
900,区域C,43
900,区域D,244
900,区域E,49
900,区域F,165
901,区域A,43
901,区域B,54
901,区域C,19
901,区域D,28
901,区域E,23
901,区域F,121
902,区域A,143
902,区域B,10
902,区域C,2
902,区域D,439
902,区域E,200
902,区域F,153
903,区域A,28
903,区域B,17
903,区域C,42
903,区域D,177
903,区域F,108
904,区域A,19
904,区域B,27
904,区域C,49
904,区域D,229
904,区域E,5
904,区域F,91
905,区域A,51
905,区域B,45
905,区域C,18
905,区域D,249
905,区域F,65
906,区域A,168
906,区域B,24
906,区域C,26
906,区域D,195
906,区域E,185
906,区域F,77
907,区域A,17
907,区域B,3
907,区域C,88
907,区域D,43
907,区域E,40
907,区域F,223
908,区域A,148
908,区域B,15
908,区域E,26
908,区域F,184
909,区域A,22
909,区域B,39
909,区域C,15
909,区域D,112
909,区域E,453
909,区域F,507
910,区域A,40
910,区域B,106
910,区域C,40
910,区域D,258
910,区域E,187
910,区域F,74
911,区域A,46
911,区域B,24
911,区域C,18
911,区域D,566
911,区域E,74
911,区域F,421
912,区域A,39
912,区域B,174
912,区域C,29
912,区域D,192
912,区域E,44
912,区域F,131
913,区域A,6
913,区域B,10
913,区域C,165
913,区域D,412
913,区域E,256
913,区域F,149
914,区域A,48
914,区域B,66
914,区域C,20
914,区域D,168
914,区域E,145
914,区域F,239
915,区域A,39
915,区域B,77
915,区域D,137
915,区域F,78
916,区域A,171
916,区域B,123
916,区域C,26
916,区域D,91
916,区域E,121
916,区域F,227
917,区域A,40
917,区域B,50
917,区域D,166
917,区域E,38
917,区域F,284
918,区域A,32
918,区域B,19
918,区域C,21
918,区域D,114
918,区域E,110
918,区域F,266
919,区域A,168
919,区域B,13
919,区域C,9
919,区域D,194
919,区域E,56
919,区域F,128
920,区域A,201
920,区域B,37
920,区域D,140
920,区域E,161
920,区域F,120
921,区域A,29
921,区域B,120
921,区域C,15
921,区域D,203
921,区域E,102
921,区域F,235
922,区域A,33
922,区域B,28
922,区域C,28
922,区域D,78
922,区域E,107
922,区域F,53
923,区域A,54
923,区域B,3
923,区域C,137
923,区域D,74
923,区域E,358
923,区域F,129
924,区域A,14
924,区域B,6
924,区域C,58
924,区域D,244
924,区域E,52
925,区域A,110
925,区域B,50
925,区域D,204
925,区域E,185
925,区域F,109
926,区域A,23
926,区域B,6
926,区域C,6
926,区域D,95
926,区域E,15
926,区域F,125
927,区域A,16
927,区域B,13
927,区域C,36
927,区域D,252
927,区域E,116
927,区域F,81
928,区域A,181
928,区域B,14
928,区域C,89
928,区域D,162
928,区域E,129
928,区域F,263
929,区域A,53
929,区域B,61
929,区域C,32
929,区域D,188
929,区域E,4
929,区域F,18
930,区域A,26
930,区域B,23
930,区域C,25
930,区域D,217
930,区域E,177
930,区域F,88
931,区域A,28
931,区域B,42
931,区域C,17
931,区域D,333
931,区域E,30
931,区域F,129
932,区域A,43
932,区域B,99
932,区域C,88
932,区域D,127
932,区域F,271
933,区域A,56
933,区域B,73
933,区域C,42
933,区域D,280
933,区域E,168
933,区域F,217
934,区域A,12
934,区域B,47
934,区域C,9
934,区域D,251
934,区域E,114
934,区域F,25
935,区域A,27
935,区域B,6
935,区域C,5
935,区域D,107
935,区域E,13
935,区域F,397
936,区域A,40
936,区域B,17
936,区域C,18
936,区域D,364
936,区域E,183
936,区域F,273
937,区域A,5
937,区域B,80
937,区域C,27
937,区域D,114
937,区域E,47
937,区域F,9
938,区域A,32
938,区域B,11
938,区域C,55
938,区域D,225
938,区域E,153
938,区域F,12
939,区域A,27
939,区域B,2
939,区域C,38
939,区域D,131
939,区域E,29
939,区域F,154
940,区域A,18
940,区域C,2
940,区域D,620
940,区域E,82
940,区域F,155
941,区域A,62
941,区域B,58
941,区域C,8
941,区域D,247
941,区域E,102
941,区域F,216
942,区域A,236
942,区域B,10
942,区域C,42
942,区域D,405
942,区域E,95
943,区域A,25
943,区域B,92
943,区域C,20
943,区域D,422
943,区域E,212
943,区域F,253
944,区域A,5
944,区域B,20
944,区域C,152
944,区域D,328
944,区域E,14
944,区域F,312
945,区域A,25
945,区域B,22
945,区域C,2
945,区域D,168
945,区域E,54
945,区域F,91
946,区域A,15
946,区域B,41
946,区域C,8
946,区域D,214
946,区域E,170
946,区域F,100
947,区域A,79
947,区域B,12
947,区域D,304
947,区域E,277
947,区域F,235
948,区域A,5
948,区域B,151
948,区域C,7
948,区域D,272
948,区域E,135
948,区域F,72
949,区域A,12
949,区域B,20
949,区域C,65
949,区域D,53
949,区域E,29
949,区域F,185
950,区域A,34
950,区域B,82
950,区域C,37
950,区域D,171
950,区域E,165
950,区域F,104
951,区域A,29
951,区域B,28
951,区域C,25
951,区域D,100
951,区域E,427
951,区域F,127
952,区域A,12
952,区域B,182
952,区域C,50
952,区域D,140
952,区域E,476
952,区域F,126
953,区域A,79
953,区域B,35
953,区域C,34
953,区域D,229
953,区域E,232
953,区域F,58
954,区域A,6
954,区域B,142
954,区域C,34
954,区域D,124
954,区域F,204
955,区域A,84
955,区域B,84
955,区域C,46
955,区域D,15
955,区域E,197
955,区域F,19
956,区域A,71
956,区域B,28
956,区域C,11
956,区域D,58
956,区域E,26
956,区域F,46
957,区域A,57
957,区域B,141
957,区域C,52
957,区域D,138
957,区域E,34
957,区域F,173
958,区域A,29
958,区域B,121
958,区域C,79
958,区域D,127
958,区域E,70
958,区域F,36
959,区域A,23
959,区域B,26
959,区域C,25
959,区域D,97
959,区域E,93
959,区域F,273
960,区域A,82
960,区域B,87
960,区域C,22
960,区域D,108
960,区域E,66
960,区域F,287
961,区域A,12
961,区域B,106
961,区域C,21
961,区域D,59
961,区域E,219
961,区域F,130
962,区域A,36
962,区域B,53
962,区域C,43
962,区域D,137
962,区域E,326
962,区域F,85
963,区域A,42
963,区域B,44
963,区域C,8
963,区域D,232
963,区域E,256
963,区域F,33
964,区域A,5
964,区域B,30
964,区域C,26
964,区域D,41
964,区域E,68
964,区域F,249
965,区域A,34
965,区域B,19
965,区域C,45
965,区域D,202
965,区域E,224
965,区域F,69
966,区域A,136
966,区域B,33
966,区域C,19
966,区域D,177
966,区域E,178
966,区域F,107
967,区域A,169
967,区域B,25
967,区域C,48
967,区域D,245
967,区域E,179
967,区域F,177
968,区域A,16
968,区域B,119
968,区域C,24
968,区域D,251
968,区域E,182
968,区域F,137
969,区域A,56
969,区域B,75
969,区域C,70
969,区域D,298
969,区域E,265
969,区域F,46
970,区域A,34
970,区域B,4
970,区域C,81
970,区域D,121
970,区域E,159
970,区域F,172
971,区域A,6
971,区域B,7
971,区域C,17
971,区域D,219
971,区域E,114
971,区域F,130
972,区域A,85
972,区域B,71
972,区域C,7
972,区域D,47
972,区域E,225
972,区域F,159
973,区域A,194
973,区域B,14
973,区域C,20
973,区域D,95
973,区域E,180
973,区域F,16
974,区域A,20
974,区域B,22
974,区域C,6
974,区域D,26
975,区域A,47
975,区域B,33
975,区域C,37
975,区域D,23
975,区域E,106
975,区域F,3
976,区域A,29
976,区域B,43
976,区域C,4
976,区域D,21
976,区域E,94
976,区域F,125
977,区域A,100
977,区域B,49
977,区域C,30
977,区域D,123
977,区域E,241
977,区域F,129
978,区域A,31
978,区域B,22
978,区域C,28
978,区域D,191
978,区域E,88
978,区域F,102
979,区域A,21
979,区域B,26
979,区域C,4
979,区域D,385
979,区域F,172
980,区域A,28
980,区域B,61
980,区域C,25
980,区域D,528
980,区域E,151
980,区域F,230
981,区域A,15
981,区域B,90
981,区域C,20
981,区域D,157
981,区域F,35
982,区域A,136
982,区域B,55
982,区域C,47
982,区域F,144
983,区域A,11
983,区域B,19
983,区域C,129
983,区域D,286
983,区域E,99
983,区域F,81
984,区域A,43
984,区域B,27
984,区域C,49
984,区域D,110
984,区域F,169
985,区域A,50
985,区域B,5
985,区域C,119
985,区域D,201
985,区域E,142
985,区域F,85
986,区域A,224
986,区域B,18
986,区域C,30
986,区域D,109
986,区域F,138
987,区域A,36
987,区域B,102
987,区域C,73
987,区域D,115
987,区域E,122
987,区域F,124
988,区域A,23
988,区域B,27
988,区域C,40
988,区域E,15
988,区域F,87
989,区域A,30
989,区域D,358
989,区域E,16
989,区域F,167
990,区域A,3
990,区域B,123
990,区域C,244
990,区域D,69
990,区域E,224
990,区域F,140
991,区域A,125
991,区域B,63
991,区域C,237
991,区域D,358
991,区域E,276
991,区域F,50
992,区域A,148
992,区域B,26
992,区域C,52
992,区域D,76
992,区域E,328
992,区域F,350
993,区域A,21
993,区域B,27
993,区域C,12
993,区域D,285
993,区域E,101
993,区域F,83
994,区域A,70
994,区域B,22
994,区域C,16
994,区域D,156
994,区域E,26
995,区域A,11
995,区域C,79
995,区域D,15
995,区域E,87
995,区域F,23
996,区域A,70
996,区域B,21
996,区域C,37
996,区域D,272
996,区域E,47
996,区域F,144
997,区域A,61
997,区域B,56
997,区域C,41
997,区域D,44
997,区域E,20
997,区域F,24
998,区域A,46
998,区域B,25
998,区域C,104
998,区域D,213
998,区域E,214
998,区域F,137
999,区域A,113
999,区域B,82
999,区域C,8
999,区域D,113
999,区域E,332
999,区域F,83
1000,区域A,127
1000,区域B,204
1000,区域C,13
1000,区域D,60
1000,区域E,53
1000,区域F,131
1001,区域A,29
1001,区域B,25
1001,区域C,121
1001,区域D,125
1001,区域E,225
1001,区域F,231
1002,区域A,139
1002,区域B,49
1002,区域C,2
1002,区域D,340
1002,区域E,158
1002,区域F,324
1003,区域A,121
1003,区域B,72
1003,区域C,23
1003,区域D,18
1003,区域E,134
1003,区域F,64
1004,区域A,11
1004,区域B,19
1004,区域C,1
1004,区域D,269
1004,区域E,137
1004,区域F,53
1005,区域A,150
1005,区域B,20
1005,区域C,39
1005,区域D,426
1005,区域E,124
1005,区域F,41
1006,区域A,141
1006,区域B,84
1006,区域C,9
1006,区域D,144
1006,区域E,182
1006,区域F,141
1007,区域A,49
1007,区域B,40
1007,区域C,7
1007,区域D,148
1007,区域E,16
1007,区域F,176
1008,区域A,35
1008,区域B,23
1008,区域C,4
1008,区域D,22
1008,区域E,213
1008,区域F,215
1009,区域A,117
1009,区域B,25
1009,区域C,27
1009,区域D,333
1009,区域E,13
1009,区域F,227
1010,区域A,145
1010,区域B,17
1010,区域C,39
1010,区域D,298
1010,区域E,148
1010,区域F,175
1011,区域A,30
1011,区域B,28
1011,区域C,21
1011,区域D,334
1011,区域E,304
1011,区域F,25
1012,区域A,45
1012,区域B,5
1012,区域C,34
1012,区域D,5
1012,区域E,312
1012,区域F,253
1013,区域A,41
1013,区域B,32
1013,区域C,7
1013,区域D,140
1013,区域E,130
1013,区域F,192
1014,区域A,60
1014,区域B,21
1014,区域C,1
1014,区域D,424
1014,区域E,96
1014,区域F,116
1015,区域A,21
1015,区域B,31
1015,区域C,17
1015,区域D,220
1015,区域E,23
1015,区域F,23
1016,区域A,135
1016,区域B,36
1016,区域C,89
1016,区域D,273
1016,区域E,89
1016,区域F,203
1017,区域A,16
1017,区域B,99
1017,区域C,11
1017,区域D,241
1017,区域E,116
1017,区域F,40
1018,区域A,39
1018,区域B,31
1018,区域C,89
1018,区域D,176
1018,区域E,186
1018,区域F,64
1019,区域A,41
1019,区域B,76
1019,区域C,9
1019,区域D,188
1019,区域E,126
1019,区域F,285
1020,区域A,175
1020,区域B,27
1020,区域C,6
1020,区域D,107
1020,区域E,50
1021,区域A,44
1021,区域B,18
1021,区域C,22
1021,区域D,187
1021,区域E,195
1022,区域A,228
1022,区域B,9
1022,区域C,15
1022,区域D,176
1022,区域E,40
1022,区域F,129
1023,区域A,21
1023,区域B,94
1023,区域C,27
1023,区域D,154
1023,区域E,54
1023,区域F,228
1024,区域A,30
1024,区域B,70
1024,区域C,179
1024,区域D,285
1024,区域E,263
1024,区域F,184
1025,区域A,35
1025,区域B,127
1025,区域C,100
1025,区域D,341
1025,区域E,155
1025,区域F,228
1026,区域A,24
1026,区域C,12
1026,区域D,307
1026,区域E,331
1026,区域F,368
1027,区域A,83
1027,区域B,127
1027,区域C,23
1027,区域D,112
1027,区域E,11
1027,区域F,226
1028,区域A,43
1028,区域B,34
1028,区域C,35
1028,区域D,190
1028,区域E,50
1028,区域F,151
1029,区域A,41
1029,区域B,6
1029,区域C,13
1029,区域D,243
1029,区域E,129
1029,区域F,28
1030,区域A,30
1030,区域B,44
1030,区域C,2
1030,区域D,226
1030,区域E,67
1030,区域F,8
1031,区域A,21
1031,区域B,10
1031,区域C,23
1031,区域D,186
1031,区域E,109
1031,区域F,87
1032,区域A,124
1032,区域B,13
1032,区域C,6
1032,区域D,561
1032,区域E,148
1032,区域F,104
1033,区域A,116
1033,区域B,27
1033,区域C,21
1033,区域D,243
1033,区域E,93
1033,区域F,93
1034,区域A,123
1034,区域B,174
1034,区域C,30
1034,区域D,248
1034,区域E,4
1034,区域F,78
1035,区域A,17
1035,区域B,169
1035,区域C,12
1035,区域D,177
1035,区域E,129
1035,区域F,208
1036,区域A,13
1036,区域B,110
1036,区域C,106
1036,区域D,200
1036,区域E,169
1036,区域F,124
1037,区域A,8
1037,区域B,2
1037,区域C,15
1037,区域D,90
1037,区域E,113
1037,区域F,82
1038,区域A,33
1038,区域B,18
1038,区域C,5
1038,区域D,17
1038,区域E,43
1039,区域A,7
1039,区域B,94
1039,区域C,15
1039,区域D,170
1039,区域E,12
1039,区域F,191
1040,区域A,102
1040,区域B,120
1040,区域C,7
1040,区域D,157
1040,区域E,133
1040,区域F,108
1041,区域A,17
1041,区域B,41
1041,区域C,112
1041,区域D,153
1041,区域E,120
1041,区域F,167
1042,区域A,40
1042,区域B,19
1042,区域C,29
1042,区域D,177
1042,区域E,168
1042,区域F,63
1043,区域A,174
1043,区域B,29
1043,区域C,21
1043,区域D,188
1043,区域E,64
1043,区域F,93
1044,区域A,119
1044,区域B,34
1044,区域D,13
1044,区域E,115
1044,区域F,365
1045,区域A,82
1045,区域B,30
1045,区域C,16
1045,区域D,80
1045,区域E,267
1045,区域F,195
1046,区域A,49
1046,区域B,198
1046,区域C,19
1046,区域D,162
1046,区域E,177
1046,区域F,45
1047,区域A,25
1047,区域B,22
1047,区域C,50
1047,区域D,271
1047,区域E,357
1047,区域F,106
1048,区域A,127
1048,区域B,37
1048,区域C,17
1048,区域D,106
1048,区域E,10
1048,区域F,128
1049,区域A,54
1049,区域B,10
1049,区域C,120
1049,区域D,157
1049,区域E,97
1050,区域A,10
1050,区域B,104
1050,区域C,36
1050,区域D,306
1050,区域E,127
1050,区域F,103
1051,区域A,22
1051,区域B,28
1051,区域C,31
1051,区域D,119
1051,区域E,258
1051,区域F,6
1052,区域A,26
1052,区域B,82
1052,区域C,17
1052,区域D,38
1052,区域E,155
1052,区域F,7
1053,区域A,21
1053,区域B,97
1053,区域C,17
1053,区域D,700
1053,区域E,43
1053,区域F,162
1054,区域A,60
1054,区域B,31
1054,区域C,1
1054,区域D,68
1054,区域E,261
1054,区域F,260
1055,区域A,21
1055,区域B,15
1055,区域C,202
1055,区域D,193
1055,区域E,33
1055,区域F,81
1056,区域A,8
1056,区域B,31
1056,区域C,32
1056,区域D,253
1056,区域E,357
1056,区域F,5
1057,区域A,135
1057,区域B,58
1057,区域C,87
1057,区域D,45
1057,区域E,226
1057,区域F,104
1058,区域A,21
1058,区域B,21
1058,区域C,93
1058,区域E,173
1058,区域F,66
1059,区域A,82
1059,区域B,64
1059,区域C,24
1059,区域D,150
1059,区域E,61
1059,区域F,355
1060,区域A,31
1060,区域B,33
1060,区域C,87
1060,区域D,68
1060,区域E,249
1061,区域A,24
1061,区域B,18
1061,区域C,33
1061,区域D,123
1061,区域E,198
1061,区域F,112
1062,区域A,15
1062,区域B,43
1062,区域C,4
1062,区域D,76
1062,区域E,11
1062,区域F,143
1063,区域A,29
1063,区域B,50
1063,区域C,157
1063,区域D,184
1063,区域E,321
1063,区域F,38
1064,区域A,10
1064,区域B,16
1064,区域C,17
1064,区域D,84
1064,区域E,126
1064,区域F,122
1065,区域A,56
1065,区域B,29
1065,区域C,135
1065,区域D,115
1065,区域E,9
1065,区域F,145
1066,区域A,21
1066,区域B,47
1066,区域C,64
1066,区域D,144
1066,区域E,153
1066,区域F,122
1067,区域A,36
1067,区域B,29
1067,区域C,1
1067,区域D,105
1067,区域E,208
1067,区域F,95
1068,区域A,63
1068,区域B,55
1068,区域C,16
1068,区域D,205
1068,区域E,71
1068,区域F,145
1069,区域A,126
1069,区域B,156
1069,区域C,64
1069,区域D,121
1069,区域E,8
1069,区域F,200
1070,区域A,6
1070,区域B,15
1070,区域C,6
1070,区域D,10
1070,区域E,261
1070,区域F,91
1071,区域A,8
1071,区域B,35
1071,区域C,134
1071,区域D,205
1071,区域E,124
1071,区域F,280
1072,区域A,54
1072,区域B,34
1072,区域C,38
1072,区域D,388
1072,区域E,376
1072,区域F,88
1073,区域A,23
1073,区域B,61
1073,区域C,14
1073,区域D,58
1073,区域E,142
1073,区域F,82
1074,区域A,11
1074,区域B,107
1074,区域C,101
1074,区域D,192
1074,区域E,98
1074,区域F,74
1075,区域A,85
1075,区域B,55
1075,区域C,99
1075,区域D,129
1075,区域E,88
1075,区域F,49
1076,区域A,17
1076,区域B,98
1076,区域C,10
1076,区域D,460
1076,区域E,88
1076,区域F,310
1077,区域B,62
1077,区域D,263
1077,区域E,127
1077,区域F,67
1078,区域A,10
1078,区域B,57
1078,区域C,16
1078,区域D,124
1078,区域E,180
1078,区域F,138
1079,区域A,10
1079,区域B,63
1079,区域C,125
1079,区域D,255
1079,区域E,138
1079,区域F,100
1080,区域A,24
1080,区域B,66
1080,区域C,26
1080,区域D,147
1080,区域E,104
1080,区域F,2
1081,区域A,5
1081,区域B,21
1081,区域C,111
1081,区域D,160
1081,区域E,94
1081,区域F,73
1082,区域A,9
1082,区域B,23
1082,区域C,30
1082,区域D,135
1082,区域E,54
1082,区域F,112
1083,区域A,23
1083,区域B,78
1083,区域C,16
1083,区域D,83
1083,区域E,162
1083,区域F,253
1084,区域A,44
1084,区域B,6
1084,区域C,147
1084,区域D,151
1084,区域E,17
1084,区域F,193
1085,区域A,22
1085,区域B,17
1085,区域C,117
1085,区域D,148
1085,区域E,29
1085,区域F,164
1086,区域A,39
1086,区域B,13
1086,区域C,34
1086,区域D,292
1086,区域E,221
1086,区域F,299
1087,区域A,6
1087,区域B,62
1087,区域C,32
1087,区域D,194
1087,区域E,25
1087,区域F,49
1088,区域A,67
1088,区域B,29
1088,区域C,59
1088,区域D,218
1088,区域E,134
1088,区域F,154
1089,区域A,73
1089,区域B,5
1089,区域C,80
1089,区域D,122
1089,区域E,191
1089,区域F,377
1090,区域A,26
1090,区域B,110
1090,区域C,26
1090,区域D,229
1090,区域E,197
1090,区域F,95
1091,区域A,6
1091,区域B,29
1091,区域C,62
1091,区域D,130
1091,区域E,67
1091,区域F,222
1092,区域A,174
1092,区域B,9
1092,区域C,73
1092,区域D,114
1092,区域E,44
1092,区域F,220
1093,区域A,17
1093,区域C,96
1093,区域D,225
1093,区域E,189
1093,区域F,220
1094,区域A,20
1094,区域B,38
1094,区域C,78
1094,区域D,144
1094,区域E,111
1094,区域F,146
1095,区域A,243
1095,区域B,11
1095,区域C,146
1095,区域D,7
1095,区域E,13
1095,区域F,197
1096,区域A,24
1096,区域B,13
1096,区域C,74
1096,区域D,161
1096,区域E,22
1096,区域F,386
1097,区域A,23
1097,区域B,61
1097,区域C,44
1097,区域D,12
1097,区域E,63
1098,区域A,119
1098,区域B,7
1098,区域C,61
1098,区域D,94
1098,区域E,48
1098,区域F,199
1099,区域A,20
1099,区域B,31
1099,区域C,86
1099,区域D,242
1099,区域E,180
1099,区域F,198
1100,区域A,165
1100,区域B,32
1100,区域C,22
1100,区域D,78
1100,区域E,350
1100,区域F,97
1101,区域A,47
1101,区域B,7
1101,区域C,64
1101,区域D,163
1101,区域E,145
1101,区域F,335
1102,区域A,32
1102,区域B,31
1102,区域C,21
1102,区域D,128
1102,区域E,125
1102,区域F,36
1103,区域A,125
1103,区域B,157
1103,区域C,20
1103,区域D,347
1103,区域E,146
1103,区域F,191
1104,区域A,245
1104,区域B,142
1104,区域C,132
1104,区域D,19
1104,区域E,46
1104,区域F,52
1105,区域A,12
1105,区域B,21
1105,区域C,18
1105,区域D,18
1105,区域E,104
1105,区域F,109
1106,区域A,39
1106,区域B,7
1106,区域C,14
1106,区域D,47
1106,区域E,85
1106,区域F,421
1107,区域A,257
1107,区域B,32
1107,区域C,52
1107,区域D,249
1107,区域E,79
1107,区域F,225
1108,区域A,45
1108,区域B,35
1108,区域C,58
1108,区域D,197
1108,区域E,216
1108,区域F,282
1109,区域A,211
1109,区域B,14
1109,区域D,230
1109,区域E,20
1109,区域F,16
1110,区域A,15
1110,区域B,53
1110,区域C,5
1110,区域D,169
1110,区域E,135
1110,区域F,102
1111,区域A,181
1111,区域B,205
1111,区域C,8
1111,区域D,135
1111,区域E,99
1111,区域F,16
1112,区域A,27
1112,区域B,43
1112,区域C,123
1112,区域D,254
1112,区域E,226
1112,区域F,209
1113,区域A,166
1113,区域B,9
1113,区域C,7
1113,区域D,216
1113,区域E,160
1113,区域F,151
1114,区域A,16
1114,区域B,44
1114,区域C,6
1114,区域D,131
1114,区域E,254
1114,区域F,356
1115,区域A,84
1115,区域B,5
1115,区域D,135
1115,区域E,143
1115,区域F,16
1116,区域A,32
1116,区域B,37
1116,区域C,63
1116,区域D,462
1116,区域E,156
1116,区域F,146
1117,区域A,7
1117,区域B,22
1117,区域C,26
1117,区域D,65
1117,区域E,190
1117,区域F,214
1118,区域A,116
1118,区域B,110
1118,区域C,7
1118,区域D,256
1118,区域E,103
1118,区域F,23
1119,区域A,169
1119,区域B,118
1119,区域C,127
1119,区域D,540
1119,区域E,102
1119,区域F,206
1120,区域A,50
1120,区域B,25
1120,区域C,2
1120,区域D,135
1120,区域F,230
1121,区域A,40
1121,区域B,51
1121,区域C,57
1121,区域D,136
1121,区域E,236
1121,区域F,326
1122,区域A,35
1122,区域B,20
1122,区域C,87
1122,区域D,28
1122,区域E,86
1122,区域F,203
1123,区域A,20
1123,区域B,18
1123,区域C,129
1123,区域D,298
1123,区域E,8
1123,区域F,7
1124,区域A,70
1124,区域B,141
1124,区域C,26
1124,区域D,37
1124,区域E,197
1124,区域F,92
1125,区域A,2
1125,区域B,22
1125,区域D,92
1125,区域E,260
1125,区域F,27
1126,区域A,51
1126,区域B,68
1126,区域C,1
1126,区域D,138
1126,区域E,17
1126,区域F,143
1127,区域A,30
1127,区域B,14
1127,区域C,3
1127,区域D,410
1127,区域E,106
1127,区域F,16
1128,区域A,67
1128,区域B,13
1128,区域C,85
1128,区域D,302
1128,区域E,153
1128,区域F,66
1129,区域A,12
1129,区域B,43
1129,区域C,4
1129,区域D,28
1129,区域F,9
1130,区域A,7
1130,区域B,22
1130,区域C,46
1130,区域D,308
1130,区域E,103
1130,区域F,117
1131,区域A,46
1131,区域B,59
1131,区域C,17
1131,区域D,127
1131,区域E,146
1131,区域F,88
1132,区域A,31
1132,区域B,41
1132,区域C,25
1132,区域D,237
1132,区域E,4
1132,区域F,79
1133,区域A,27
1133,区域B,34
1133,区域C,13
1133,区域D,251
1133,区域E,6
1134,区域A,21
1134,区域B,137
1134,区域C,105
1134,区域E,70
1134,区域F,221
1135,区域A,18
1135,区域B,42
1135,区域C,85
1135,区域D,80
1135,区域E,139
1135,区域F,72
1136,区域A,3
1136,区域B,39
1136,区域C,109
1136,区域D,114
1136,区域E,181
1136,区域F,87
1137,区域A,32
1137,区域B,5
1137,区域C,41
1137,区域D,358
1137,区域E,233
1137,区域F,90
1138,区域A,66
1138,区域B,26
1138,区域C,1
1138,区域D,227
1138,区域E,154
1138,区域F,29
1139,区域A,189
1139,区域B,47
1139,区域C,7
1139,区域D,291
1139,区域E,212
1139,区域F,286
1140,区域A,51
1140,区域B,34
1140,区域C,133
1140,区域D,218
1140,区域E,220
1140,区域F,63
1141,区域A,9
1141,区域B,33
1141,区域C,240
1141,区域D,66
1141,区域E,112
1141,区域F,99
1142,区域A,85
1142,区域B,9
1142,区域C,117
1142,区域D,35
1142,区域E,118
1142,区域F,143
1143,区域A,29
1143,区域B,16
1143,区域C,5
1143,区域D,206
1143,区域E,84
1143,区域F,122
1144,区域A,60
1144,区域B,5
1144,区域C,40
1144,区域D,201
1144,区域E,158
1144,区域F,459
1145,区域A,43
1145,区域B,7
1145,区域C,32
1145,区域D,201
1145,区域E,171
1145,区域F,124
1146,区域A,8
1146,区域B,10
1146,区域C,29
1146,区域D,132
1146,区域E,91
1146,区域F,442
1147,区域A,19
1147,区域B,131
1147,区域C,124
1147,区域D,106
1147,区域E,35
1147,区域F,180
1148,区域A,31
1148,区域B,18
1148,区域C,130
1148,区域D,103
1148,区域E,107
1148,区域F,169
1149,区域A,5
1149,区域B,188
1149,区域C,18
1149,区域D,204
1149,区域E,98
1149,区域F,58
1150,区域A,16
1150,区域B,116
1150,区域C,38
1150,区域D,394
1150,区域E,59
1150,区域F,40
1151,区域A,103
1151,区域B,6
1151,区域C,4
1151,区域D,86
1151,区域E,135
1151,区域F,167
1152,区域A,57
1152,区域B,48
1152,区域C,35
1152,区域D,143
1152,区域E,96
1153,区域A,54
1153,区域B,156
1153,区域C,32
1153,区域D,225
1153,区域E,162
1153,区域F,181
1154,区域A,81
1154,区域B,39
1154,区域C,133
1154,区域D,172
1154,区域E,277
1154,区域F,132
1155,区域A,4
1155,区域B,23
1155,区域C,21
1155,区域D,209
1155,区域E,4
1155,区域F,131
1156,区域A,58
1156,区域B,32
1156,区域C,5
1156,区域D,126
1156,区域E,23
1156,区域F,277
1157,区域A,12
1157,区域B,39
1157,区域C,9
1157,区域D,84
1157,区域E,172
1157,区域F,89
1158,区域A,24
1158,区域B,30
1158,区域C,54
1158,区域D,130
1158,区域F,30
1159,区域A,102
1159,区域B,35
1159,区域C,35
1159,区域D,332
1159,区域E,311
1159,区域F,141
1160,区域A,15
1160,区域B,41
1160,区域C,28
1160,区域D,31
1160,区域E,178
1160,区域F,127
1161,区域A,32
1161,区域B,26
1161,区域C,11
1161,区域D,128
1161,区域E,78
1161,区域F,219
1162,区域A,105
1162,区域B,15
1162,区域C,249
1162,区域D,154
1162,区域E,162
1162,区域F,138
1163,区域A,39
1163,区域B,22
1163,区域C,22
1163,区域D,16
1163,区域E,193
1163,区域F,158
1164,区域A,16
1164,区域B,1
1164,区域C,20
1164,区域D,207
1164,区域E,133
1164,区域F,206
1165,区域A,25
1165,区域B,23
1165,区域C,4
1165,区域D,218
1165,区域E,213
1165,区域F,35
1166,区域A,21
1166,区域B,56
1166,区域C,9
1166,区域D,155
1166,区域F,13
1167,区域A,58
1167,区域B,158
1167,区域C,21
1167,区域D,225
1167,区域E,160
1167,区域F,32
1168,区域A,43
1168,区域C,123
1168,区域D,50
1168,区域E,93
1168,区域F,292
1169,区域A,52
1169,区域B,28
1169,区域C,46
1169,区域E,201
1169,区域F,14
1170,区域A,42
1170,区域B,22
1170,区域C,96
1170,区域D,221
1170,区域E,91
1170,区域F,77
1171,区域A,28
1171,区域B,4
1171,区域C,1
1171,区域D,76
1171,区域E,85
1171,区域F,212
1172,区域A,34
1172,区域B,29
1172,区域C,30
1172,区域D,29
1172,区域E,38
1172,区域F,39
1173,区域A,143
1173,区域B,131
1173,区域C,18
1173,区域D,138
1173,区域E,119
1173,区域F,158
1174,区域B,39
1174,区域C,23
1174,区域D,422
1174,区域E,147
1174,区域F,188
1175,区域A,70
1175,区域B,100
1175,区域C,23
1175,区域D,114
1175,区域E,125
1175,区域F,145
1176,区域A,14
1176,区域B,9
1176,区域C,25
1176,区域D,79
1176,区域E,245
1176,区域F,234
1177,区域A,8
1177,区域B,18
1177,区域C,24
1177,区域D,378
1177,区域E,169
1178,区域A,44
1178,区域C,9
1178,区域D,249
1178,区域E,91
1178,区域F,371
1179,区域A,119
1179,区域B,57
1179,区域C,2
1179,区域D,250
1179,区域E,152
1179,区域F,328
1180,区域A,58
1180,区域B,7
1180,区域D,159
1180,区域E,178
1180,区域F,29
1181,区域A,64
1181,区域B,4
1181,区域C,32
1181,区域D,45
1181,区域E,24
1181,区域F,489
1182,区域A,26
1182,区域B,44
1182,区域C,13
1182,区域D,272
1182,区域F,275
1183,区域A,34
1183,区域B,118
1183,区域C,33
1183,区域D,336
1183,区域E,23
1183,区域F,359
1184,区域A,50
1184,区域B,12
1184,区域C,127
1184,区域D,26
1184,区域E,60
1184,区域F,255
1185,区域A,49
1185,区域B,156
1185,区域C,59
1185,区域D,134
1185,区域E,258
1185,区域F,194
1186,区域A,154
1186,区域B,28
1186,区域C,13
1186,区域D,96
1186,区域E,243
1186,区域F,5
1187,区域A,88
1187,区域B,29
1187,区域C,104
1187,区域D,340
1187,区域E,398
1187,区域F,8
1188,区域A,30
1188,区域B,11
1188,区域C,12
1188,区域D,129
1188,区域E,99
1188,区域F,128
1189,区域B,131
1189,区域C,14
1189,区域D,147
1189,区域F,148
1190,区域A,54
1190,区域B,67
1190,区域C,44
1190,区域D,63
1190,区域E,149
1190,区域F,284
1191,区域A,113
1191,区域B,36
1191,区域C,86
1191,区域D,115
1191,区域E,170
1191,区域F,173
1192,区域A,12
1192,区域B,19
1192,区域C,5
1192,区域D,388
1192,区域E,171
1192,区域F,139
1193,区域A,11
1193,区域B,44
1193,区域C,36
1193,区域D,342
1193,区域E,247
1193,区域F,208
1194,区域A,44
1194,区域B,40
1194,区域C,6
1194,区域D,53
1194,区域E,77
1194,区域F,130
1195,区域A,83
1195,区域B,137
1195,区域C,7
1195,区域D,401
1195,区域E,80
1195,区域F,129
1196,区域A,26
1196,区域B,24
1196,区域C,21
1196,区域D,491
1196,区域E,20
1197,区域A,32
1197,区域B,57
1197,区域C,25
1197,区域D,243
1197,区域E,95
1197,区域F,132
1198,区域A,39
1198,区域B,95
1198,区域C,38
1198,区域D,31
1198,区域E,103
1198,区域F,100
1199,区域A,16
1199,区域B,9
1199,区域C,2
1199,区域D,54
1199,区域E,190
1199,区域F,156
1200,区域A,15
1200,区域B,236
1200,区域C,154
1200,区域D,61
1200,区域E,1
1200,区域F,78
1201,区域A,92
1201,区域B,39
1201,区域C,77
1201,区域D,121
1201,区域E,104
1201,区域F,314
1202,区域A,34
1202,区域B,22
1202,区域C,32
1202,区域D,58
1202,区域E,162
1202,区域F,92
1203,区域A,12
1203,区域B,23
1203,区域C,26
1203,区域D,475
1203,区域E,372
1203,区域F,49
1204,区域A,167
1204,区域B,32
1204,区域C,3
1204,区域D,438
1204,区域E,41
1204,区域F,55
1205,区域A,18
1205,区域B,36
1205,区域C,19
1205,区域D,92
1205,区域E,65
1205,区域F,67
1206,区域A,75
1206,区域B,102
1206,区域C,34
1206,区域D,251
1206,区域E,107
1206,区域F,345
1207,区域A,129
1207,区域B,49
1207,区域C,7
1207,区域D,40
1207,区域F,32
1208,区域A,29
1208,区域B,155
1208,区域C,93
1208,区域D,117
1208,区域E,9
1208,区域F,439
1209,区域A,33
1209,区域B,18
1209,区域C,31
1209,区域D,142
1209,区域E,160
1209,区域F,126
1210,区域A,48
1210,区域B,146
1210,区域C,130
1210,区域D,318
1210,区域E,124
1210,区域F,5
1211,区域A,78
1211,区域B,31
1211,区域C,60
1211,区域D,472
1211,区域E,149
1211,区域F,426
1212,区域A,17
1212,区域B,28
1212,区域C,121
1212,区域D,166
1212,区域E,34
1212,区域F,197
1213,区域A,36
1213,区域B,8
1213,区域C,12
1213,区域D,152
1213,区域E,15
1213,区域F,225
1214,区域A,11
1214,区域B,40
1214,区域C,22
1214,区域D,190
1214,区域E,29
1214,区域F,102
1215,区域A,135
1215,区域B,7
1215,区域C,49
1215,区域D,290
1215,区域E,286
1215,区域F,4
1216,区域A,97
1216,区域B,65
1216,区域C,10
1216,区域D,167
1216,区域E,138
1216,区域F,24
1217,区域A,74
1217,区域B,8
1217,区域C,31
1217,区域D,394
1217,区域E,72
1217,区域F,97
1218,区域B,54
1218,区域C,6
1218,区域D,302
1218,区域E,157
1218,区域F,176
1219,区域A,23
1219,区域B,69
1219,区域D,180
1219,区域E,288
1220,区域A,4
1220,区域B,16
1220,区域C,47
1220,区域D,129
1220,区域E,416
1220,区域F,44
1221,区域A,207
1221,区域B,10
1221,区域C,12
1221,区域D,227
1221,区域E,20
1221,区域F,61
1222,区域A,40
1222,区域B,48
1222,区域C,14
1222,区域D,325
1222,区域E,357
1222,区域F,289
1223,区域B,20
1223,区域C,10
1223,区域D,227
1223,区域E,363
1223,区域F,223
1224,区域A,100
1224,区域B,158
1224,区域C,41
1224,区域D,335
1224,区域E,417
1225,区域A,26
1225,区域B,162
1225,区域C,50
1225,区域D,85
1225,区域E,204
1225,区域F,213
1226,区域A,36
1226,区域B,9
1226,区域C,41
1226,区域D,271
1226,区域E,64
1226,区域F,47
1227,区域A,56
1227,区域B,104
1227,区域C,29
1227,区域D,128
1227,区域E,229
1228,区域A,148
1228,区域B,19
1228,区域C,37
1228,区域D,318
1228,区域E,272
1228,区域F,79
1229,区域A,48
1229,区域B,22
1229,区域C,35
1229,区域D,340
1229,区域E,54
1229,区域F,119
1230,区域A,46
1230,区域B,1
1230,区域C,18
1230,区域D,221
1230,区域E,127
1230,区域F,131
1231,区域A,63
1231,区域B,126
1231,区域C,95
1231,区域D,178
1231,区域E,301
1231,区域F,314
1232,区域A,17
1232,区域B,124
1232,区域D,306
1232,区域E,160
1232,区域F,272
1233,区域A,10
1233,区域B,210
1233,区域C,115
1233,区域D,125
1233,区域E,304
1233,区域F,32
1234,区域A,19
1234,区域B,32
1234,区域C,23
1234,区域D,223
1234,区域E,152
1234,区域F,256
1235,区域A,10
1235,区域B,30
1235,区域C,238
1235,区域D,301
1235,区域E,173
1235,区域F,263
1236,区域A,108
1236,区域B,20
1236,区域C,18
1236,区域D,45
1236,区域E,107
1236,区域F,105
1237,区域A,10
1237,区域B,42
1237,区域C,18
1237,区域D,114
1237,区域E,59
1237,区域F,119
1238,区域A,36
1238,区域B,27
1238,区域C,9
1238,区域D,146
1238,区域E,36
1238,区域F,222
1239,区域A,126
1239,区域B,14
1239,区域C,5
1239,区域D,445
1239,区域E,127
1239,区域F,342
1240,区域A,12
1240,区域B,14
1240,区域C,11
1240,区域D,334
1240,区域E,141
1240,区域F,277
1241,区域A,47
1241,区域B,2
1241,区域C,115
1241,区域D,332
1241,区域F,87
1242,区域A,48
1242,区域B,194
1242,区域C,7
1242,区域D,186
1242,区域E,208
1242,区域F,104
1243,区域A,46
1243,区域B,154
1243,区域C,12
1243,区域D,193
1243,区域E,14
1243,区域F,12
1244,区域A,33
1244,区域B,14
1244,区域C,122
1244,区域D,325
1244,区域E,121
1244,区域F,175
1245,区域A,6
1245,区域B,16
1245,区域C,30
1245,区域D,484
1245,区域E,195
1245,区域F,291
1246,区域A,24
1246,区域B,8
1246,区域C,1
1246,区域D,317
1246,区域E,222
1246,区域F,102
1247,区域A,12
1247,区域B,39
1247,区域C,76
1247,区域D,203
1247,区域E,108
1247,区域F,179
1248,区域A,19
1248,区域B,154
1248,区域C,20
1248,区域D,122
1248,区域E,113
1248,区域F,166
1249,区域A,28
1249,区域B,3
1249,区域C,39
1249,区域D,29
1249,区域E,109
1249,区域F,51
1250,区域A,9
1250,区域B,292
1250,区域C,50
1250,区域D,111
1250,区域E,130
1250,区域F,116
1251,区域A,129
1251,区域B,34
1251,区域C,12
1251,区域D,204
1251,区域E,182
1251,区域F,90
1252,区域A,118
1252,区域B,56
1252,区域C,195
1252,区域D,267
1252,区域E,319
1252,区域F,209
1253,区域A,188
1253,区域B,40
1253,区域C,7
1253,区域D,240
1253,区域E,233
1253,区域F,31
1254,区域A,57
1254,区域B,135
1254,区域C,13
1254,区域D,209
1254,区域E,223
1254,区域F,114
1255,区域A,53
1255,区域B,28
1255,区域C,30
1255,区域D,72
1255,区域E,112
1255,区域F,198
1256,区域A,48
1256,区域B,123
1256,区域C,83
1256,区域D,67
1256,区域E,218
1257,区域A,128
1257,区域B,35
1257,区域C,12
1257,区域D,67
1257,区域E,117
1258,区域A,9
1258,区域B,52
1258,区域C,155
1258,区域D,245
1258,区域E,44
1258,区域F,53
1259,区域A,51
1259,区域B,49
1259,区域C,49
1259,区域D,130
1259,区域E,327
1259,区域F,167
1260,区域A,26
1260,区域B,30
1260,区域C,4
1260,区域D,135
1260,区域E,23
1260,区域F,36
1261,区域A,118
1261,区域B,22
1261,区域C,152
1261,区域D,218
1261,区域E,49
1261,区域F,178
1262,区域A,215
1262,区域B,7
1262,区域C,29
1262,区域D,32
1262,区域E,175
1262,区域F,51
1263,区域A,35
1263,区域B,120
1263,区域C,35
1263,区域D,181
1263,区域E,163
1263,区域F,146
1264,区域A,112
1264,区域C,33
1264,区域D,102
1264,区域E,235
1264,区域F,27
1265,区域A,68
1265,区域B,10
1265,区域C,5
1265,区域D,242
1265,区域E,119
1265,区域F,172
1266,区域A,10
1266,区域B,66
1266,区域C,26
1266,区域D,372
1266,区域E,85
1266,区域F,93
1267,区域A,83
1267,区域B,31
1267,区域C,26
1267,区域D,359
1267,区域E,18
1267,区域F,136
1268,区域A,30
1268,区域B,56
1268,区域C,105
1268,区域D,69
1268,区域E,39
1268,区域F,258
1269,区域A,7
1269,区域B,17
1269,区域C,30
1269,区域D,235
1269,区域E,6
1269,区域F,3
1270,区域A,3
1270,区域B,105
1270,区域C,8
1270,区域D,272
1270,区域E,59
1270,区域F,413
1271,区域A,117
1271,区域B,125
1271,区域C,12
1271,区域D,266
1271,区域E,294
1271,区域F,107
1272,区域A,11
1272,区域B,134
1272,区域C,25
1272,区域D,56
1272,区域F,16
1273,区域A,15
1273,区域B,7
1273,区域C,8
1273,区域D,248
1273,区域E,189
1273,区域F,166
1274,区域A,29
1274,区域B,28
1274,区域C,15
1274,区域D,152
1274,区域E,124
1274,区域F,156
1275,区域A,2
1275,区域B,32
1275,区域C,28
1275,区域D,211
1275,区域E,36
1275,区域F,44
1276,区域A,46
1276,区域B,106
1276,区域C,30
1276,区域D,343
1276,区域F,120
1277,区域A,92
1277,区域B,27
1277,区域C,34
1277,区域D,315
1277,区域E,84
1277,区域F,76
1278,区域A,12
1278,区域B,90
1278,区域C,48
1278,区域D,541
1278,区域E,127
1279,区域A,107
1279,区域B,20
1279,区域C,13
1279,区域D,256
1279,区域E,227
1279,区域F,54
1280,区域A,106
1280,区域B,11
1280,区域E,173
1280,区域F,61
1281,区域A,46
1281,区域B,111
1281,区域D,305
1281,区域E,203
1281,区域F,267
1282,区域A,138
1282,区域B,44
1282,区域C,36
1282,区域D,317
1282,区域E,126
1282,区域F,353
1283,区域A,50
1283,区域B,18
1283,区域C,9
1283,区域D,276
1283,区域E,112
1283,区域F,136
1284,区域A,60
1284,区域B,32
1284,区域C,82
1284,区域D,178
1284,区域E,367
1284,区域F,38
1285,区域A,5
1285,区域B,98
1285,区域D,120
1285,区域E,156
1285,区域F,235
1286,区域A,2
1286,区域B,19
1286,区域C,17
1286,区域D,224
1286,区域E,32
1286,区域F,46
1287,区域A,20
1287,区域B,64
1287,区域C,22
1287,区域D,119
1287,区域E,279
1287,区域F,74
1288,区域A,10
1288,区域B,57
1288,区域C,58
1288,区域D,407
1288,区域E,16
1288,区域F,96
1289,区域A,93
1289,区域B,3
1289,区域C,37
1289,区域D,54
1289,区域E,186
1289,区域F,19
1290,区域A,114
1290,区域B,124
1290,区域C,44
1290,区域E,52
1290,区域F,105
1291,区域A,29
1291,区域B,30
1291,区域C,38
1291,区域D,138
1291,区域E,47
1291,区域F,226
1292,区域A,27
1292,区域B,37
1292,区域C,13
1292,区域D,54
1292,区域E,35
1292,区域F,45
1293,区域A,7
1293,区域C,205
1293,区域D,169
1293,区域E,21
1293,区域F,147
1294,区域A,31
1294,区域B,32
1294,区域C,5
1294,区域D,146
1294,区域E,20
1294,区域F,26
1295,区域A,8
1295,区域B,138
1295,区域C,94
1295,区域D,390
1295,区域E,113
1296,区域A,102
1296,区域B,25
1296,区域C,19
1296,区域D,19
1296,区域E,238
1296,区域F,13
1297,区域A,10
1297,区域B,117
1297,区域C,76
1297,区域D,79
1297,区域F,181
1298,区域A,167
1298,区域B,214
1298,区域C,9
1298,区域D,395
1298,区域E,151
1298,区域F,275
1299,区域A,11
1299,区域B,119
1299,区域C,47
1299,区域D,271
1299,区域E,220
1300,区域A,9
1300,区域B,13
1300,区域C,10
1300,区域D,108
1300,区域E,470
1300,区域F,75
1301,区域A,25
1301,区域B,7
1301,区域C,27
1301,区域D,5
1301,区域E,61
1301,区域F,244
1302,区域A,148
1302,区域B,15
1302,区域C,17
1302,区域D,179
1302,区域E,70
1302,区域F,106
1303,区域A,143
1303,区域B,27
1303,区域C,39
1303,区域D,261
1303,区域E,403
1303,区域F,21
1304,区域A,41
1304,区域B,45
1304,区域C,32
1304,区域D,327
1304,区域F,284
1305,区域A,134
1305,区域B,31
1305,区域C,11
1305,区域D,67
1305,区域E,152
1306,区域A,62
1306,区域B,85
1306,区域C,21
1306,区域D,31
1306,区域E,165
1306,区域F,187
1307,区域A,34
1307,区域B,103
1307,区域C,124
1307,区域D,203
1307,区域E,120
1307,区域F,130
1308,区域A,12
1308,区域B,53
1308,区域C,11
1308,区域D,42
1308,区域E,217
1308,区域F,252
1309,区域A,46
1309,区域B,54
1309,区域C,43
1309,区域D,120
1309,区域E,157
1309,区域F,107
1310,区域A,97
1310,区域B,21
1310,区域C,29
1310,区域D,14
1310,区域E,374
1310,区域F,81
1311,区域A,114
1311,区域B,25
1311,区域C,6
1311,区域D,330
1311,区域E,147
1311,区域F,292
1312,区域A,13
1312,区域B,43
1312,区域C,52
1312,区域D,240
1312,区域E,280
1312,区域F,269
1313,区域A,44
1313,区域B,10
1313,区域C,18
1313,区域D,290
1313,区域E,139
1313,区域F,84
1314,区域A,12
1314,区域B,17
1314,区域C,22
1314,区域D,234
1314,区域E,251
1314,区域F,385
1315,区域A,34
1315,区域B,58
1315,区域C,186
1315,区域D,41
1315,区域E,58
1315,区域F,169
1316,区域A,6
1316,区域B,55
1316,区域C,18
1316,区域D,77
1316,区域E,135
1316,区域F,75
1317,区域A,70
1317,区域B,30
1317,区域C,11
1317,区域D,422
1317,区域E,342
1317,区域F,313
1318,区域A,104
1318,区域B,21
1318,区域C,74
1318,区域D,196
1318,区域E,79
1318,区域F,28
1319,区域A,16
1319,区域B,51
1319,区域C,69
1319,区域D,205
1319,区域E,364
1319,区域F,145
1320,区域A,31
1320,区域B,39
1320,区域C,26
1320,区域D,92
1320,区域E,103
1320,区域F,7
1321,区域A,17
1321,区域B,12
1321,区域C,115
1321,区域D,116
1321,区域E,226
1321,区域F,254
1322,区域A,21
1322,区域B,38
1322,区域C,26
1322,区域D,128
1322,区域E,117
1322,区域F,152
1323,区域A,7
1323,区域B,74
1323,区域C,52
1323,区域D,236
1323,区域E,122
1323,区域F,45
1324,区域A,108
1324,区域B,66
1324,区域C,100
1324,区域D,500
1324,区域E,8
1324,区域F,35
1325,区域A,31
1325,区域B,62
1325,区域C,77
1325,区域D,106
1325,区域E,12
1325,区域F,107
1326,区域A,63
1326,区域B,28
1326,区域C,7
1326,区域D,25
1326,区域E,65
1326,区域F,211
1327,区域A,41
1327,区域B,70
1327,区域C,5
1327,区域D,26
1327,区域E,182
1327,区域F,309
1328,区域A,16
1328,区域B,95
1328,区域C,55
1328,区域D,211
1328,区域E,64
1328,区域F,21
1329,区域A,226
1329,区域B,17
1329,区域C,6
1329,区域D,178
1329,区域E,42
1329,区域F,298
1330,区域A,176
1330,区域B,11
1330,区域C,7
1330,区域D,221
1330,区域E,29
1330,区域F,117
1331,区域A,39
1331,区域C,120
1331,区域D,315
1331,区域E,268
1331,区域F,91
1332,区域A,83
1332,区域B,149
1332,区域C,188
1332,区域D,4
1332,区域E,71
1332,区域F,246
1333,区域A,4
1333,区域B,209
1333,区域C,18
1333,区域D,19
1333,区域E,137
1333,区域F,160
1334,区域A,14
1334,区域B,79
1334,区域C,215
1334,区域D,25
1334,区域E,217
1334,区域F,75
1335,区域A,22
1335,区域B,22
1335,区域C,45
1335,区域D,185
1335,区域E,105
1335,区域F,12
1336,区域A,17
1336,区域B,27
1336,区域C,53
1336,区域D,122
1336,区域E,48
1336,区域F,7
1337,区域A,96
1337,区域B,48
1337,区域C,193
1337,区域D,14
1337,区域E,97
1337,区域F,63
1338,区域A,13
1338,区域B,42
1338,区域C,4
1338,区域D,243
1338,区域E,96
1338,区域F,160
1339,区域A,37
1339,区域B,144
1339,区域C,96
1339,区域D,84
1339,区域E,218
1339,区域F,68
1340,区域A,151
1340,区域B,66
1340,区域C,24
1340,区域D,339
1340,区域E,208
1340,区域F,34
1341,区域A,44
1341,区域B,16
1341,区域C,6
1341,区域D,187
1341,区域E,57
1341,区域F,212
1342,区域A,56
1342,区域B,22
1342,区域C,5
1342,区域D,277
1342,区域E,107
1342,区域F,166
1343,区域A,53
1343,区域B,87
1343,区域C,1
1343,区域D,61
1343,区域F,146
1344,区域A,14
1344,区域B,159
1344,区域C,6
1344,区域D,275
1344,区域E,337
1344,区域F,123
1345,区域A,16
1345,区域B,118
1345,区域C,3
1345,区域D,117
1345,区域E,182
1345,区域F,148
1346,区域A,8
1346,区域B,104
1346,区域C,18
1346,区域D,100
1346,区域E,274
1346,区域F,218
1347,区域A,28
1347,区域B,2
1347,区域C,11
1347,区域D,113
1347,区域E,113
1347,区域F,113
1348,区域A,14
1348,区域B,21
1348,区域C,19
1348,区域D,101
1348,区域E,57
1348,区域F,269
1349,区域A,15
1349,区域B,57
1349,区域C,8
1349,区域D,11
1349,区域E,306
1350,区域A,27
1350,区域B,35
1350,区域C,106
1350,区域D,270
1350,区域E,101
1350,区域F,384
1351,区域A,42
1351,区域B,4
1351,区域C,11
1351,区域D,98
1351,区域E,99
1351,区域F,136
1352,区域A,85
1352,区域B,25
1352,区域C,28
1352,区域D,69
1352,区域E,230
1353,区域A,82
1353,区域B,91
1353,区域C,25
1353,区域D,144
1353,区域E,159
1353,区域F,202
1354,区域A,40
1354,区域B,46
1354,区域C,47
1354,区域D,289
1354,区域E,212
1354,区域F,103
1355,区域A,12
1355,区域B,25
1355,区域C,27
1355,区域D,105
1355,区域E,217
1355,区域F,278
1356,区域A,37
1356,区域B,18
1356,区域C,75
1356,区域D,535
1356,区域E,142
1356,区域F,55
1357,区域A,46
1357,区域B,81
1357,区域C,9
1357,区域D,238
1357,区域E,355
1357,区域F,170
1358,区域A,21
1358,区域B,294
1358,区域C,24
1358,区域D,26
1358,区域E,132
1358,区域F,38
1359,区域A,21
1359,区域B,90
1359,区域C,15
1359,区域D,496
1359,区域E,118
1359,区域F,18
1360,区域A,19
1360,区域B,8
1360,区域C,28
1360,区域D,309
1360,区域E,145
1360,区域F,100
1361,区域A,62
1361,区域B,49
1361,区域C,21
1361,区域D,155
1361,区域E,161
1361,区域F,59
1362,区域A,20
1362,区域B,17
1362,区域C,146
1362,区域D,113
1362,区域E,167
1363,区域A,40
1363,区域B,65
1363,区域C,15
1363,区域D,79
1363,区域E,208
1363,区域F,133
1364,区域A,106
1364,区域B,90
1364,区域C,4
1364,区域D,81
1364,区域E,234
1364,区域F,102
1365,区域A,19
1365,区域B,34
1365,区域C,4
1365,区域D,115
1365,区域E,48
1365,区域F,292
1366,区域A,37
1366,区域B,55
1366,区域C,10
1366,区域D,76
1366,区域E,21
1366,区域F,509
1367,区域A,117
1367,区域B,11
1367,区域C,12
1367,区域D,217
1367,区域E,21
1367,区域F,270
1368,区域A,17
1368,区域B,146
1368,区域C,7
1368,区域D,126
1368,区域E,188
1368,区域F,187
1369,区域A,64
1369,区域B,270
1369,区域C,24
1369,区域D,61
1369,区域E,244
1370,区域A,4
1370,区域B,149
1370,区域C,16
1370,区域D,234
1370,区域E,314
1370,区域F,57
1371,区域A,16
1371,区域B,218
1371,区域C,26
1371,区域D,603
1371,区域E,153
1371,区域F,104
1372,区域A,96
1372,区域B,23
1372,区域C,31
1372,区域D,279
1372,区域E,82
1372,区域F,82
1373,区域A,12
1373,区域B,8
1373,区域C,12
1373,区域D,353
1373,区域E,94
1373,区域F,9
1374,区域A,26
1374,区域B,84
1374,区域C,14
1374,区域D,51
1374,区域E,420
1374,区域F,161
1375,区域A,127
1375,区域B,47
1375,区域C,144
1375,区域D,58
1375,区域E,100
1375,区域F,277
1376,区域A,16
1376,区域B,46
1376,区域C,37
1376,区域D,118
1376,区域E,258
1377,区域A,133
1377,区域B,180
1377,区域C,24
1377,区域D,209
1377,区域E,101
1377,区域F,199
1378,区域A,25
1378,区域B,171
1378,区域C,177
1378,区域D,42
1378,区域E,166
1378,区域F,33
1379,区域A,51
1379,区域B,121
1379,区域C,13
1379,区域D,267
1379,区域E,102
1379,区域F,134
1380,区域A,5
1380,区域B,20
1380,区域C,59
1380,区域D,142
1380,区域F,70
1381,区域A,159
1381,区域B,59
1381,区域C,27
1381,区域D,169
1381,区域E,72
1381,区域F,119
1382,区域A,19
1382,区域B,48
1382,区域C,80
1382,区域D,137
1382,区域E,120
1382,区域F,170
1383,区域A,112
1383,区域B,21
1383,区域C,114
1383,区域D,165
1383,区域E,206
1383,区域F,168
1384,区域A,29
1384,区域B,246
1384,区域C,38
1384,区域D,326
1384,区域E,332
1384,区域F,264
1385,区域A,35
1385,区域B,23
1385,区域C,14
1385,区域D,319
1385,区域E,129
1386,区域A,45
1386,区域B,36
1386,区域D,192
1386,区域E,75
1386,区域F,209
1387,区域A,57
1387,区域B,75
1387,区域C,27
1387,区域D,211
1387,区域E,96
1387,区域F,65
1388,区域A,34
1388,区域B,37
1388,区域C,89
1388,区域D,19
1388,区域E,19
1388,区域F,141
1389,区域A,190
1389,区域B,36
1389,区域C,25
1389,区域D,176
1389,区域F,78
1390,区域A,63
1390,区域B,33
1390,区域C,101
1390,区域D,245
1390,区域E,104
1390,区域F,181
1391,区域A,32
1391,区域B,23
1391,区域C,34
1391,区域D,125
1391,区域E,125
1391,区域F,98
1392,区域A,44
1392,区域B,23
1392,区域C,7
1392,区域D,61
1392,区域E,244
1392,区域F,245
1393,区域A,62
1393,区域B,79
1393,区域C,32
1393,区域D,120
1393,区域E,264
1393,区域F,96
1394,区域A,28
1394,区域B,6
1394,区域C,41
1394,区域D,121
1394,区域E,50
1394,区域F,55
1395,区域A,12
1395,区域B,32
1395,区域C,9
1395,区域D,233
1395,区域E,302
1395,区域F,55
1396,区域A,31
1396,区域C,7
1396,区域D,26
1396,区域E,309
1396,区域F,108
1397,区域A,137
1397,区域C,31
1397,区域D,352
1397,区域E,61
1397,区域F,12
1398,区域A,56
1398,区域B,22
1398,区域C,23
1398,区域D,208
1398,区域E,236
1398,区域F,52
1399,区域A,29
1399,区域B,14
1399,区域C,25
1399,区域D,330
1399,区域E,157
1399,区域F,237
1400,区域A,69
1400,区域B,16
1400,区域C,19
1400,区域D,157
1400,区域F,184
1401,区域A,99
1401,区域B,31
1401,区域C,35
1401,区域D,19
1401,区域E,117
1401,区域F,134
1402,区域A,25
1402,区域B,2
1402,区域C,119
1402,区域D,84
1402,区域E,94
1402,区域F,95
1403,区域A,115
1403,区域B,17
1403,区域C,145
1403,区域D,214
1403,区域E,16
1403,区域F,95
1404,区域A,42
1404,区域B,60
1404,区域C,26
1404,区域D,311
1404,区域E,145
1404,区域F,121
1405,区域A,33
1405,区域B,4
1405,区域C,28
1405,区域D,288
1405,区域E,12
1405,区域F,121
1406,区域A,4
1406,区域B,102
1406,区域C,8
1406,区域D,265
1406,区域E,147
1406,区域F,210
1407,区域A,7
1407,区域B,14
1407,区域C,85
1407,区域D,131
1407,区域F,175
1408,区域A,81
1408,区域B,23
1408,区域C,27
1408,区域D,21
1408,区域E,4
1408,区域F,71
1409,区域A,11
1409,区域B,119
1409,区域C,46
1409,区域D,144
1409,区域E,51
1409,区域F,274
1410,区域A,39
1410,区域B,130
1410,区域C,38
1410,区域D,132
1410,区域E,115
1410,区域F,120
1411,区域A,16
1411,区域B,129
1411,区域C,12
1411,区域D,139
1411,区域E,72
1411,区域F,93
1412,区域A,36
1412,区域C,34
1412,区域D,273
1412,区域E,295
1412,区域F,114
1413,区域A,26
1413,区域B,13
1413,区域C,11
1413,区域D,115
1413,区域E,139
1413,区域F,160
1414,区域A,115
1414,区域B,90
1414,区域C,14
1414,区域D,183
1414,区域E,116
1414,区域F,332
1415,区域A,5
1415,区域B,125
1415,区域C,93
1415,区域D,102
1416,区域A,213
1416,区域B,25
1416,区域C,14
1416,区域D,61
1416,区域E,124
1416,区域F,12
1417,区域A,9
1417,区域B,82
1417,区域D,218
1417,区域E,8
1417,区域F,121
1418,区域A,135
1418,区域B,144
1418,区域C,174
1418,区域D,55
1418,区域E,130
1418,区域F,176
1419,区域A,75
1419,区域B,45
1419,区域C,2
1419,区域D,77
1419,区域E,81
1419,区域F,164
1420,区域A,95
1420,区域B,6
1420,区域C,22
1420,区域D,234
1420,区域F,108
1421,区域A,20
1421,区域B,15
1421,区域C,29
1421,区域D,260
1421,区域E,42
1421,区域F,160
1422,区域A,27
1422,区域B,193
1422,区域C,24
1422,区域D,20
1422,区域E,59
1422,区域F,12
1423,区域A,162
1423,区域B,10
1423,区域C,10
1423,区域D,322
1423,区域E,62
1423,区域F,171
1424,区域A,14
1424,区域B,33
1424,区域C,56
1424,区域D,201
1424,区域E,139
1424,区域F,74
1425,区域A,44
1425,区域B,101
1425,区域C,70
1425,区域D,141
1425,区域E,222
1425,区域F,106
1426,区域A,71
1426,区域B,12
1426,区域C,19
1426,区域D,65
1426,区域E,175
1426,区域F,216
1427,区域A,8
1427,区域B,53
1427,区域D,241
1427,区域E,10
1427,区域F,235
1428,区域A,5
1428,区域B,125
1428,区域C,5
1428,区域D,287
1428,区域E,53
1428,区域F,164
1429,区域A,29
1429,区域B,22
1429,区域C,84
1429,区域D,102
1429,区域E,61
1429,区域F,6
1430,区域A,58
1430,区域B,11
1430,区域D,153
1430,区域E,148
1430,区域F,22
1431,区域A,39
1431,区域B,58
1431,区域D,301
1431,区域E,117
1431,区域F,74
1432,区域A,17
1432,区域B,16
1432,区域C,20
1432,区域D,110
1432,区域E,266
1432,区域F,123
1433,区域A,59
1433,区域B,11
1433,区域C,24
1433,区域D,415
1433,区域E,37
1433,区域F,203
1434,区域A,83
1434,区域B,9
1434,区域C,24
1434,区域D,110
1434,区域E,7
1435,区域A,35
1435,区域B,21
1435,区域C,1
1435,区域D,103
1435,区域E,115
1436,区域A,27
1436,区域B,5
1436,区域C,69
1436,区域D,118
1436,区域E,178
1436,区域F,215
1437,区域A,31
1437,区域B,68
1437,区域C,26
1437,区域D,45
1437,区域E,137
1437,区域F,100
1438,区域A,56
1438,区域B,11
1438,区域C,112
1438,区域D,220
1438,区域E,101
1438,区域F,68
1439,区域A,29
1439,区域B,5
1439,区域C,39
1439,区域D,55
1439,区域E,302
1439,区域F,73
1440,区域A,11
1440,区域B,17
1440,区域C,134
1440,区域D,155
1440,区域E,158
1440,区域F,67
1441,区域A,125
1441,区域B,61
1441,区域C,39
1441,区域D,156
1441,区域E,206
1442,区域A,113
1442,区域B,14
1442,区域C,7
1442,区域D,183
1442,区域E,10
1442,区域F,174
1443,区域A,17
1443,区域C,106
1443,区域D,365
1443,区域E,158
1444,区域A,7
1444,区域B,58
1444,区域C,71
1444,区域D,271
1444,区域E,111
1444,区域F,238
1445,区域A,126
1445,区域B,124
1445,区域C,8
1445,区域D,230
1445,区域E,162
1445,区域F,256
1446,区域A,62
1446,区域B,31
1446,区域C,12
1446,区域D,248
1446,区域E,170
1447,区域A,41
1447,区域B,5
1447,区域C,24
1447,区域D,73
1447,区域F,22
1448,区域A,33
1448,区域B,9
1448,区域C,25
1448,区域D,165
1448,区域E,39
1448,区域F,65
1449,区域A,21
1449,区域B,78
1449,区域C,161
1449,区域D,289
1449,区域E,287
1449,区域F,80
1450,区域A,121
1450,区域B,14
1450,区域C,161
1450,区域D,82
1450,区域F,113
1451,区域B,39
1451,区域C,9
1451,区域D,115
1451,区域E,142
1451,区域F,70
1452,区域A,150
1452,区域B,53
1452,区域D,291
1452,区域E,18
1452,区域F,21
1453,区域A,38
1453,区域B,49
1453,区域C,12
1453,区域D,159
1453,区域E,93
1453,区域F,60
1454,区域A,19
1454,区域B,29
1454,区域D,269
1454,区域E,263
1454,区域F,138
1455,区域A,33
1455,区域B,172
1455,区域C,16
1455,区域D,81
1455,区域E,54
1456,区域A,45
1456,区域B,10
1456,区域C,26
1456,区域D,225
1456,区域E,98
1456,区域F,152
1457,区域A,12
1457,区域B,27
1457,区域C,144
1457,区域D,362
1457,区域E,179
1457,区域F,19
1458,区域A,142
1458,区域B,235
1458,区域C,53
1458,区域E,223
1458,区域F,111
1459,区域A,42
1459,区域B,54
1459,区域C,13
1459,区域D,112
1459,区域E,37
1460,区域A,100
1460,区域B,139
1460,区域C,17
1460,区域D,58
1460,区域E,91
1460,区域F,76
1461,区域A,8
1461,区域B,16
1461,区域C,119
1461,区域D,9
1461,区域E,144
1461,区域F,93
1462,区域A,161
1462,区域B,25
1462,区域C,28
1462,区域D,85
1462,区域E,51
1462,区域F,360
1463,区域A,260
1463,区域C,126
1463,区域D,209
1463,区域E,85
1463,区域F,210
1464,区域A,30
1464,区域B,171
1464,区域C,20
1464,区域D,236
1464,区域E,33
1464,区域F,81
1465,区域A,28
1465,区域B,63
1465,区域C,11
1465,区域E,195
1465,区域F,126
1466,区域A,48
1466,区域B,169
1466,区域C,101
1466,区域D,177
1466,区域E,103
1466,区域F,105
1467,区域A,93
1467,区域B,38
1467,区域C,46
1467,区域D,554
1467,区域E,85
1467,区域F,93
1468,区域A,135
1468,区域B,108
1468,区域D,380
1468,区域E,266
1468,区域F,22
1469,区域A,14
1469,区域B,45
1469,区域C,28
1469,区域D,277
1469,区域E,120
1469,区域F,183
1470,区域A,90
1470,区域B,69
1470,区域C,8
1470,区域D,173
1470,区域E,234
1470,区域F,150
1471,区域A,38
1471,区域B,30
1471,区域C,38
1471,区域D,56
1471,区域E,203
1471,区域F,245
1472,区域A,26
1472,区域B,28
1472,区域C,10
1472,区域D,286
1472,区域E,224
1472,区域F,132
1473,区域A,59
1473,区域B,41
1473,区域C,17
1473,区域D,137
1473,区域E,379
1473,区域F,10
1474,区域A,111
1474,区域B,13
1474,区域C,22
1474,区域D,276
1474,区域E,6
1474,区域F,349
1475,区域A,44
1475,区域B,21
1475,区域C,29
1475,区域D,291
1475,区域E,77
1476,区域A,39
1476,区域B,61
1476,区域C,163
1476,区域D,166
1476,区域E,240
1476,区域F,69
1477,区域A,77
1477,区域B,124
1477,区域C,26
1477,区域D,322
1477,区域E,129
1478,区域A,9
1478,区域B,16
1478,区域C,9
1478,区域D,13
1478,区域E,107
1478,区域F,114
1479,区域A,116
1479,区域B,12
1479,区域C,40
1479,区域D,144
1479,区域E,176
1479,区域F,29
1480,区域A,11
1480,区域B,163
1480,区域C,15
1480,区域D,31
1480,区域E,35
1480,区域F,57
1481,区域A,142
1481,区域B,23
1481,区域C,94
1481,区域D,279
1481,区域E,10
1481,区域F,213
1482,区域A,55
1482,区域C,59
1482,区域D,222
1482,区域E,23
1482,区域F,306
1483,区域A,73
1483,区域B,50
1483,区域C,48
1483,区域D,323
1483,区域E,96
1483,区域F,38
1484,区域A,44
1484,区域B,25
1484,区域C,40
1484,区域D,222
1484,区域E,58
1484,区域F,156
1485,区域A,28
1485,区域B,9
1485,区域C,63
1485,区域D,148
1485,区域E,51
1486,区域A,30
1486,区域B,17
1486,区域C,193
1486,区域D,25
1486,区域E,62
1486,区域F,176
1487,区域A,68
1487,区域B,55
1487,区域C,40
1487,区域D,98
1487,区域E,244
1487,区域F,143
1488,区域A,69
1488,区域B,15
1488,区域C,31
1488,区域D,411
1488,区域E,52
1488,区域F,172
1489,区域A,14
1489,区域B,34
1489,区域D,551
1489,区域E,100
1489,区域F,79
1490,区域A,87
1490,区域B,143
1490,区域C,59
1490,区域D,32
1490,区域E,231
1490,区域F,63
1491,区域A,33
1491,区域B,48
1491,区域C,24
1491,区域D,61
1491,区域E,246
1491,区域F,94
1492,区域A,52
1492,区域B,16
1492,区域C,171
1492,区域D,638
1492,区域E,10
1492,区域F,149
1493,区域A,41
1493,区域B,27
1493,区域C,36
1493,区域D,151
1493,区域E,190
1493,区域F,253
1494,区域A,18
1494,区域B,24
1494,区域C,21
1494,区域D,117
1494,区域E,122
1494,区域F,26
1495,区域A,55
1495,区域B,50
1495,区域C,15
1495,区域D,253
1495,区域E,30
1495,区域F,170
1496,区域A,71
1496,区域B,27
1496,区域C,77
1496,区域D,178
1496,区域E,438
1496,区域F,158
1497,区域A,2
1497,区域B,191
1497,区域C,26
1497,区域D,220
1497,区域E,308
1497,区域F,112
1498,区域A,13
1498,区域B,24
1498,区域C,21
1498,区域D,396
1498,区域E,131
1498,区域F,149
1499,区域A,38
1499,区域B,31
1499,区域C,208
1499,区域D,116
1499,区域E,146
1499,区域F,90
1500,区域A,25
1500,区域B,32
1500,区域C,3
1500,区域D,164
1500,区域E,267
1500,区域F,53
1501,区域A,25
1501,区域B,2
1501,区域C,96
1501,区域D,35
1501,区域E,9
1501,区域F,145
1502,区域A,5
1502,区域B,36
1502,区域C,2
1502,区域D,94
1502,区域E,72
1502,区域F,294
1503,区域A,7
1503,区域B,49
1503,区域C,153
1503,区域D,260
1503,区域E,95
1503,区域F,4
1504,区域A,8
1504,区域B,111
1504,区域C,6
1504,区域D,236
1504,区域E,68
1504,区域F,165
1505,区域A,101
1505,区域B,122
1505,区域C,13
1505,区域D,121
1505,区域E,121
1505,区域F,115
1506,区域A,8
1506,区域B,38
1506,区域C,102
1506,区域D,108
1506,区域E,44
1506,区域F,98
1507,区域A,186
1507,区域B,4
1507,区域C,13
1507,区域D,442
1507,区域E,78
1507,区域F,103
1508,区域A,19
1508,区域B,40
1508,区域C,21
1508,区域D,350
1508,区域E,231
1508,区域F,202
1509,区域A,22
1509,区域B,142
1509,区域C,27
1509,区域D,353
1509,区域E,152
1509,区域F,23
1510,区域A,6
1510,区域B,13
1510,区域C,25
1510,区域D,320
1510,区域E,52
1510,区域F,120
1511,区域A,6
1511,区域B,85
1511,区域C,16
1511,区域D,616
1511,区域E,370
1511,区域F,207
1512,区域A,28
1512,区域B,53
1512,区域C,5
1512,区域D,15
1512,区域E,359
1512,区域F,362
1513,区域A,135
1513,区域B,4
1513,区域C,10
1513,区域D,71
1513,区域E,5
1513,区域F,125
1514,区域A,25
1514,区域B,16
1514,区域C,37
1514,区域D,334
1514,区域E,18
1515,区域A,22
1515,区域B,106
1515,区域C,7
1515,区域D,178
1515,区域E,195
1515,区域F,155
1516,区域A,31
1516,区域B,21
1516,区域C,1
1516,区域D,155
1516,区域E,110
1516,区域F,153
1517,区域A,89
1517,区域B,30
1517,区域C,122
1517,区域D,179
1517,区域E,175
1517,区域F,106
1518,区域A,7
1518,区域B,102
1518,区域C,88
1518,区域D,137
1518,区域E,136
1518,区域F,45
1519,区域A,160
1519,区域B,54
1519,区域C,55
1519,区域D,75
1519,区域E,298
1519,区域F,387
1520,区域A,10
1520,区域B,4
1520,区域C,156
1520,区域D,213
1520,区域E,32
1520,区域F,19
1521,区域A,25
1521,区域B,14
1521,区域C,61
1521,区域D,132
1521,区域E,53
1521,区域F,129
1522,区域A,33
1522,区域B,26
1522,区域C,30
1522,区域D,264
1522,区域E,276
1522,区域F,235
1523,区域A,20
1523,区域B,12
1523,区域C,39
1523,区域D,87
1523,区域E,89
1523,区域F,106
1524,区域A,27
1524,区域B,17
1524,区域C,87
1524,区域D,189
1524,区域E,122
1524,区域F,254
1525,区域A,28
1525,区域B,31
1525,区域C,36
1525,区域D,151
1525,区域E,13
1525,区域F,17
1526,区域A,52
1526,区域B,124
1526,区域C,43
1526,区域D,267
1526,区域E,30
1526,区域F,70
1527,区域A,144
1527,区域B,10
1527,区域C,103
1527,区域D,234
1527,区域E,123
1527,区域F,88
1528,区域A,4
1528,区域B,78
1528,区域C,36
1528,区域D,483
1528,区域E,238
1528,区域F,423
1529,区域A,13
1529,区域B,14
1529,区域C,87
1529,区域D,144
1529,区域E,89
1529,区域F,20
1530,区域A,55
1530,区域B,37
1530,区域C,58
1530,区域D,215
1530,区域E,107
1530,区域F,106
1531,区域A,108
1531,区域B,2
1531,区域C,74
1531,区域D,42
1531,区域E,190
1531,区域F,245
1532,区域A,41
1532,区域B,55
1532,区域C,9
1532,区域D,221
1532,区域E,414
1532,区域F,140
1533,区域A,18
1533,区域B,22
1533,区域C,5
1533,区域D,187
1533,区域E,56
1533,区域F,49
1534,区域A,15
1534,区域B,48
1534,区域C,72
1534,区域D,98
1534,区域E,197
1535,区域A,26
1535,区域B,14
1535,区域C,7
1535,区域D,120
1535,区域E,51
1535,区域F,19
1536,区域A,9
1536,区域B,14
1536,区域C,16
1536,区域D,156
1536,区域E,148
1536,区域F,289
1537,区域A,110
1537,区域B,45
1537,区域C,189
1537,区域D,201
1537,区域E,346
1537,区域F,108
1538,区域A,29
1538,区域B,73
1538,区域C,28
1538,区域D,115
1538,区域F,205
1539,区域A,47
1539,区域B,11
1539,区域C,55
1539,区域D,254
1539,区域E,88
1539,区域F,93
1540,区域A,56
1540,区域B,103
1540,区域C,22
1540,区域D,207
1540,区域E,96
1540,区域F,113
1541,区域A,154
1541,区域B,128
1541,区域C,16
1541,区域D,264
1541,区域E,264
1541,区域F,216
1542,区域A,14
1542,区域B,195
1542,区域C,7
1542,区域D,119
1542,区域E,99
1542,区域F,27
1543,区域A,37
1543,区域B,22
1543,区域C,73
1543,区域D,221
1543,区域E,157
1543,区域F,149
1544,区域A,33
1544,区域B,52
1544,区域C,15
1544,区域D,327
1544,区域E,224
1544,区域F,65
1545,区域A,68
1545,区域B,12
1545,区域C,25
1545,区域D,28
1545,区域E,80
1545,区域F,208
1546,区域A,38
1546,区域B,19
1546,区域C,6
1546,区域D,603
1546,区域E,266
1546,区域F,323
1547,区域A,23
1547,区域B,53
1547,区域C,33
1547,区域D,349
1547,区域E,50
1547,区域F,42
1548,区域A,41
1548,区域B,17
1548,区域C,53
1548,区域D,71
1548,区域E,19
1548,区域F,7
1549,区域A,4
1549,区域B,28
1549,区域C,23
1549,区域D,207
1549,区域F,110
1550,区域A,40
1550,区域B,27
1550,区域C,32
1550,区域D,123
1550,区域E,168
1550,区域F,162
1551,区域A,95
1551,区域B,11
1551,区域C,41
1551,区域D,159
1551,区域E,98
1551,区域F,89
1552,区域A,17
1552,区域B,5
1552,区域C,12
1552,区域D,188
1552,区域E,181
1552,区域F,29
1553,区域A,16
1553,区域B,6
1553,区域C,19
1553,区域D,141
1553,区域E,177
1553,区域F,142
1554,区域A,14
1554,区域B,47
1554,区域C,2
1554,区域D,53
1554,区域E,4
1554,区域F,144
1555,区域A,24
1555,区域B,96
1555,区域C,21
1555,区域D,218
1555,区域E,238
1555,区域F,112
1556,区域A,32
1556,区域B,173
1556,区域C,57
1556,区域D,566
1556,区域E,59
1556,区域F,196
1557,区域A,51
1557,区域B,150
1557,区域C,76
1557,区域D,324
1557,区域E,289
1557,区域F,36
1558,区域A,144
1558,区域B,27
1558,区域C,23
1558,区域D,70
1558,区域E,133
1558,区域F,254
1559,区域A,37
1559,区域B,41
1559,区域C,185
1559,区域D,21
1559,区域E,41
1559,区域F,327
1560,区域A,33
1560,区域B,41
1560,区域C,123
1560,区域D,210
1560,区域E,159
1560,区域F,114
1561,区域A,44
1561,区域B,75
1561,区域C,105
1561,区域D,409
1561,区域E,164
1561,区域F,75
1562,区域A,33
1562,区域B,207
1562,区域C,7
1562,区域D,262
1562,区域E,270
1562,区域F,41
1563,区域A,4
1563,区域B,157
1563,区域C,24
1563,区域D,107
1563,区域E,30
1563,区域F,63
1564,区域A,66
1564,区域B,39
1564,区域C,1
1564,区域D,108
1564,区域E,203
1564,区域F,75
1565,区域A,73
1565,区域B,110
1565,区域C,22
1565,区域D,164
1565,区域E,146
1566,区域A,97
1566,区域B,58
1566,区域C,8
1566,区域D,58
1566,区域E,102
1566,区域F,121
1567,区域A,64
1567,区域B,57
1567,区域C,19
1567,区域D,88
1567,区域E,146
1567,区域F,150
1568,区域A,138
1568,区域B,30
1568,区域C,53
1568,区域D,83
1568,区域E,36
1568,区域F,198
1569,区域A,115
1569,区域B,43
1569,区域C,64
1569,区域D,234
1569,区域E,128
1569,区域F,86
1570,区域A,11
1570,区域B,9
1570,区域C,186
1570,区域D,225
1570,区域E,124
1570,区域F,72
1571,区域A,28
1571,区域B,52
1571,区域C,64
1571,区域D,129
1571,区域E,43
1571,区域F,11
1572,区域A,201
1572,区域B,66
1572,区域C,28
1572,区域D,19
1572,区域E,127
1572,区域F,42
1573,区域A,53
1573,区域B,73
1573,区域C,30
1573,区域D,301
1573,区域E,85
1573,区域F,74
1574,区域A,10
1574,区域B,3
1574,区域C,250
1574,区域D,474
1574,区域E,499
1575,区域A,23
1575,区域B,53
1575,区域C,97
1575,区域D,31
1575,区域F,43
1576,区域A,54
1576,区域B,54
1576,区域C,21
1576,区域D,72
1576,区域E,150
1576,区域F,206
1577,区域A,17
1577,区域B,14
1577,区域C,12
1577,区域D,181
1577,区域F,161
1578,区域A,55
1578,区域B,37
1578,区域C,87
1578,区域D,162
1578,区域E,91
1578,区域F,255
1579,区域A,22
1579,区域B,12
1579,区域C,155
1579,区域D,243
1579,区域E,66
1579,区域F,43
1580,区域A,37
1580,区域B,222
1580,区域C,14
1580,区域D,113
1580,区域E,80
1580,区域F,96
1581,区域A,7
1581,区域B,41
1581,区域C,69
1581,区域D,185
1581,区域E,116
1581,区域F,118
1582,区域A,52
1582,区域B,17
1582,区域C,128
1582,区域D,150
1582,区域E,270
1582,区域F,339
1583,区域A,45
1583,区域C,32
1583,区域D,88
1583,区域E,237
1583,区域F,170
1584,区域A,11
1584,区域B,48
1584,区域C,142
1584,区域D,327
1584,区域E,30
1584,区域F,6
1585,区域A,8
1585,区域B,31
1585,区域C,40
1585,区域D,300
1585,区域E,29
1585,区域F,189
1586,区域A,29
1586,区域B,103
1586,区域C,130
1586,区域D,194
1586,区域E,107
1586,区域F,179
1587,区域A,52
1587,区域B,86
1587,区域C,73
1587,区域D,51
1587,区域E,243
1587,区域F,89
1588,区域A,14
1588,区域B,184
1588,区域C,10
1588,区域D,46
1588,区域E,5
1588,区域F,312
1589,区域A,16
1589,区域B,16
1589,区域C,29
1589,区域D,50
1589,区域E,94
1589,区域F,151
1590,区域A,39
1590,区域B,45
1590,区域C,63
1590,区域D,305
1590,区域E,164
1591,区域A,92
1591,区域B,21
1591,区域C,111
1591,区域D,292
1591,区域E,54
1591,区域F,12
1592,区域A,23
1592,区域B,26
1592,区域C,123
1592,区域D,215
1592,区域E,140
1592,区域F,152
1593,区域A,33
1593,区域B,39
1593,区域C,38
1593,区域D,118
1593,区域E,225
1593,区域F,280
1594,区域A,102
1594,区域B,69
1594,区域C,9
1594,区域D,360
1594,区域E,4
1594,区域F,491
1595,区域A,219
1595,区域B,41
1595,区域C,11
1595,区域D,277
1595,区域E,101
1595,区域F,223
1596,区域A,86
1596,区域B,9
1596,区域C,29
1596,区域D,518
1596,区域E,138
1596,区域F,148
1597,区域A,141
1597,区域B,32
1597,区域C,67
1597,区域D,404
1597,区域E,188
1597,区域F,76
1598,区域A,12
1598,区域B,11
1598,区域C,143
1598,区域D,461
1598,区域E,124
1598,区域F,209
1599,区域A,24
1599,区域B,164
1599,区域C,59
1599,区域D,372
1599,区域E,180
1599,区域F,435
1600,区域A,122
1600,区域B,62
1600,区域C,65
1600,区域D,167
1600,区域E,87
1600,区域F,174
1601,区域A,80
1601,区域B,70
1601,区域C,40
1601,区域D,49
1602,区域A,48
1602,区域B,49
1602,区域C,30
1602,区域D,29
1602,区域E,214
1602,区域F,92
1603,区域A,22
1603,区域B,17
1603,区域C,50
1603,区域D,36
1603,区域E,161
1603,区域F,16
1604,区域A,32
1604,区域B,38
1604,区域C,21
1604,区域D,143
1604,区域E,319
1604,区域F,52
1605,区域A,21
1605,区域B,50
1605,区域C,33
1605,区域D,248
1605,区域E,162
1605,区域F,299
1606,区域A,48
1606,区域B,37
1606,区域C,9
1606,区域D,279
1606,区域E,26
1606,区域F,139
1607,区域A,17
1607,区域B,69
1607,区域C,13
1607,区域D,284
1607,区域E,86
1607,区域F,37
1608,区域A,30
1608,区域B,77
1608,区域C,10
1608,区域D,524
1608,区域E,104
1609,区域A,31
1609,区域B,44
1609,区域C,173
1609,区域D,172
1609,区域E,2
1609,区域F,386
1610,区域A,12
1610,区域B,32
1610,区域C,135
1610,区域D,12
1610,区域E,360
1610,区域F,178
1611,区域A,85
1611,区域B,158
1611,区域C,14
1611,区域D,126
1611,区域E,114
1611,区域F,190
1612,区域A,7
1612,区域B,157
1612,区域C,126
1612,区域E,44
1612,区域F,211
1613,区域A,113
1613,区域B,23
1613,区域C,4
1613,区域D,179
1613,区域E,260
1613,区域F,220
1614,区域A,94
1614,区域B,6
1614,区域C,8
1614,区域D,326
1614,区域F,299
1615,区域A,19
1615,区域B,69
1615,区域C,24
1615,区域D,188
1615,区域E,142
1615,区域F,201
1616,区域A,75
1616,区域B,10
1616,区域C,16
1616,区域D,154
1616,区域E,103
1616,区域F,218
1617,区域A,85
1617,区域B,6
1617,区域C,130
1617,区域D,196
1617,区域E,196
1617,区域F,328
1618,区域A,19
1618,区域B,46
1618,区域C,134
1618,区域D,129
1618,区域E,181
1618,区域F,181
1619,区域A,116
1619,区域B,128
1619,区域C,30
1619,区域D,349
1619,区域F,6
1620,区域A,43
1620,区域B,20
1620,区域C,6
1620,区域D,25
1620,区域E,44
1620,区域F,80
1621,区域A,41
1621,区域B,29
1621,区域C,21
1621,区域D,69
1621,区域E,63
1621,区域F,42
1622,区域A,13
1622,区域B,9
1622,区域C,38
1622,区域D,167
1622,区域F,384
1623,区域A,48
1623,区域B,20
1623,区域C,15
1623,区域D,88
1623,区域E,57
1623,区域F,115
1624,区域A,28
1624,区域B,28
1624,区域D,340
1624,区域E,18
1624,区域F,196
1625,区域A,92
1625,区域B,17
1625,区域C,74
1625,区域D,127
1625,区域E,37
1625,区域F,107
1626,区域A,15
1626,区域B,156
1626,区域C,22
1626,区域D,18
1626,区域E,152
1626,区域F,152
1627,区域A,6
1627,区域B,68
1627,区域C,7
1627,区域D,211
1627,区域E,76
1627,区域F,174
1628,区域A,43
1628,区域B,10
1628,区域C,3
1628,区域D,446
1628,区域E,348
1628,区域F,86
1629,区域A,8
1629,区域B,31
1629,区域C,107
1629,区域D,369
1629,区域E,73
1629,区域F,327
1630,区域A,51
1630,区域B,18
1630,区域C,54
1630,区域D,73
1630,区域E,75
1630,区域F,393
1631,区域A,227
1631,区域B,16
1631,区域C,16
1631,区域D,441
1631,区域E,170
1631,区域F,13
1632,区域A,11
1632,区域B,53
1632,区域C,8
1632,区域D,414
1632,区域E,7
1632,区域F,277
1633,区域A,28
1633,区域B,118
1633,区域C,27
1633,区域D,38
1633,区域E,102
1633,区域F,1
1634,区域A,28
1634,区域B,57
1634,区域C,120
1634,区域D,134
1634,区域E,189
1634,区域F,276
1635,区域A,277
1635,区域B,2
1635,区域C,29
1635,区域D,521
1635,区域E,133
1635,区域F,63
1636,区域A,23
1636,区域B,128
1636,区域C,9
1636,区域D,16
1636,区域F,136
1637,区域A,88
1637,区域B,37
1637,区域C,13
1637,区域D,121
1637,区域E,119
1637,区域F,38
1638,区域A,42
1638,区域B,25
1638,区域C,43
1638,区域D,76
1638,区域F,92
1639,区域A,147
1639,区域B,33
1639,区域C,46
1639,区域D,555
1639,区域E,106
1639,区域F,265
1640,区域A,52
1640,区域B,135
1640,区域C,12
1640,区域E,167
1640,区域F,13
1641,区域A,29
1641,区域B,73
1641,区域C,7
1641,区域D,175
1641,区域E,479
1641,区域F,60
1642,区域A,175
1642,区域B,24
1642,区域C,8
1642,区域D,26
1642,区域E,163
1642,区域F,32
1643,区域A,31
1643,区域B,9
1643,区域C,26
1643,区域D,80
1643,区域E,105
1644,区域A,237
1644,区域B,205
1644,区域C,24
1644,区域D,7
1644,区域E,161
1644,区域F,214
1645,区域A,109
1645,区域B,19
1645,区域C,31
1645,区域D,273
1645,区域E,380
1645,区域F,23
1646,区域A,54
1646,区域B,20
1646,区域C,18
1646,区域D,466
1646,区域E,127
1646,区域F,96
1647,区域A,18
1647,区域B,6
1647,区域C,19
1647,区域D,80
1647,区域E,26
1647,区域F,383
1648,区域A,40
1648,区域B,129
1648,区域C,16
1648,区域D,86
1648,区域E,151
1648,区域F,42
1649,区域A,18
1649,区域B,25
1649,区域C,30
1649,区域D,273
1649,区域E,50
1649,区域F,125
1650,区域A,27
1650,区域B,45
1650,区域C,41
1650,区域D,151
1650,区域E,418
1650,区域F,112
1651,区域A,171
1651,区域B,115
1651,区域C,4
1651,区域D,287
1651,区域E,93
1651,区域F,91
1652,区域A,21
1652,区域B,7
1652,区域C,28
1652,区域D,362
1652,区域E,154
1652,区域F,126
1653,区域A,12
1653,区域B,5
1653,区域C,54
1653,区域D,252
1653,区域E,146
1653,区域F,98
1654,区域A,129
1654,区域B,7
1654,区域C,136
1654,区域D,61
1654,区域E,188
1654,区域F,277
1655,区域A,53
1655,区域B,36
1655,区域C,208
1655,区域D,181
1655,区域E,181
1655,区域F,205
1656,区域A,32
1656,区域B,41
1656,区域C,10
1656,区域D,208
1656,区域E,360
1656,区域F,81
1657,区域A,10
1657,区域B,134
1657,区域C,13
1657,区域D,134
1657,区域E,266
1657,区域F,583
1658,区域A,12
1658,区域B,32
1658,区域C,11
1658,区域D,303
1658,区域E,104
1658,区域F,45
1659,区域A,12
1659,区域B,53
1659,区域C,73
1659,区域D,192
1659,区域E,287
1659,区域F,108
1660,区域A,35
1660,区域B,133
1660,区域C,137
1660,区域D,294
1660,区域E,178
1660,区域F,73
1661,区域A,44
1661,区域B,23
1661,区域C,120
1661,区域D,10
1661,区域E,30
1661,区域F,29
1662,区域A,124
1662,区域B,109
1662,区域C,21
1662,区域D,120
1662,区域E,115
1662,区域F,37
1663,区域A,12
1663,区域B,63
1663,区域C,101
1663,区域D,18
1663,区域E,210
1663,区域F,234
1664,区域A,29
1664,区域B,52
1664,区域C,40
1664,区域D,522
1664,区域E,147
1664,区域F,51
1665,区域A,15
1665,区域B,32
1665,区域C,50
1665,区域D,279
1665,区域E,25
1665,区域F,28
1666,区域A,23
1666,区域B,19
1666,区域C,10
1666,区域D,72
1666,区域E,108
1666,区域F,125
1667,区域A,37
1667,区域B,148
1667,区域C,1
1667,区域D,334
1667,区域E,131
1667,区域F,287
1668,区域A,88
1668,区域B,52
1668,区域C,10
1668,区域D,97
1668,区域E,126
1668,区域F,20
1669,区域A,166
1669,区域B,14
1669,区域C,19
1669,区域D,181
1669,区域E,53
1669,区域F,308
1670,区域A,5
1670,区域B,96
1670,区域C,11
1670,区域D,164
1670,区域E,202
1670,区域F,73
1671,区域A,98
1671,区域B,36
1671,区域C,53
1671,区域D,413
1671,区域E,28
1671,区域F,116
1672,区域A,21
1672,区域B,39
1672,区域C,186
1672,区域D,170
1672,区域E,69
1672,区域F,121
1673,区域A,56
1673,区域B,106
1673,区域C,67
1673,区域D,367
1673,区域E,65
1673,区域F,38
1674,区域A,23
1674,区域B,27
1674,区域C,62
1674,区域D,125
1674,区域E,38
1674,区域F,198
1675,区域A,32
1675,区域B,8
1675,区域C,10
1675,区域D,174
1675,区域E,57
1675,区域F,8
1676,区域A,55
1676,区域B,101
1676,区域C,11
1676,区域D,248
1676,区域E,14
1676,区域F,255
1677,区域A,65
1677,区域B,15
1677,区域C,138
1677,区域D,54
1677,区域E,115
1677,区域F,15
1678,区域A,29
1678,区域B,53
1678,区域C,4
1678,区域D,250
1678,区域E,244
1678,区域F,168
1679,区域A,13
1679,区域B,57
1679,区域C,11
1679,区域D,30
1679,区域E,305
1680,区域A,14
1680,区域B,23
1680,区域C,42
1680,区域D,119
1680,区域E,158
1680,区域F,109
1681,区域A,8
1681,区域B,27
1681,区域C,24
1681,区域D,316
1681,区域E,3
1681,区域F,194
1682,区域A,75
1682,区域B,19
1682,区域C,24
1682,区域D,102
1682,区域E,139
1682,区域F,280
1683,区域A,107
1683,区域B,87
1683,区域C,36
1683,区域D,355
1683,区域E,162
1683,区域F,8
1684,区域A,49
1684,区域B,180
1684,区域C,134
1684,区域D,182
1684,区域E,272
1684,区域F,58
1685,区域A,17
1685,区域B,46
1685,区域C,167
1685,区域D,75
1685,区域E,244
1685,区域F,85
1686,区域A,19
1686,区域B,6
1686,区域C,6
1686,区域D,183
1686,区域E,232
1686,区域F,163
1687,区域A,56
1687,区域B,51
1687,区域C,92
1687,区域D,494
1687,区域E,20
1688,区域A,28
1688,区域B,26
1688,区域D,187
1688,区域E,394
1688,区域F,204
1689,区域A,37
1689,区域B,50
1689,区域C,10
1689,区域D,225
1689,区域E,84
1689,区域F,112
1690,区域A,56
1690,区域B,55
1690,区域C,114
1690,区域D,85
1690,区域E,28
1690,区域F,231
1691,区域A,161
1691,区域B,10
1691,区域C,258
1691,区域D,547
1691,区域E,95
1691,区域F,131
1692,区域A,24
1692,区域B,137
1692,区域C,32
1692,区域D,222
1692,区域E,259
1692,区域F,346
1693,区域A,20
1693,区域B,106
1693,区域C,6
1693,区域D,73
1693,区域E,17
1693,区域F,154
1694,区域A,87
1694,区域B,74
1694,区域C,33
1694,区域D,120
1694,区域E,265
1694,区域F,107
1695,区域A,38
1695,区域B,153
1695,区域C,122
1695,区域D,203
1695,区域E,320
1695,区域F,95
1696,区域A,88
1696,区域B,17
1696,区域C,15
1696,区域D,105
1696,区域E,179
1696,区域F,103
1697,区域A,45
1697,区域B,8
1697,区域C,45
1697,区域D,81
1697,区域E,282
1697,区域F,270
1698,区域A,49
1698,区域C,17
1698,区域D,144
1698,区域E,434
1698,区域F,111
1699,区域A,28
1699,区域B,44
1699,区域C,33
1699,区域D,123
1699,区域E,69
1699,区域F,100
1700,区域A,21
1700,区域B,17
1700,区域C,23
1700,区域D,111
1700,区域E,141
1700,区域F,40
1701,区域A,51
1701,区域B,112
1701,区域C,23
1701,区域D,128
1701,区域E,74
1701,区域F,241
1702,区域A,14
1702,区域B,41
1702,区域C,97
1702,区域D,148
1702,区域E,216
1702,区域F,165
1703,区域A,13
1703,区域B,19
1703,区域C,114
1703,区域D,229
1703,区域E,140
1704,区域A,23
1704,区域B,116
1704,区域C,23
1704,区域D,68
1704,区域E,59
1704,区域F,38
1705,区域A,140
1705,区域B,55
1705,区域C,6
1705,区域D,329
1705,区域E,178
1706,区域A,102
1706,区域B,14
1706,区域C,47
1706,区域D,308
1706,区域E,61
1706,区域F,13
1707,区域A,60
1707,区域B,45
1707,区域C,26
1707,区域D,204
1707,区域E,192
1707,区域F,410
1708,区域B,49
1708,区域C,2
1708,区域D,62
1708,区域E,279
1708,区域F,22
1709,区域A,127
1709,区域B,21
1709,区域C,52
1709,区域D,275
1709,区域E,187
1709,区域F,169
1710,区域A,61
1710,区域B,73
1710,区域C,137
1710,区域D,160
1710,区域E,179
1710,区域F,104
1711,区域A,27
1711,区域B,22
1711,区域C,19
1711,区域D,138
1711,区域E,236
1711,区域F,13
1712,区域A,16
1712,区域B,79
1712,区域C,17
1712,区域D,175
1712,区域E,231
1712,区域F,176
1713,区域A,3
1713,区域B,41
1713,区域C,28
1713,区域D,611
1713,区域E,119
1713,区域F,18
1714,区域A,21
1714,区域B,16
1714,区域C,25
1714,区域D,302
1714,区域E,218
1714,区域F,112
1715,区域A,236
1715,区域B,115
1715,区域C,1
1715,区域D,449
1715,区域E,49
1715,区域F,58
1716,区域A,66
1716,区域B,6
1716,区域C,25
1716,区域D,91
1716,区域E,150
1716,区域F,67
1717,区域A,53
1717,区域B,184
1717,区域C,33
1717,区域D,199
1717,区域E,210
1717,区域F,19
1718,区域A,76
1718,区域B,101
1718,区域C,5
1718,区域D,80
1718,区域E,26
1718,区域F,217
1719,区域A,101
1719,区域B,43
1719,区域C,68
1719,区域D,270
1719,区域E,94
1719,区域F,3
1720,区域A,36
1720,区域B,82
1720,区域C,14
1720,区域D,68
1720,区域E,96
1720,区域F,22
1721,区域A,24
1721,区域C,46
1721,区域D,93
1721,区域E,99
1721,区域F,145
1722,区域A,24
1722,区域B,44
1722,区域C,80
1722,区域D,275
1722,区域E,451
1722,区域F,111
1723,区域A,20
1723,区域B,125
1723,区域C,19
1723,区域D,215
1723,区域E,267
1723,区域F,198
1724,区域A,36
1724,区域B,93
1724,区域C,27
1724,区域D,91
1724,区域E,29
1724,区域F,119
1725,区域A,25
1725,区域B,21
1725,区域C,16
1725,区域D,351
1725,区域E,75
1725,区域F,142
1726,区域A,87
1726,区域B,14
1726,区域C,30
1726,区域D,16
1726,区域E,167
1726,区域F,65
1727,区域A,137
1727,区域B,50
1727,区域C,6
1727,区域D,121
1727,区域E,216
1727,区域F,434
1728,区域A,94
1728,区域B,49
1728,区域C,59
1728,区域D,260
1728,区域E,84
1728,区域F,113
1729,区域A,41
1729,区域B,14
1729,区域C,21
1729,区域D,84
1729,区域E,100
1729,区域F,99
1730,区域A,19
1730,区域B,7
1730,区域C,72
1730,区域D,318
1730,区域E,224
1730,区域F,129
1731,区域A,24
1731,区域B,8
1731,区域C,7
1731,区域D,313
1731,区域E,84
1731,区域F,211
1732,区域A,17
1732,区域B,70
1732,区域C,240
1732,区域D,96
1732,区域E,70
1732,区域F,212
1733,区域A,35
1733,区域B,62
1733,区域C,3
1733,区域D,411
1733,区域E,118
1733,区域F,138
1734,区域A,14
1734,区域B,38
1734,区域C,22
1734,区域D,193
1734,区域E,110
1734,区域F,77
1735,区域A,83
1735,区域B,40
1735,区域C,21
1735,区域D,98
1735,区域E,35
1735,区域F,117
1736,区域A,10
1736,区域B,39
1736,区域C,35
1736,区域D,162
1736,区域E,79
1736,区域F,356
1737,区域A,150
1737,区域B,284
1737,区域C,55
1737,区域D,214
1737,区域E,252
1737,区域F,325
1738,区域A,12
1738,区域B,6
1738,区域C,115
1738,区域D,279
1738,区域E,100
1739,区域A,3
1739,区域B,25
1739,区域C,12
1739,区域D,72
1739,区域E,70
1739,区域F,68
1740,区域A,26
1740,区域B,29
1740,区域C,60
1740,区域D,25
1740,区域E,431
1740,区域F,72
1741,区域A,149
1741,区域B,93
1741,区域C,5
1741,区域D,94
1741,区域E,223
1741,区域F,29
1742,区域A,23
1742,区域B,24
1742,区域C,2
1742,区域D,101
1742,区域E,202
1742,区域F,105
1743,区域A,48
1743,区域B,10
1743,区域C,15
1743,区域D,209
1743,区域E,48
1743,区域F,257
1744,区域A,32
1744,区域B,23
1744,区域C,39
1744,区域D,197
1744,区域E,45
1744,区域F,211
1745,区域A,24
1745,区域B,9
1745,区域C,10
1745,区域D,171
1745,区域E,88
1745,区域F,253
1746,区域A,52
1746,区域B,30
1746,区域C,28
1746,区域D,116
1746,区域E,189
1746,区域F,288
1747,区域A,77
1747,区域B,9
1747,区域C,5
1747,区域D,310
1747,区域E,128
1747,区域F,273
1748,区域A,26
1748,区域B,101
1748,区域C,123
1748,区域D,123
1748,区域E,20
1748,区域F,60
1749,区域A,41
1749,区域B,56
1749,区域C,9
1749,区域D,103
1749,区域E,189
1749,区域F,363
1750,区域A,32
1750,区域B,6
1750,区域C,26
1750,区域D,70
1750,区域E,246
1750,区域F,144
1751,区域A,31
1751,区域D,53
1751,区域E,364
1751,区域F,188
1752,区域A,226
1752,区域B,152
1752,区域C,39
1752,区域D,62
1752,区域E,7
1752,区域F,53
1753,区域A,18
1753,区域B,23
1753,区域C,32
1753,区域D,318
1753,区域E,25
1753,区域F,18
1754,区域A,25
1754,区域B,17
1754,区域C,3
1754,区域D,148
1754,区域E,348
1755,区域A,18
1755,区域B,14
1755,区域C,20
1755,区域D,289
1755,区域E,232
1755,区域F,117
1756,区域A,15
1756,区域B,13
1756,区域C,30
1756,区域D,256
1756,区域E,55
1756,区域F,400
1757,区域A,121
1757,区域B,26
1757,区域C,51
1757,区域D,119
1757,区域E,101
1757,区域F,129
1758,区域A,155
1758,区域B,10
1758,区域C,163
1758,区域D,265
1758,区域E,257
1758,区域F,203
1759,区域A,43
1759,区域B,46
1759,区域C,21
1759,区域D,169
1759,区域E,168
1759,区域F,108
1760,区域A,38
1760,区域B,34
1760,区域C,65
1760,区域D,19
1760,区域E,186
1761,区域A,16
1761,区域B,116
1761,区域D,383
1761,区域E,27
1761,区域F,228
1762,区域A,7
1762,区域C,11
1762,区域D,19
1762,区域E,85
1763,区域A,26
1763,区域B,73
1763,区域C,10
1763,区域D,468
1763,区域E,126
1763,区域F,314
1764,区域A,4
1764,区域B,74
1764,区域C,134
1764,区域D,281
1764,区域E,409
1764,区域F,207
1765,区域A,9
1765,区域B,93
1765,区域C,40
1765,区域D,64
1765,区域E,213
1765,区域F,38
1766,区域A,16
1766,区域B,40
1766,区域C,25
1766,区域D,137
1766,区域E,169
1766,区域F,85
1767,区域A,104
1767,区域B,80
1767,区域C,10
1767,区域D,216
1767,区域E,155
1767,区域F,106
1768,区域A,10
1768,区域B,43
1768,区域C,5
1768,区域D,354
1768,区域E,155
1768,区域F,343
1769,区域A,17
1769,区域B,105
1769,区域C,42
1769,区域D,135
1769,区域E,149
1769,区域F,101
1770,区域A,58
1770,区域B,31
1770,区域C,32
1770,区域D,9
1770,区域E,198
1770,区域F,147
1771,区域A,93
1771,区域B,138
1771,区域C,35
1771,区域D,157
1771,区域F,367
1772,区域A,91
1772,区域B,50
1772,区域C,30
1772,区域D,29
1772,区域E,248
1772,区域F,301
1773,区域A,105
1773,区域B,38
1773,区域C,18
1773,区域D,12
1773,区域E,20
1773,区域F,10
1774,区域A,19
1774,区域B,55
1774,区域C,26
1774,区域D,378
1774,区域E,31
1774,区域F,74
1775,区域A,192
1775,区域B,3
1775,区域C,131
1775,区域D,348
1775,区域E,63
1775,区域F,215
1776,区域A,79
1776,区域B,145
1776,区域C,128
1776,区域D,222
1776,区域E,444
1777,区域A,24
1777,区域B,135
1777,区域C,4
1777,区域D,220
1777,区域E,310
1777,区域F,65
1778,区域A,6
1778,区域B,32
1778,区域C,35
1778,区域D,257
1778,区域E,175
1778,区域F,87
1779,区域A,284
1779,区域B,23
1779,区域C,42
1779,区域D,366
1779,区域E,7
1779,区域F,195
1780,区域A,24
1780,区域B,33
1780,区域C,85
1780,区域D,166
1780,区域E,238
1780,区域F,67
1781,区域A,81
1781,区域B,23
1781,区域C,24
1781,区域D,121
1781,区域E,49
1781,区域F,187
1782,区域A,76
1782,区域B,54
1782,区域C,69
1782,区域D,255
1782,区域E,114
1782,区域F,384
1783,区域A,128
1783,区域B,168
1783,区域C,12
1783,区域D,259
1783,区域E,125
1783,区域F,149
1784,区域A,11
1784,区域B,52
1784,区域C,15
1784,区域D,181
1784,区域E,128
1784,区域F,41
1785,区域A,2
1785,区域B,151
1785,区域C,50
1785,区域D,27
1785,区域E,54
1785,区域F,32
1786,区域A,77
1786,区域B,109
1786,区域C,140
1786,区域D,200
1786,区域E,82
1786,区域F,44
1787,区域A,9
1787,区域B,112
1787,区域C,2
1787,区域D,71
1787,区域E,124
1787,区域F,33
1788,区域A,146
1788,区域B,30
1788,区域C,6
1788,区域D,112
1788,区域E,201
1788,区域F,142
1789,区域A,45
1789,区域B,38
1789,区域C,37
1789,区域D,439
1789,区域E,198
1789,区域F,21
1790,区域A,39
1790,区域B,5
1790,区域C,101
1790,区域D,172
1790,区域E,21
1790,区域F,79
1791,区域A,50
1791,区域B,8
1791,区域C,34
1791,区域D,37
1791,区域E,16
1792,区域A,187
1792,区域B,71
1792,区域C,74
1792,区域D,163
1792,区域E,320
1792,区域F,124
1793,区域A,114
1793,区域B,17
1793,区域C,40
1793,区域D,169
1793,区域E,171
1793,区域F,262
1794,区域A,11
1794,区域B,47
1794,区域C,9
1794,区域D,94
1794,区域E,117
1794,区域F,232
1795,区域A,29
1795,区域B,37
1795,区域C,18
1795,区域D,290
1795,区域F,22
1796,区域A,10
1796,区域B,14
1796,区域C,34
1796,区域D,371
1796,区域F,111
1797,区域A,26
1797,区域B,139
1797,区域C,17
1797,区域D,131
1797,区域F,114
1798,区域A,72
1798,区域B,49
1798,区域C,42
1798,区域D,276
1798,区域E,273
1798,区域F,13
1799,区域A,177
1799,区域B,14
1799,区域C,30
1799,区域D,85
1799,区域E,64
1799,区域F,46
1800,区域A,124
1800,区域B,30
1800,区域C,38
1800,区域D,240
1800,区域E,180
1800,区域F,82
1801,区域A,10
1801,区域B,50
1801,区域C,50
1801,区域D,192
1801,区域E,135
1801,区域F,176
1802,区域A,23
1802,区域B,67
1802,区域C,27
1802,区域D,129
1802,区域E,134
1802,区域F,268
1803,区域B,163
1803,区域C,28
1803,区域D,92
1803,区域E,150
1803,区域F,389
1804,区域A,43
1804,区域B,37
1804,区域C,2
1804,区域D,62
1804,区域E,86
1804,区域F,79
1805,区域A,213
1805,区域B,25
1805,区域D,5
1805,区域E,178
1805,区域F,133
1806,区域A,35
1806,区域B,40
1806,区域C,26
1806,区域D,130
1806,区域E,23
1806,区域F,149
1807,区域A,113
1807,区域B,5
1807,区域C,15
1807,区域D,467
1807,区域E,166
1807,区域F,117
1808,区域A,140
1808,区域B,39
1808,区域C,2
1808,区域D,102
1808,区域E,12
1808,区域F,298
1809,区域A,91
1809,区域B,3
1809,区域C,38
1809,区域D,199
1809,区域E,124
1810,区域A,102
1810,区域B,3
1810,区域D,114
1810,区域E,150
1810,区域F,270
1811,区域A,106
1811,区域B,4
1811,区域C,31
1811,区域D,431
1811,区域E,73
1811,区域F,321
1812,区域A,38
1812,区域B,65
1812,区域C,32
1812,区域D,228
1812,区域E,117
1812,区域F,140
1813,区域A,177
1813,区域B,130
1813,区域C,56
1813,区域D,462
1813,区域E,343
1813,区域F,102
1814,区域A,43
1814,区域B,10
1814,区域C,57
1814,区域D,149
1814,区域E,264
1814,区域F,72
1815,区域A,16
1815,区域B,45
1815,区域C,7
1815,区域D,28
1815,区域E,48
1816,区域A,19
1816,区域B,4
1816,区域C,27
1816,区域D,404
1816,区域E,23
1816,区域F,128
1817,区域A,58
1817,区域B,84
1817,区域C,22
1817,区域D,145
1817,区域E,96
1817,区域F,364
1818,区域A,118
1818,区域B,134
1818,区域D,92
1818,区域E,100
1818,区域F,198
1819,区域A,15
1819,区域B,210
1819,区域C,14
1819,区域D,279
1819,区域E,61
1819,区域F,225
1820,区域A,18
1820,区域B,14
1820,区域C,16
1820,区域D,340
1820,区域E,349
1820,区域F,23
1821,区域A,105
1821,区域B,49
1821,区域C,205
1821,区域D,336
1821,区域E,330
1821,区域F,147
1822,区域A,58
1822,区域B,21
1822,区域C,29
1822,区域D,146
1822,区域E,25
1822,区域F,600
1823,区域A,120
1823,区域B,72
1823,区域C,25
1823,区域D,457
1823,区域E,333
1823,区域F,31
1824,区域A,91
1824,区域B,39
1824,区域C,195
1824,区域D,140
1824,区域E,17
1824,区域F,162
1825,区域A,27
1825,区域B,46
1825,区域C,15
1825,区域D,25
1825,区域E,192
1825,区域F,38
1826,区域A,51
1826,区域B,30
1826,区域C,17
1826,区域D,128
1826,区域F,71
1827,区域A,41
1827,区域B,149
1827,区域C,17
1827,区域E,181
1827,区域F,144
1828,区域A,17
1828,区域B,2
1828,区域C,26
1828,区域D,147
1828,区域E,144
1828,区域F,88
1829,区域A,32
1829,区域B,25
1829,区域C,139
1829,区域D,334
1829,区域E,18
1829,区域F,224
1830,区域A,12
1830,区域B,16
1830,区域C,23
1830,区域D,153
1830,区域E,7
1830,区域F,142
1831,区域A,132
1831,区域B,19
1831,区域C,14
1831,区域D,49
1831,区域E,181
1831,区域F,168
1832,区域A,355
1832,区域B,17
1832,区域C,5
1832,区域D,451
1832,区域E,19
1832,区域F,146
1833,区域A,42
1833,区域B,83
1833,区域C,18
1833,区域D,171
1833,区域E,140
1833,区域F,243
1834,区域A,193
1834,区域B,24
1834,区域C,46
1834,区域D,185
1834,区域E,318
1834,区域F,32
1835,区域A,61
1835,区域B,58
1835,区域C,28
1835,区域D,75
1835,区域E,160
1835,区域F,72
1836,区域A,8
1836,区域B,145
1836,区域C,76
1836,区域D,136
1836,区域E,18
1836,区域F,6
1837,区域A,47
1837,区域B,15
1837,区域D,11
1837,区域E,93
1837,区域F,392
1838,区域A,43
1838,区域B,41
1838,区域C,185
1838,区域D,348
1838,区域E,98
1838,区域F,539
1839,区域A,30
1839,区域B,24
1839,区域C,5
1839,区域D,48
1839,区域E,19
1839,区域F,115
1840,区域A,28
1840,区域B,22
1840,区域C,38
1840,区域D,31
1840,区域E,98
1840,区域F,106
1841,区域A,59
1841,区域B,6
1841,区域C,35
1841,区域D,334
1841,区域E,143
1841,区域F,66
1842,区域A,103
1842,区域B,17
1842,区域C,129
1842,区域D,107
1842,区域E,190
1842,区域F,110
1843,区域A,23
1843,区域B,27
1843,区域C,6
1843,区域D,156
1843,区域E,24
1843,区域F,33
1844,区域A,25
1844,区域B,7
1844,区域C,27
1844,区域D,263
1844,区域E,184
1844,区域F,43
1845,区域A,27
1845,区域B,28
1845,区域C,28
1845,区域D,593
1845,区域E,175
1845,区域F,160
1846,区域A,31
1846,区域B,21
1846,区域C,45
1846,区域D,265
1846,区域F,142
1847,区域A,118
1847,区域B,12
1847,区域C,16
1847,区域D,140
1847,区域E,275
1847,区域F,43
1848,区域A,141
1848,区域B,2
1848,区域C,20
1848,区域E,224
1848,区域F,171
1849,区域A,51
1849,区域B,106
1849,区域C,5
1849,区域D,462
1849,区域E,195
1849,区域F,70
1850,区域A,115
1850,区域B,126
1850,区域C,27
1850,区域D,43
1850,区域E,56
1850,区域F,90
1851,区域A,62
1851,区域B,11
1851,区域C,87
1851,区域D,357
1851,区域E,55
1851,区域F,301
1852,区域A,7
1852,区域B,51
1852,区域C,126
1852,区域D,129
1852,区域E,152
1852,区域F,286
1853,区域A,65
1853,区域B,8
1853,区域C,20
1853,区域D,277
1853,区域E,130
1853,区域F,91
1854,区域A,30
1854,区域B,14
1854,区域C,186
1854,区域D,179
1854,区域F,52
1855,区域A,28
1855,区域B,31
1855,区域C,137
1855,区域D,83
1855,区域E,21
1855,区域F,179
1856,区域A,181
1856,区域B,42
1856,区域C,13
1856,区域D,16
1856,区域E,15
1856,区域F,298
1857,区域A,10
1857,区域B,15
1857,区域C,54
1857,区域D,125
1857,区域E,62
1857,区域F,289
1858,区域A,76
1858,区域B,12
1858,区域C,34
1858,区域D,194
1858,区域E,121
1858,区域F,86
1859,区域A,38
1859,区域B,20
1859,区域C,119
1859,区域D,203
1859,区域E,48
1859,区域F,305
1860,区域A,22
1860,区域B,146
1860,区域C,3
1860,区域D,170
1860,区域E,4
1860,区域F,121
1861,区域A,20
1861,区域B,18
1861,区域C,28
1861,区域D,261
1861,区域E,71
1861,区域F,128
1862,区域A,13
1862,区域B,17
1862,区域C,21
1862,区域D,138
1862,区域E,116
1862,区域F,7
1863,区域A,24
1863,区域B,12
1863,区域C,40
1863,区域D,117
1863,区域E,204
1863,区域F,121
1864,区域A,3
1864,区域B,51
1864,区域C,28
1864,区域D,145
1864,区域E,79
1864,区域F,26
1865,区域A,7
1865,区域B,34
1865,区域C,10
1865,区域D,161
1865,区域E,48
1865,区域F,310
1866,区域A,71
1866,区域B,18
1866,区域C,9
1866,区域D,407
1866,区域E,136
1866,区域F,131
1867,区域A,113
1867,区域B,38
1867,区域C,7
1867,区域D,165
1867,区域E,248
1867,区域F,20
1868,区域A,148
1868,区域B,73
1868,区域C,8
1868,区域D,64
1868,区域E,357
1868,区域F,249
1869,区域A,100
1869,区域B,6
1869,区域C,34
1869,区域D,213
1869,区域E,184
1869,区域F,265
1870,区域A,43
1870,区域B,119
1870,区域C,6
1870,区域D,114
1870,区域E,286
1870,区域F,180
1871,区域A,12
1871,区域B,30
1871,区域C,1
1871,区域D,24
1871,区域E,245
1871,区域F,76
1872,区域A,66
1872,区域C,37
1872,区域D,40
1872,区域E,20
1872,区域F,25
1873,区域A,39
1873,区域B,7
1873,区域C,95
1873,区域D,73
1873,区域E,119
1873,区域F,406
1874,区域A,149
1874,区域B,63
1874,区域C,25
1874,区域D,243
1874,区域E,151
1874,区域F,289
1875,区域A,10
1875,区域B,14
1875,区域C,53
1875,区域D,355
1875,区域E,111
1875,区域F,116
1876,区域A,5
1876,区域B,153
1876,区域C,44
1876,区域D,279
1876,区域E,245
1876,区域F,81
1877,区域A,15
1877,区域B,39
1877,区域C,89
1877,区域D,95
1877,区域E,321
1877,区域F,133
1878,区域A,25
1878,区域B,9
1878,区域C,34
1878,区域D,152
1878,区域E,153
1878,区域F,62
1879,区域A,47
1879,区域B,99
1879,区域C,80
1879,区域D,167
1879,区域E,74
1879,区域F,171
1880,区域A,80
1880,区域B,229
1880,区域C,23
1880,区域D,219
1880,区域E,40
1880,区域F,84
1881,区域A,18
1881,区域B,16
1881,区域C,4
1881,区域D,21
1881,区域E,151
1882,区域A,58
1882,区域C,58
1882,区域D,217
1882,区域E,195
1882,区域F,369
1883,区域A,209
1883,区域B,6
1883,区域D,227
1883,区域E,6
1883,区域F,258
1884,区域A,125
1884,区域B,24
1884,区域C,3
1884,区域D,108
1884,区域E,290
1884,区域F,136
1885,区域A,24
1885,区域B,22
1885,区域C,13
1885,区域D,265
1885,区域E,92
1885,区域F,34
1886,区域A,17
1886,区域B,44
1886,区域C,69
1886,区域D,212
1886,区域E,60
1886,区域F,91
1887,区域A,53
1887,区域B,16
1887,区域C,7
1887,区域D,190
1887,区域E,157
1888,区域A,133
1888,区域B,29
1888,区域C,33
1888,区域D,373
1888,区域E,130
1888,区域F,103
1889,区域A,26
1889,区域B,92
1889,区域C,8
1889,区域D,302
1889,区域E,172
1889,区域F,47
1890,区域A,14
1890,区域B,11
1890,区域C,69
1890,区域D,79
1890,区域E,18
1890,区域F,184
1891,区域A,80
1891,区域B,39
1891,区域C,6
1891,区域D,10
1891,区域E,331
1891,区域F,82
1892,区域A,171
1892,区域B,26
1892,区域C,12
1892,区域D,146
1892,区域E,49
1892,区域F,158
1893,区域A,6
1893,区域B,15
1893,区域C,3
1893,区域D,113
1893,区域E,132
1893,区域F,184
1894,区域A,30
1894,区域B,42
1894,区域C,30
1894,区域D,110
1894,区域E,44
1894,区域F,44
1895,区域A,30
1895,区域B,28
1895,区域C,133
1895,区域D,13
1895,区域E,55
1895,区域F,41
1896,区域A,16
1896,区域B,138
1896,区域C,12
1896,区域D,302
1896,区域E,336
1896,区域F,63
1897,区域A,15
1897,区域B,168
1897,区域C,15
1897,区域D,73
1897,区域E,149
1897,区域F,151
1898,区域B,15
1898,区域C,42
1898,区域D,158
1898,区域E,89
1898,区域F,44
1899,区域A,36
1899,区域B,14
1899,区域C,1
1899,区域D,23
1899,区域E,183
1899,区域F,132
1900,区域A,28
1900,区域B,68
1900,区域C,19
1900,区域D,468
1900,区域E,23
1900,区域F,97
1901,区域A,23
1901,区域B,64
1901,区域C,40
1901,区域D,142
1901,区域E,169
1901,区域F,68
1902,区域A,19
1902,区域B,22
1902,区域C,110
1902,区域D,70
1902,区域F,132
1903,区域A,131
1903,区域B,28
1903,区域C,94
1903,区域D,4
1903,区域E,166
1903,区域F,139
1904,区域A,26
1904,区域B,40
1904,区域C,47
1904,区域D,159
1904,区域E,7
1904,区域F,99
1905,区域A,22
1905,区域B,7
1905,区域C,34
1905,区域D,240
1905,区域E,38
1905,区域F,137
1906,区域A,17
1906,区域B,9
1906,区域C,44
1906,区域D,141
1906,区域E,11
1906,区域F,115
1907,区域A,12
1907,区域B,35
1907,区域C,49
1907,区域D,54
1907,区域E,139
1907,区域F,30
1908,区域A,46
1908,区域B,111
1908,区域C,87
1908,区域D,16
1908,区域E,196
1908,区域F,140
1909,区域A,252
1909,区域B,113
1909,区域C,12
1909,区域D,255
1909,区域E,229
1909,区域F,30
1910,区域A,77
1910,区域B,25
1910,区域C,68
1910,区域D,157
1910,区域E,29
1910,区域F,45
1911,区域A,30
1911,区域B,2
1911,区域C,162
1911,区域D,99
1911,区域E,180
1911,区域F,222
1912,区域A,98
1912,区域B,60
1912,区域C,108
1912,区域D,198
1912,区域E,126
1912,区域F,45
1913,区域A,5
1913,区域B,61
1913,区域C,122
1913,区域D,7
1913,区域E,9
1913,区域F,165
1914,区域A,11
1914,区域B,156
1914,区域C,136
1914,区域D,295
1914,区域E,62
1914,区域F,117
1915,区域A,42
1915,区域B,3
1915,区域C,44
1915,区域D,29
1915,区域E,245
1915,区域F,100
1916,区域A,28
1916,区域B,96
1916,区域C,12
1916,区域D,7
1916,区域E,20
1916,区域F,23
1917,区域A,71
1917,区域B,154
1917,区域C,14
1917,区域D,174
1917,区域E,237
1917,区域F,161
1918,区域A,68
1918,区域B,36
1918,区域C,41
1918,区域D,212
1918,区域E,191
1918,区域F,253
1919,区域A,16
1919,区域B,19
1919,区域C,20
1919,区域D,202
1919,区域E,356
1919,区域F,128
1920,区域A,47
1920,区域B,14
1920,区域C,39
1920,区域D,233
1920,区域E,97
1921,区域A,158
1921,区域B,15
1921,区域C,18
1921,区域D,211
1921,区域E,197
1921,区域F,186
1922,区域A,12
1922,区域B,139
1922,区域C,113
1922,区域D,314
1922,区域E,124
1923,区域A,99
1923,区域B,19
1923,区域C,82
1923,区域D,13
1923,区域E,303
1923,区域F,176
1924,区域A,46
1924,区域B,74
1924,区域C,57
1924,区域D,327
1924,区域E,144
1924,区域F,245
1925,区域A,267
1925,区域B,70
1925,区域C,5
1925,区域D,121
1925,区域E,164
1925,区域F,13
1926,区域A,22
1926,区域B,20
1926,区域C,234
1926,区域D,366
1926,区域E,17
1926,区域F,274
1927,区域A,11
1927,区域B,32
1927,区域D,401
1927,区域E,80
1927,区域F,88
1928,区域A,29
1928,区域B,141
1928,区域C,143
1928,区域D,178
1928,区域E,27
1928,区域F,67
1929,区域A,30
1929,区域B,9
1929,区域C,121
1929,区域D,61
1929,区域E,179
1929,区域F,291
1930,区域A,56
1930,区域B,33
1930,区域C,99
1930,区域D,102
1930,区域E,12
1930,区域F,97
1931,区域A,51
1931,区域B,12
1931,区域C,13
1931,区域D,270
1931,区域E,125
1931,区域F,98
1932,区域A,25
1932,区域B,17
1932,区域C,19
1932,区域D,297
1932,区域E,126
1933,区域A,31
1933,区域B,32
1933,区域C,37
1933,区域D,449
1934,区域A,107
1934,区域B,30
1934,区域C,58
1934,区域D,128
1934,区域E,386
1934,区域F,342
1935,区域A,56
1935,区域B,13
1935,区域C,9
1935,区域D,196
1935,区域E,232
1935,区域F,251
1936,区域A,8
1936,区域C,5
1936,区域D,186
1936,区域F,129
1937,区域A,20
1937,区域B,23
1937,区域C,119
1937,区域D,268
1937,区域E,170
1937,区域F,94
1938,区域A,11
1938,区域B,35
1938,区域C,6
1938,区域D,73
1938,区域E,81
1938,区域F,86
1939,区域A,132
1939,区域B,146
1939,区域C,129
1939,区域D,435
1939,区域E,263
1939,区域F,181
1940,区域A,65
1940,区域B,102
1940,区域C,19
1940,区域D,98
1940,区域E,57
1940,区域F,31
1941,区域A,24
1941,区域B,143
1941,区域C,183
1941,区域D,60
1941,区域E,89
1941,区域F,117
1942,区域A,13
1942,区域B,40
1942,区域C,39
1942,区域D,381
1942,区域E,153
1942,区域F,14
1943,区域A,23
1943,区域B,18
1943,区域C,45
1943,区域D,166
1943,区域E,229
1943,区域F,93
1944,区域A,20
1944,区域B,42
1944,区域C,16
1944,区域D,322
1944,区域E,461
1945,区域A,31
1945,区域B,17
1945,区域C,158
1945,区域D,78
1945,区域E,326
1945,区域F,48
1946,区域A,26
1946,区域B,73
1946,区域C,144
1946,区域D,82
1946,区域E,30
1946,区域F,236
1947,区域A,33
1947,区域B,2
1947,区域D,59
1947,区域E,46
1947,区域F,4
1948,区域A,5
1948,区域B,33
1948,区域C,47
1948,区域D,344
1948,区域E,377
1948,区域F,329
1949,区域A,79
1949,区域B,24
1949,区域C,14
1949,区域D,97
1949,区域E,97
1949,区域F,143
1950,区域A,32
1950,区域B,53
1950,区域C,35
1950,区域D,227
1950,区域E,10
1950,区域F,80
1951,区域A,104
1951,区域B,20
1951,区域C,39
1951,区域D,172
1951,区域E,130
1951,区域F,217
1952,区域A,14
1952,区域B,60
1952,区域C,26
1952,区域D,251
1952,区域E,416
1952,区域F,75
1953,区域A,96
1953,区域B,72
1953,区域C,4
1953,区域D,246
1953,区域E,108
1954,区域A,120
1954,区域B,15
1954,区域C,22
1954,区域D,242
1954,区域E,86
1954,区域F,116
1955,区域A,10
1955,区域C,38
1955,区域D,235
1955,区域E,148
1955,区域F,202
1956,区域A,10
1956,区域B,3
1956,区域C,50
1956,区域D,381
1956,区域E,27
1956,区域F,46
1957,区域A,32
1957,区域B,80
1957,区域D,44
1957,区域E,87
1957,区域F,131
1958,区域A,76
1958,区域B,160
1958,区域C,39
1958,区域D,2
1958,区域E,9
1958,区域F,54
1959,区域A,35
1959,区域B,23
1959,区域C,76
1959,区域D,231
1959,区域E,519
1959,区域F,36
1960,区域B,150
1960,区域C,31
1960,区域D,283
1960,区域E,99
1960,区域F,123
1961,区域A,156
1961,区域B,106
1961,区域C,43
1961,区域D,392
1961,区域E,258
1961,区域F,8
1962,区域A,4
1962,区域C,23
1962,区域D,496
1962,区域E,136
1962,区域F,284
1963,区域A,24
1963,区域B,14
1963,区域C,7
1963,区域D,210
1963,区域E,6
1963,区域F,23
1964,区域A,46
1964,区域B,31
1964,区域D,162
1964,区域E,361
1964,区域F,151
1965,区域A,22
1965,区域B,2
1965,区域C,90
1965,区域D,117
1965,区域E,210
1965,区域F,106
1966,区域A,44
1966,区域B,135
1966,区域C,97
1966,区域D,153
1966,区域E,251
1966,区域F,73
1967,区域A,31
1967,区域B,67
1967,区域C,23
1967,区域D,434
1967,区域E,39
1967,区域F,14
1968,区域B,22
1968,区域C,47
1968,区域D,274
1968,区域E,266
1968,区域F,177
1969,区域A,244
1969,区域B,122
1969,区域C,3
1969,区域D,250
1969,区域E,153
1969,区域F,60
1970,区域A,35
1970,区域B,34
1970,区域C,23
1970,区域D,126
1970,区域E,168
1970,区域F,22
1971,区域A,18
1971,区域B,39
1971,区域C,116
1971,区域D,168
1971,区域F,26
1972,区域A,31
1972,区域B,9
1972,区域D,146
1972,区域E,56
1972,区域F,198
1973,区域A,16
1973,区域B,10
1973,区域C,13
1973,区域D,14
1973,区域E,86
1973,区域F,56
1974,区域A,6
1974,区域B,5
1974,区域C,120
1974,区域D,403
1974,区域E,95
1974,区域F,286
1975,区域A,44
1975,区域B,44
1975,区域C,21
1975,区域D,399
1975,区域E,187
1975,区域F,86
1976,区域A,156
1976,区域B,6
1976,区域C,39
1976,区域D,270
1976,区域E,60
1976,区域F,29
1977,区域A,51
1977,区域B,33
1977,区域C,35
1977,区域D,124
1977,区域E,214
1978,区域A,25
1978,区域B,5
1978,区域C,105
1978,区域D,302
1978,区域E,272
1978,区域F,133
1979,区域A,72
1979,区域B,147
1979,区域C,19
1979,区域D,153
1979,区域E,190
1979,区域F,207
1980,区域A,97
1980,区域B,13
1980,区域C,119
1980,区域D,225
1980,区域E,115
1980,区域F,101
1981,区域A,75
1981,区域B,86
1981,区域C,15
1981,区域D,260
1981,区域E,102
1981,区域F,296
1982,区域A,57
1982,区域B,98
1982,区域C,105
1982,区域D,154
1982,区域E,150
1983,区域A,92
1983,区域B,55
1983,区域C,129
1983,区域D,337
1983,区域E,95
1983,区域F,110
1984,区域A,24
1984,区域B,16
1984,区域C,17
1984,区域D,373
1984,区域E,209
1984,区域F,171
1985,区域A,69
1985,区域C,22
1985,区域D,177
1985,区域E,78
1985,区域F,85
1986,区域A,57
1986,区域B,124
1986,区域C,14
1986,区域D,160
1986,区域E,88
1986,区域F,9
1987,区域A,5
1987,区域B,20
1987,区域C,36
1987,区域D,480
1987,区域E,76
1987,区域F,112
1988,区域A,56
1988,区域B,18
1988,区域C,102
1988,区域D,196
1988,区域E,48
1988,区域F,69
1989,区域A,135
1989,区域B,28
1989,区域C,21
1989,区域D,398
1989,区域E,63
1989,区域F,13
1990,区域A,38
1990,区域B,118
1990,区域C,43
1990,区域D,248
1990,区域E,63
1990,区域F,4
1991,区域A,154
1991,区域B,38
1991,区域C,27
1991,区域D,421
1991,区域E,105
1991,区域F,149
1992,区域B,74
1992,区域C,26
1992,区域D,192
1992,区域E,113
1992,区域F,145
1993,区域A,66
1993,区域B,27
1993,区域C,18
1993,区域D,109
1993,区域E,103
1993,区域F,223
1994,区域A,123
1994,区域B,150
1994,区域C,45
1994,区域D,115
1994,区域E,169
1994,区域F,75
1995,区域A,21
1995,区域B,25
1995,区域C,43
1995,区域D,34
1995,区域E,172
1995,区域F,62
1996,区域A,17
1996,区域B,96
1996,区域C,28
1996,区域D,53
1996,区域E,74
1996,区域F,68
1997,区域A,23
1997,区域B,11
1997,区域C,7
1997,区域D,161
1997,区域E,116
1998,区域A,18
1998,区域B,23
1998,区域C,144
1998,区域D,147
1998,区域E,180
1998,区域F,52
1999,区域A,18
1999,区域B,6
1999,区域C,54
1999,区域D,324
1999,区域E,178
1999,区域F,69
2000,区域A,41
2000,区域B,3
2000,区域C,86
2000,区域D,116
2000,区域E,126
2000,区域F,63
2001,区域A,54
2001,区域B,38
2001,区域C,53
2001,区域D,73
2001,区域E,266
2001,区域F,201
2002,区域A,37
2002,区域B,5
2002,区域C,46
2002,区域D,82
2002,区域E,203
2002,区域F,67
2003,区域A,177
2003,区域B,49
2003,区域C,1
2003,区域D,106
2003,区域E,121
2003,区域F,217
2004,区域A,22
2004,区域B,126
2004,区域C,7
2004,区域D,160
2004,区域E,92
2004,区域F,225
2005,区域A,202
2005,区域B,39
2005,区域D,155
2005,区域F,100
2006,区域A,19
2006,区域B,36
2006,区域C,8
2006,区域D,179
2006,区域E,321
2006,区域F,95
2007,区域A,38
2007,区域B,14
2007,区域C,104
2007,区域D,298
2007,区域E,367
2007,区域F,138
2008,区域A,3
2008,区域B,149
2008,区域C,1
2008,区域D,225
2008,区域E,213
2008,区域F,119
2009,区域A,163
2009,区域B,20
2009,区域C,42
2009,区域D,278
2009,区域E,274
2009,区域F,70
2010,区域A,202
2010,区域B,19
2010,区域C,35
2010,区域D,246
2010,区域E,419
2010,区域F,224
2011,区域A,84
2011,区域B,92
2011,区域C,35
2011,区域D,320
2011,区域E,126
2011,区域F,159
2012,区域A,64
2012,区域B,21
2012,区域C,114
2012,区域D,233
2012,区域E,248
2012,区域F,51
2013,区域A,23
2013,区域B,240
2013,区域C,157
2013,区域D,281
2013,区域E,346
2013,区域F,158
2014,区域A,24
2014,区域B,79
2014,区域C,5
2014,区域D,71
2014,区域E,92
2014,区域F,501
2015,区域A,127
2015,区域B,85
2015,区域C,128
2015,区域D,272
2015,区域E,177
2015,区域F,140
2016,区域A,72
2016,区域B,10
2016,区域C,33
2016,区域D,146
2016,区域E,89
2016,区域F,201
2017,区域A,52
2017,区域B,26
2017,区域C,60
2017,区域D,433
2017,区域E,4
2017,区域F,48
2018,区域A,21
2018,区域B,13
2018,区域D,420
2018,区域E,286
2018,区域F,185
2019,区域B,221
2019,区域C,13
2019,区域D,441
2019,区域E,78
2019,区域F,265
2020,区域A,28
2020,区域B,19
2020,区域C,19
2020,区域D,254
2020,区域E,234
2020,区域F,7
2021,区域A,4
2021,区域B,206
2021,区域C,53
2021,区域D,432
2021,区域E,210
2021,区域F,126
2022,区域A,36
2022,区域B,10
2022,区域C,11
2022,区域D,63
2022,区域E,65
2022,区域F,123
2023,区域A,260
2023,区域B,8
2023,区域C,123
2023,区域D,125
2023,区域E,42
2023,区域F,163
2024,区域A,122
2024,区域B,42
2024,区域C,120
2024,区域D,252
2024,区域E,115
2024,区域F,177
2025,区域A,21
2025,区域B,76
2025,区域C,22
2025,区域D,324
2025,区域E,55
2026,区域A,39
2026,区域B,13
2026,区域C,34
2026,区域D,126
2026,区域E,122
2026,区域F,291
2027,区域A,102
2027,区域B,40
2027,区域D,295
2027,区域E,188
2027,区域F,58
2028,区域A,18
2028,区域B,44
2028,区域C,42
2028,区域D,435
2028,区域E,254
2028,区域F,87
2029,区域A,23
2029,区域B,82
2029,区域C,43
2029,区域D,248
2029,区域E,261
2029,区域F,114
2030,区域A,18
2030,区域B,15
2030,区域C,54
2030,区域D,74
2030,区域E,101
2030,区域F,94
2031,区域A,25
2031,区域B,113
2031,区域C,23
2031,区域D,168
2031,区域E,126
2031,区域F,111
2032,区域A,27
2032,区域B,34
2032,区域C,38
2032,区域D,47
2032,区域E,59
2032,区域F,152
2033,区域A,22
2033,区域B,27
2033,区域C,44
2033,区域D,143
2033,区域E,148
2033,区域F,138
2034,区域A,116
2034,区域B,22
2034,区域C,17
2034,区域D,173
2034,区域E,141
2034,区域F,9
2035,区域A,15
2035,区域B,54
2035,区域C,70
2035,区域D,133
2035,区域E,146
2035,区域F,214
2036,区域A,8
2036,区域B,133
2036,区域C,30
2036,区域D,75
2037,区域A,64
2037,区域B,9
2037,区域C,122
2037,区域D,220
2037,区域E,180
2037,区域F,186
2038,区域A,137
2038,区域B,15
2038,区域C,81
2038,区域D,257
2038,区域E,148
2038,区域F,200
2039,区域A,70
2039,区域B,120
2039,区域C,98
2039,区域D,277
2039,区域E,116
2039,区域F,109
2040,区域A,13
2040,区域B,5
2040,区域C,94
2040,区域D,178
2040,区域E,348
2040,区域F,184
2041,区域A,148
2041,区域B,5
2041,区域C,117
2041,区域D,26
2041,区域F,83
2042,区域C,44
2042,区域D,141
2042,区域E,5
2042,区域F,51
2043,区域A,46
2043,区域B,37
2043,区域C,45
2043,区域D,304
2043,区域F,17
2044,区域A,63
2044,区域B,8
2044,区域C,23
2044,区域D,61
2044,区域E,194
2044,区域F,66
2045,区域A,56
2045,区域B,129
2045,区域C,38
2045,区域D,227
2045,区域E,192
2045,区域F,26
2046,区域A,61
2046,区域B,290
2046,区域C,28
2046,区域D,235
2046,区域E,64
2046,区域F,309
2047,区域A,26
2047,区域B,131
2047,区域C,27
2047,区域D,175
2047,区域E,52
2047,区域F,16
2048,区域A,59
2048,区域B,226
2048,区域C,16
2048,区域D,150
2048,区域E,22
2048,区域F,258
2049,区域A,45
2049,区域B,27
2049,区域C,36
2049,区域D,278
2049,区域E,240
2049,区域F,112
2050,区域A,123
2050,区域B,29
2050,区域C,29
2050,区域D,157
2050,区域E,7
2050,区域F,26
2051,区域A,13
2051,区域B,110
2051,区域C,21
2051,区域D,63
2051,区域E,64
2051,区域F,126
2052,区域A,21
2052,区域B,67
2052,区域C,199
2052,区域D,366
2052,区域E,45
2052,区域F,66
2053,区域A,149
2053,区域B,21
2053,区域C,1
2053,区域D,126
2053,区域E,177
2054,区域A,48
2054,区域C,43
2054,区域D,44
2054,区域E,30
2055,区域A,16
2055,区域B,13
2055,区域C,28
2055,区域D,424
2055,区域E,181
2055,区域F,147
2056,区域A,8
2056,区域B,57
2056,区域C,119
2056,区域D,467
2056,区域E,26
2056,区域F,115
2057,区域A,23
2057,区域B,30
2057,区域C,16
2057,区域D,386
2057,区域E,209
2057,区域F,121
2058,区域A,7
2058,区域B,15
2058,区域C,129
2058,区域D,211
2058,区域E,63
2058,区域F,79
2059,区域A,7
2059,区域B,117
2059,区域C,29
2059,区域D,51
2059,区域E,263
2059,区域F,111
2060,区域A,57
2060,区域B,11
2060,区域C,9
2060,区域D,160
2060,区域E,104
2060,区域F,242
2061,区域A,34
2061,区域B,29
2061,区域C,33
2061,区域D,98
2061,区域E,28
2061,区域F,290
2062,区域A,19
2062,区域B,12
2062,区域C,35
2062,区域D,85
2062,区域E,111
2062,区域F,198
2063,区域A,158
2063,区域B,43
2063,区域C,12
2063,区域D,440
2063,区域E,236
2063,区域F,201
2064,区域A,109
2064,区域B,42
2064,区域C,19
2064,区域D,294
2064,区域E,101
2064,区域F,12
2065,区域A,23
2065,区域B,44
2065,区域D,101
2065,区域E,133
2065,区域F,371
2066,区域A,21
2066,区域B,183
2066,区域C,25
2066,区域D,106
2066,区域E,471
2066,区域F,60
2067,区域A,53
2067,区域B,24
2067,区域C,16
2067,区域D,62
2067,区域E,257
2067,区域F,149
2068,区域A,67
2068,区域B,32
2068,区域C,115
2068,区域D,237
2068,区域E,270
2068,区域F,67
2069,区域A,5
2069,区域B,25
2069,区域C,20
2069,区域D,79
2069,区域E,24
2069,区域F,269
2070,区域A,75
2070,区域B,39
2070,区域D,98
2070,区域E,79
2070,区域F,149
2071,区域A,61
2071,区域B,15
2071,区域C,27
2071,区域D,123
2071,区域E,100
2072,区域A,27
2072,区域B,14
2072,区域C,115
2072,区域D,31
2072,区域E,251
2072,区域F,136
2073,区域A,164
2073,区域B,25
2073,区域C,45
2073,区域D,147
2073,区域E,167
2074,区域A,11
2074,区域B,102
2074,区域C,15
2074,区域D,217
2074,区域E,156
2074,区域F,313
2075,区域A,8
2075,区域B,5
2075,区域C,23
2075,区域D,105
2075,区域E,22
2075,区域F,134
2076,区域A,239
2076,区域B,11
2076,区域C,148
2076,区域D,283
2076,区域E,62
2076,区域F,133
2077,区域A,51
2077,区域B,64
2077,区域C,185
2077,区域D,21
2077,区域E,113
2077,区域F,159
2078,区域A,107
2078,区域B,185
2078,区域C,14
2078,区域D,232
2078,区域E,278
2078,区域F,109
2079,区域A,28
2079,区域B,27
2079,区域C,16
2079,区域D,166
2079,区域E,93
2079,区域F,151
2080,区域A,22
2080,区域B,25
2080,区域C,65
2080,区域D,147
2080,区域E,80
2080,区域F,98
2081,区域A,11
2081,区域B,29
2081,区域C,113
2081,区域D,419
2081,区域E,423
2082,区域A,81
2082,区域B,6
2082,区域C,22
2082,区域D,25
2082,区域E,224
2082,区域F,73
2083,区域A,35
2083,区域B,80
2083,区域C,7
2083,区域D,364
2083,区域E,81
2083,区域F,115
2084,区域A,12
2084,区域B,41
2084,区域C,57
2084,区域D,256
2084,区域E,292
2085,区域A,5
2085,区域B,132
2085,区域C,21
2085,区域D,91
2085,区域E,78
2085,区域F,67
2086,区域A,31
2086,区域B,36
2086,区域C,33
2086,区域D,225
2086,区域E,7
2086,区域F,141
2087,区域A,46
2087,区域B,15
2087,区域C,38
2087,区域D,351
2087,区域E,146
2087,区域F,116
2088,区域A,65
2088,区域B,3
2088,区域C,58
2088,区域D,221
2088,区域E,231
2088,区域F,108
2089,区域A,40
2089,区域B,83
2089,区域C,7
2089,区域D,355
2089,区域E,347
2089,区域F,112
2090,区域A,39
2090,区域B,85
2090,区域C,11
2090,区域D,248
2090,区域E,23
2090,区域F,154
2091,区域A,73
2091,区域B,12
2091,区域C,44
2091,区域D,520
2091,区域E,20
2092,区域A,133
2092,区域B,69
2092,区域C,167
2092,区域D,453
2092,区域E,85
2092,区域F,82
2093,区域A,39
2093,区域B,132
2093,区域C,153
2093,区域D,256
2093,区域E,38
2093,区域F,88
2094,区域A,50
2094,区域B,15
2094,区域C,170
2094,区域D,153
2094,区域E,425
2094,区域F,184
2095,区域A,25
2095,区域B,34
2095,区域C,37
2095,区域D,346
2095,区域E,311
2096,区域A,23
2096,区域B,261
2096,区域C,24
2096,区域D,167
2096,区域E,31
2096,区域F,129
2097,区域A,113
2097,区域B,267
2097,区域C,32
2097,区域D,152
2097,区域E,191
2097,区域F,167
2098,区域A,20
2098,区域B,72
2098,区域D,199
2098,区域E,119
2098,区域F,21
2099,区域A,108
2099,区域B,63
2099,区域C,21
2099,区域D,173
2099,区域E,151
2099,区域F,106
2100,区域A,32
2100,区域B,5
2100,区域C,107
2100,区域D,184
2100,区域E,129
2100,区域F,12
2101,区域A,12
2101,区域B,25
2101,区域C,48
2101,区域D,91
2101,区域E,235
2101,区域F,32
2102,区域A,38
2102,区域B,16
2102,区域C,21
2102,区域D,134
2102,区域E,16
2102,区域F,50
2103,区域A,36
2103,区域B,7
2103,区域C,40
2103,区域D,163
2103,区域E,23
2103,区域F,157
2104,区域A,45
2104,区域B,93
2104,区域C,41
2104,区域D,82
2104,区域E,67
2104,区域F,36
2105,区域A,29
2105,区域C,253
2105,区域D,108
2105,区域E,73
2105,区域F,14
2106,区域A,6
2106,区域B,42
2106,区域C,86
2106,区域D,274
2106,区域E,84
2106,区域F,136
2107,区域A,23
2107,区域B,16
2107,区域C,22
2107,区域D,262
2107,区域E,4
2107,区域F,77
2108,区域A,14
2108,区域B,145
2108,区域C,136
2108,区域D,109
2108,区域E,159
2108,区域F,108
2109,区域A,104
2109,区域B,50
2109,区域C,91
2109,区域D,215
2109,区域E,27
2109,区域F,57
2110,区域A,15
2110,区域B,51
2110,区域C,11
2110,区域D,154
2110,区域E,11
2110,区域F,233
2111,区域A,48
2111,区域B,41
2111,区域C,40
2111,区域D,445
2111,区域E,116
2111,区域F,70
2112,区域A,14
2112,区域B,113
2112,区域C,16
2112,区域D,16
2112,区域E,37
2112,区域F,210
2113,区域A,43
2113,区域C,3
2113,区域D,98
2113,区域E,112
2113,区域F,25
2114,区域A,30
2114,区域B,25
2114,区域C,97
2114,区域D,116
2114,区域E,44
2114,区域F,444
2115,区域A,18
2115,区域B,176
2115,区域D,291
2115,区域F,69
2116,区域A,20
2116,区域B,103
2116,区域C,6
2116,区域D,219
2116,区域E,450
2116,区域F,144
2117,区域A,88
2117,区域B,20
2117,区域C,116
2117,区域D,231
2117,区域E,356
2117,区域F,232
2118,区域A,5
2118,区域B,132
2118,区域C,3
2118,区域D,295
2118,区域E,68
2118,区域F,151
2119,区域A,18
2119,区域B,57
2119,区域C,62
2119,区域D,365
2119,区域E,11
2119,区域F,76
2120,区域A,24
2120,区域B,23
2120,区域C,85
2120,区域D,283
2120,区域E,204
2120,区域F,72
2121,区域A,22
2121,区域B,32
2121,区域C,97
2121,区域D,112
2121,区域E,200
2121,区域F,161
2122,区域A,114
2122,区域B,20
2122,区域C,24
2122,区域E,118
2122,区域F,224
2123,区域A,10
2123,区域B,72
2123,区域C,44
2123,区域D,17
2123,区域E,53
2123,区域F,99
2124,区域A,8
2124,区域B,4
2124,区域C,2
2124,区域D,101
2124,区域E,22
2124,区域F,109
2125,区域A,15
2125,区域B,33
2125,区域C,78
2125,区域D,467
2125,区域E,52
2125,区域F,70
2126,区域A,4
2126,区域B,25
2126,区域C,40
2126,区域D,186
2126,区域E,66
2126,区域F,99
2127,区域A,25
2127,区域B,110
2127,区域C,46
2127,区域D,181
2127,区域E,70
2127,区域F,101
2128,区域A,54
2128,区域B,10
2128,区域C,68
2128,区域D,226
2128,区域F,359
2129,区域A,95
2129,区域B,37
2129,区域C,14
2129,区域D,229
2129,区域E,241
2129,区域F,125
2130,区域A,51
2130,区域B,19
2130,区域C,26
2130,区域D,271
2130,区域E,6
2130,区域F,159
2131,区域A,17
2131,区域B,6
2131,区域D,159
2131,区域E,221
2131,区域F,41
2132,区域A,36
2132,区域B,9
2132,区域D,481
2132,区域E,244
2132,区域F,149
2133,区域A,61
2133,区域B,104
2133,区域C,23
2133,区域D,152
2133,区域E,23
2133,区域F,34
2134,区域A,57
2134,区域B,29
2134,区域C,84
2134,区域D,96
2134,区域E,263
2134,区域F,4
2135,区域A,110
2135,区域B,21
2135,区域C,13
2135,区域D,293
2135,区域E,75
2135,区域F,16
2136,区域A,25
2136,区域B,16
2136,区域C,19
2136,区域E,88
2136,区域F,33
2137,区域A,135
2137,区域B,24
2137,区域C,7
2137,区域D,227
2137,区域E,343
2137,区域F,142
2138,区域A,45
2138,区域B,40
2138,区域C,22
2138,区域D,443
2138,区域E,318
2139,区域A,44
2139,区域B,39
2139,区域C,9
2139,区域D,307
2139,区域E,276
2139,区域F,319
2140,区域A,45
2140,区域B,83
2140,区域D,198
2140,区域E,91
2140,区域F,457
2141,区域A,6
2141,区域B,33
2141,区域C,11
2141,区域D,224
2141,区域E,111
2141,区域F,167
2142,区域A,29
2142,区域B,39
2142,区域C,4
2142,区域D,284
2142,区域E,5
2142,区域F,62
2143,区域A,23
2143,区域B,233
2143,区域C,5
2143,区域D,268
2143,区域E,159
2143,区域F,301
2144,区域A,83
2144,区域B,9
2144,区域C,122
2144,区域D,21
2144,区域E,97
2144,区域F,59
2145,区域A,135
2145,区域B,32
2145,区域C,12
2145,区域D,85
2145,区域E,117
2145,区域F,237
2146,区域A,38
2146,区域B,24
2146,区域C,25
2146,区域D,74
2146,区域E,169
2146,区域F,428
2147,区域A,32
2147,区域B,5
2147,区域C,46
2147,区域D,22
2147,区域E,11
2147,区域F,136
2148,区域A,19
2148,区域B,9
2148,区域C,24
2148,区域D,439
2148,区域E,278
2148,区域F,210
2149,区域A,22
2149,区域B,222
2149,区域C,108
2149,区域D,234
2149,区域E,171
2149,区域F,185
2150,区域A,135
2150,区域B,48
2150,区域C,8
2150,区域D,203
2150,区域E,144
2150,区域F,132
2151,区域A,84
2151,区域B,26
2151,区域C,33
2151,区域D,24
2151,区域E,289
2151,区域F,237
2152,区域A,15
2152,区域B,74
2152,区域C,43
2152,区域D,306
2152,区域E,56
2152,区域F,16
2153,区域A,143
2153,区域B,27
2153,区域C,107
2153,区域E,81
2153,区域F,27
2154,区域A,110
2154,区域B,16
2154,区域C,19
2154,区域D,17
2154,区域E,99
2154,区域F,117
2155,区域A,46
2155,区域B,15
2155,区域C,26
2155,区域D,138
2155,区域E,303
2155,区域F,256
2156,区域A,86
2156,区域B,93
2156,区域C,19
2156,区域D,104
2156,区域E,217
2156,区域F,33
2157,区域A,8
2157,区域B,18
2157,区域D,246
2157,区域F,288
2158,区域A,16
2158,区域B,200
2158,区域C,15
2158,区域D,73
2158,区域E,15
2158,区域F,221
2159,区域A,40
2159,区域B,54
2159,区域C,12
2159,区域D,226
2159,区域E,43
2159,区域F,7
2160,区域A,12
2160,区域B,28
2160,区域C,17
2160,区域D,168
2160,区域E,136
2160,区域F,127
2161,区域A,132
2161,区域B,90
2161,区域C,121
2161,区域D,115
2161,区域E,13
2161,区域F,67
2162,区域A,37
2162,区域B,24
2162,区域C,11
2162,区域D,108
2162,区域E,82
2163,区域A,13
2163,区域B,26
2163,区域C,8
2163,区域D,185
2163,区域E,126
2163,区域F,367
2164,区域A,41
2164,区域B,62
2164,区域C,92
2164,区域D,16
2164,区域E,224
2164,区域F,83
2165,区域A,52
2165,区域B,14
2165,区域C,24
2165,区域D,219
2165,区域E,112
2165,区域F,45
2166,区域A,28
2166,区域B,7
2166,区域C,62
2166,区域D,362
2166,区域E,118
2166,区域F,169
2167,区域B,14
2167,区域C,38
2167,区域D,275
2167,区域E,131
2167,区域F,189
2168,区域A,18
2168,区域B,74
2168,区域C,94
2168,区域D,224
2168,区域E,455
2168,区域F,228
2169,区域A,61
2169,区域B,64
2169,区域C,46
2169,区域D,233
2169,区域E,15
2169,区域F,177
2170,区域A,33
2170,区域B,36
2170,区域C,13
2170,区域D,118
2170,区域F,165
2171,区域A,7
2171,区域B,12
2171,区域C,53
2171,区域D,80
2171,区域E,12
2172,区域A,157
2172,区域B,8
2172,区域C,13
2172,区域D,112
2172,区域E,118
2172,区域F,144
2173,区域A,100
2173,区域B,33
2173,区域C,15
2173,区域D,7
2173,区域E,299
2173,区域F,216
2174,区域A,48
2174,区域B,16
2174,区域C,158
2174,区域D,259
2174,区域E,185
2174,区域F,326
2175,区域A,70
2175,区域B,75
2175,区域C,2
2175,区域D,235
2175,区域E,57
2175,区域F,335
2176,区域A,6
2176,区域B,37
2176,区域C,22
2176,区域D,208
2176,区域F,6
2177,区域B,6
2177,区域C,244
2177,区域D,50
2177,区域E,48
2177,区域F,82
2178,区域A,42
2178,区域B,60
2178,区域C,32
2178,区域D,89
2178,区域E,264
2178,区域F,211
2179,区域A,61
2179,区域B,5
2179,区域C,45
2179,区域D,14
2179,区域E,89
2179,区域F,67
2180,区域A,20
2180,区域B,54
2180,区域D,144
2180,区域F,382
2181,区域A,14
2181,区域B,32
2181,区域C,81
2181,区域D,111
2181,区域E,220
2182,区域A,71
2182,区域B,33
2182,区域C,48
2182,区域D,199
2182,区域E,204
2182,区域F,128
2183,区域A,66
2183,区域B,22
2183,区域C,19
2183,区域D,54
2183,区域E,364
2183,区域F,123
2184,区域A,150
2184,区域B,40
2184,区域C,64
2184,区域D,355
2184,区域E,116
2184,区域F,140
2185,区域A,19
2185,区域B,23
2185,区域C,124
2185,区域D,204
2185,区域E,186
2185,区域F,255
2186,区域A,18
2186,区域B,195
2186,区域C,30
2186,区域D,436
2186,区域E,69
2187,区域A,44
2187,区域B,50
2187,区域C,99
2187,区域D,165
2187,区域E,126
2187,区域F,150
2188,区域A,45
2188,区域B,24
2188,区域C,142
2188,区域D,117
2188,区域E,54
2188,区域F,364
2189,区域A,41
2189,区域B,54
2189,区域C,15
2189,区域D,176
2189,区域E,139
2190,区域A,68
2190,区域B,6
2190,区域C,73
2190,区域D,292
2190,区域E,294
2190,区域F,52
2191,区域A,52
2191,区域B,55
2191,区域C,6
2191,区域D,342
2191,区域E,214
2191,区域F,21
2192,区域A,55
2192,区域B,103
2192,区域C,97
2192,区域D,390
2192,区域E,326
2192,区域F,117
2193,区域A,181
2193,区域B,50
2193,区域C,60
2193,区域D,156
2193,区域E,180
2193,区域F,184
2194,区域A,16
2194,区域B,50
2194,区域C,7
2194,区域D,169
2194,区域E,40
2194,区域F,282
2195,区域A,30
2195,区域B,5
2195,区域C,123
2195,区域D,74
2195,区域E,55
2195,区域F,58
2196,区域A,142
2196,区域B,50
2196,区域C,29
2196,区域D,476
2196,区域E,67
2196,区域F,274
2197,区域A,109
2197,区域B,72
2197,区域C,43
2197,区域D,242
2197,区域E,114
2197,区域F,87
2198,区域A,27
2198,区域B,25
2198,区域C,9
2198,区域D,182
2198,区域E,50
2198,区域F,128
2199,区域A,43
2199,区域B,51
2199,区域C,14
2199,区域D,181
2199,区域E,84
2199,区域F,184
2200,区域A,44
2200,区域B,98
2200,区域C,66
2200,区域D,57
2200,区域E,136
2200,区域F,39
2201,区域A,257
2201,区域B,13
2201,区域C,15
2201,区域D,127
2201,区域E,117
2201,区域F,361
2202,区域A,13
2202,区域B,36
2202,区域C,17
2202,区域D,238
2202,区域E,161
2202,区域F,46
2203,区域A,170
2203,区域B,118
2203,区域C,103
2203,区域D,29
2203,区域E,222
2203,区域F,277
2204,区域A,27
2204,区域B,6
2204,区域C,16
2204,区域D,155
2204,区域E,154
2204,区域F,232
2205,区域A,12
2205,区域B,5
2205,区域C,75
2205,区域D,277
2205,区域E,309
2205,区域F,202
2206,区域A,128
2206,区域B,127
2206,区域C,56
2206,区域D,224
2206,区域F,70
2207,区域A,92
2207,区域B,40
2207,区域C,174
2207,区域D,25
2207,区域E,123
2207,区域F,213
2208,区域A,19
2208,区域B,50
2208,区域C,12
2208,区域D,427
2208,区域E,121
2208,区域F,99
2209,区域B,30
2209,区域C,17
2209,区域D,51
2209,区域E,199
2209,区域F,120
2210,区域A,23
2210,区域B,21
2210,区域C,9
2210,区域D,207
2210,区域E,470
2210,区域F,25
2211,区域A,18
2211,区域B,153
2211,区域C,22
2211,区域D,71
2211,区域E,266
2211,区域F,258
2212,区域A,98
2212,区域B,117
2212,区域C,100
2212,区域D,360
2212,区域E,286
2212,区域F,310
2213,区域A,148
2213,区域B,14
2213,区域C,5
2213,区域D,46
2213,区域E,283
2213,区域F,6
2214,区域A,47
2214,区域B,29
2214,区域C,10
2214,区域D,32
2214,区域E,29
2214,区域F,80
2215,区域A,6
2215,区域B,61
2215,区域C,28
2215,区域D,329
2215,区域E,175
2215,区域F,112
2216,区域A,12
2216,区域B,71
2216,区域C,129
2216,区域D,86
2216,区域F,83
2217,区域A,23
2217,区域B,224
2217,区域C,122
2217,区域D,159
2217,区域E,275
2217,区域F,299
2218,区域A,35
2218,区域B,26
2218,区域C,30
2218,区域D,210
2218,区域E,59
2218,区域F,23
2219,区域A,90
2219,区域B,19
2219,区域C,1
2219,区域D,685
2219,区域E,149
2219,区域F,236
2220,区域A,40
2220,区域B,20
2220,区域C,151
2220,区域D,154
2220,区域E,160
2220,区域F,177
2221,区域A,13
2221,区域B,13
2221,区域C,15
2221,区域D,208
2221,区域E,110
2221,区域F,73
2222,区域A,8
2222,区域B,12
2222,区域C,31
2222,区域D,143
2222,区域E,147
2222,区域F,9
2223,区域A,66
2223,区域B,16
2223,区域C,125
2223,区域D,250
2223,区域E,107
2223,区域F,150
2224,区域A,8
2224,区域B,9
2224,区域C,32
2224,区域D,364
2224,区域E,101
2224,区域F,82
2225,区域A,51
2225,区域B,23
2225,区域C,53
2225,区域D,313
2225,区域E,15
2225,区域F,269
2226,区域A,43
2226,区域B,75
2226,区域C,13
2226,区域D,241
2226,区域E,77
2226,区域F,206
2227,区域A,23
2227,区域B,20
2227,区域C,125
2227,区域D,8
2227,区域E,182
2227,区域F,29
2228,区域A,23
2228,区域B,38
2228,区域C,89
2228,区域F,183
2229,区域A,39
2229,区域B,111
2229,区域C,150
2229,区域D,21
2229,区域E,106
2229,区域F,312
2230,区域A,78
2230,区域B,134
2230,区域C,31
2230,区域D,198
2230,区域E,109
2230,区域F,25
2231,区域A,51
2231,区域B,22
2231,区域C,7
2231,区域D,213
2231,区域F,366
2232,区域A,30
2232,区域B,1
2232,区域C,11
2232,区域D,21
2232,区域E,180
2232,区域F,80
2233,区域A,77
2233,区域B,32
2233,区域D,74
2233,区域F,340
2234,区域A,36
2234,区域B,33
2234,区域C,125
2234,区域D,321
2234,区域E,296
2234,区域F,60
2235,区域A,27
2235,区域B,47
2235,区域C,17
2235,区域D,63
2235,区域E,154
2235,区域F,140
2236,区域A,76
2236,区域B,157
2236,区域C,40
2236,区域D,190
2236,区域E,123
2236,区域F,320
2237,区域A,129
2237,区域B,43
2237,区域C,94
2237,区域D,198
2237,区域E,257
2237,区域F,179
2238,区域A,23
2238,区域B,35
2238,区域C,117
2238,区域D,399
2238,区域E,63
2238,区域F,96
2239,区域A,57
2239,区域B,41
2239,区域C,17
2239,区域D,309
2239,区域E,368
2239,区域F,13
2240,区域A,9
2240,区域B,27
2240,区域C,8
2240,区域D,145
2240,区域E,267
2240,区域F,48
2241,区域A,149
2241,区域B,39
2241,区域C,15
2241,区域D,34
2241,区域E,75
2241,区域F,233
2242,区域A,15
2242,区域B,45
2242,区域C,27
2242,区域D,225
2242,区域E,17
2242,区域F,125
2243,区域B,30
2243,区域C,34
2243,区域D,79
2243,区域E,217
2243,区域F,74
2244,区域A,69
2244,区域B,36
2244,区域C,14
2244,区域D,224
2244,区域E,157
2244,区域F,445
2245,区域A,172
2245,区域B,23
2245,区域C,70
2245,区域D,85
2245,区域E,103
2245,区域F,202
2246,区域A,39
2246,区域B,167
2246,区域C,14
2246,区域D,329
2246,区域E,53
2246,区域F,26
2247,区域A,5
2247,区域B,174
2247,区域C,96
2247,区域D,219
2247,区域E,90
2248,区域A,39
2248,区域B,54
2248,区域C,48
2248,区域D,150
2248,区域E,61
2248,区域F,113
2249,区域A,129
2249,区域C,15
2249,区域D,31
2249,区域E,271
2249,区域F,231
2250,区域A,92
2250,区域C,7
2250,区域D,166
2250,区域E,60
2250,区域F,120
2251,区域A,116
2251,区域B,69
2251,区域C,70
2251,区域D,201
2251,区域E,12
2251,区域F,1
2252,区域A,79
2252,区域B,12
2252,区域C,27
2252,区域D,86
2252,区域E,9
2252,区域F,119
2253,区域A,151
2253,区域B,9
2253,区域C,69
2253,区域D,162
2253,区域E,98
2253,区域F,15
2254,区域A,65
2254,区域B,67
2254,区域C,7
2254,区域D,126
2254,区域E,71
2254,区域F,47
2255,区域A,285
2255,区域B,30
2255,区域C,4
2255,区域D,290
2255,区域E,100
2255,区域F,194
2256,区域A,256
2256,区域B,12
2256,区域C,38
2256,区域D,133
2256,区域E,106
2256,区域F,76
2257,区域A,56
2257,区域B,26
2257,区域C,100
2257,区域D,187
2257,区域E,150
2257,区域F,29
2258,区域A,42
2258,区域C,125
2258,区域D,266
2258,区域E,112
2258,区域F,152
2259,区域A,33
2259,区域B,100
2259,区域C,9
2259,区域D,346
2259,区域E,104
2259,区域F,27
2260,区域A,8
2260,区域B,61
2260,区域C,12
2260,区域D,221
2260,区域E,132
2260,区域F,52
2261,区域A,33
2261,区域B,25
2261,区域C,72
2261,区域D,440
2261,区域E,52
2261,区域F,191
2262,区域A,2
2262,区域B,45
2262,区域C,75
2262,区域D,90
2262,区域E,156
2262,区域F,91
2263,区域A,116
2263,区域B,23
2263,区域C,76
2263,区域D,103
2263,区域E,104
2263,区域F,56
2264,区域A,41
2264,区域B,65
2264,区域C,13
2264,区域D,188
2264,区域E,25
2264,区域F,120
2265,区域A,8
2265,区域B,44
2265,区域C,18
2265,区域D,176
2265,区域E,27
2265,区域F,62
2266,区域A,132
2266,区域B,27
2266,区域C,91
2266,区域D,119
2266,区域E,339
2266,区域F,90
2267,区域A,3
2267,区域B,49
2267,区域C,74
2267,区域D,132
2267,区域E,378
2267,区域F,23
2268,区域A,30
2268,区域B,43
2268,区域C,20
2268,区域D,254
2268,区域E,134
2268,区域F,161
2269,区域A,130
2269,区域B,142
2269,区域C,22
2269,区域D,47
2269,区域E,89
2269,区域F,23
2270,区域A,62
2270,区域B,123
2270,区域C,115
2270,区域D,131
2270,区域E,65
2270,区域F,208
2271,区域A,22
2271,区域B,34
2271,区域D,155
2271,区域E,173
2271,区域F,33
2272,区域A,64
2272,区域B,42
2272,区域C,124
2272,区域D,85
2272,区域E,285
2272,区域F,125
2273,区域A,21
2273,区域B,158
2273,区域C,6
2273,区域D,13
2273,区域E,119
2273,区域F,39
2274,区域A,144
2274,区域B,51
2274,区域C,15
2274,区域D,41
2274,区域E,156
2275,区域A,167
2275,区域B,62
2275,区域C,50
2275,区域D,91
2275,区域E,33
2275,区域F,122
2276,区域A,20
2276,区域B,42
2276,区域C,11
2276,区域D,325
2276,区域E,439
2276,区域F,14
2277,区域A,99
2277,区域B,110
2277,区域C,29
2277,区域D,146
2277,区域E,7
2277,区域F,402
2278,区域A,53
2278,区域B,29
2278,区域C,69
2278,区域D,252
2278,区域E,37
2278,区域F,124
2279,区域A,46
2279,区域B,12
2279,区域C,124
2279,区域D,282
2279,区域E,67
2279,区域F,229
2280,区域A,29
2280,区域B,34
2280,区域C,130
2280,区域D,149
2280,区域E,399
2280,区域F,263
2281,区域A,48
2281,区域B,113
2281,区域C,40
2281,区域D,129
2281,区域E,280
2281,区域F,55
2282,区域A,19
2282,区域B,47
2282,区域C,36
2282,区域D,54
2282,区域E,235
2282,区域F,176
2283,区域A,33
2283,区域B,147
2283,区域C,24
2283,区域D,71
2283,区域E,113
2283,区域F,179
2284,区域A,50
2284,区域B,25
2284,区域C,17
2284,区域D,281
2284,区域E,65
2284,区域F,80
2285,区域A,46
2285,区域B,21
2285,区域C,42
2285,区域D,179
2285,区域E,153
2285,区域F,237
2286,区域A,13
2286,区域B,35
2286,区域C,37
2286,区域D,215
2286,区域E,157
2286,区域F,8
2287,区域B,24
2287,区域C,24
2287,区域D,263
2287,区域E,414
2287,区域F,195
2288,区域A,31
2288,区域B,17
2288,区域C,10
2288,区域D,100
2288,区域E,47
2288,区域F,372
2289,区域A,9
2289,区域B,117
2289,区域C,38
2289,区域D,126
2289,区域E,123
2289,区域F,25
2290,区域A,55
2290,区域B,28
2290,区域C,14
2290,区域D,180
2290,区域E,15
2290,区域F,61
2291,区域A,83
2291,区域B,38
2291,区域C,11
2291,区域D,119
2291,区域E,205
2291,区域F,172
2292,区域A,17
2292,区域B,100
2292,区域C,20
2292,区域D,128
2292,区域E,58
2292,区域F,25
2293,区域A,14
2293,区域B,33
2293,区域D,261
2293,区域F,81
2294,区域A,143
2294,区域B,60
2294,区域C,32
2294,区域D,145
2294,区域E,512
2294,区域F,63
2295,区域A,102
2295,区域B,48
2295,区域C,7
2295,区域D,398
2295,区域E,241
2296,区域B,34
2296,区域C,2
2296,区域D,281
2296,区域E,22
2296,区域F,180
2297,区域A,44
2297,区域B,21
2297,区域C,108
2297,区域D,444
2297,区域E,226
2297,区域F,351
2298,区域A,2
2298,区域B,23
2298,区域C,41
2298,区域D,136
2298,区域E,40
2298,区域F,13
2299,区域A,201
2299,区域B,6
2299,区域C,9
2299,区域D,204
2299,区域E,221
2299,区域F,10
2300,区域A,49
2300,区域B,20
2300,区域C,123
2300,区域D,18
2300,区域F,487
2301,区域A,68
2301,区域B,73
2301,区域C,7
2301,区域D,274
2301,区域E,36
2301,区域F,191
2302,区域A,30
2302,区域B,11
2302,区域C,136
2302,区域D,39
2302,区域E,36
2302,区域F,65
2303,区域A,4
2303,区域B,51
2303,区域C,15
2303,区域D,221
2303,区域E,109
2303,区域F,36
2304,区域A,13
2304,区域B,22
2304,区域C,85
2304,区域D,212
2305,区域A,23
2305,区域B,201
2305,区域C,10
2305,区域D,284
2305,区域E,182
2305,区域F,18
2306,区域A,92
2306,区域B,32
2306,区域C,7
2306,区域D,258
2306,区域E,345
2306,区域F,56
2307,区域A,128
2307,区域B,28
2307,区域C,30
2307,区域D,192
2307,区域E,39
2307,区域F,159
2308,区域B,25
2308,区域C,36
2308,区域D,628
2308,区域E,266
2308,区域F,159
2309,区域A,33
2309,区域B,41
2309,区域C,6
2309,区域D,62
2309,区域E,33
2309,区域F,398
2310,区域A,59
2310,区域B,10
2310,区域C,56
2310,区域E,52
2310,区域F,159
2311,区域A,14
2311,区域B,17
2311,区域C,4
2311,区域D,44
2311,区域E,193
2311,区域F,84
2312,区域A,57
2312,区域B,143
2312,区域C,46
2312,区域D,172
2312,区域F,212
2313,区域A,19
2313,区域B,5
2313,区域C,18
2313,区域D,105
2313,区域E,26
2313,区域F,176
2314,区域A,5
2314,区域B,51
2314,区域C,3
2314,区域D,569
2314,区域E,61
2314,区域F,406
2315,区域A,12
2315,区域B,36
2315,区域C,6
2315,区域D,359
2315,区域E,113
2315,区域F,220
2316,区域A,17
2316,区域B,20
2316,区域C,50
2316,区域D,102
2316,区域E,165
2316,区域F,50
2317,区域A,13
2317,区域B,266
2317,区域C,28
2317,区域D,278
2317,区域F,222
2318,区域A,49
2318,区域B,85
2318,区域C,20
2318,区域D,30
2318,区域E,161
2318,区域F,246
2319,区域A,48
2319,区域B,11
2319,区域C,22
2319,区域D,294
2319,区域E,119
2319,区域F,303
2320,区域A,87
2320,区域B,13
2320,区域C,19
2320,区域D,223
2320,区域E,277
2320,区域F,17
2321,区域A,50
2321,区域B,61
2321,区域C,6
2321,区域D,247
2321,区域E,89
2321,区域F,169
2322,区域A,6
2322,区域B,106
2322,区域C,12
2322,区域D,133
2322,区域E,159
2322,区域F,35
2323,区域A,3
2323,区域B,37
2323,区域C,45
2323,区域D,35
2323,区域E,111
2323,区域F,166
2324,区域A,49
2324,区域B,41
2324,区域C,2
2324,区域D,113
2324,区域F,233
2325,区域A,47
2325,区域B,22
2325,区域C,35
2325,区域D,97
2325,区域E,102
2325,区域F,28
2326,区域A,46
2326,区域B,43
2326,区域C,19
2326,区域D,384
2326,区域E,123
2326,区域F,171
2327,区域A,114
2327,区域B,3
2327,区域C,43
2327,区域D,370
2327,区域E,160
2327,区域F,92
2328,区域A,18
2328,区域B,136
2328,区域C,10
2328,区域D,441
2328,区域E,44
2328,区域F,187
2329,区域A,27
2329,区域B,23
2329,区域C,24
2329,区域D,186
2329,区域E,71
2329,区域F,35
2330,区域A,22
2330,区域B,105
2330,区域C,237
2330,区域D,117
2330,区域E,145
2330,区域F,45
2331,区域A,33
2331,区域B,24
2331,区域C,27
2331,区域D,98
2331,区域E,120
2331,区域F,70
2332,区域A,59
2332,区域B,152
2332,区域C,78
2332,区域D,81
2332,区域E,148
2332,区域F,98
2333,区域A,9
2333,区域B,10
2333,区域C,19
2333,区域E,106
2333,区域F,176
2334,区域A,16
2334,区域B,13
2334,区域C,3
2334,区域D,126
2334,区域E,134
2334,区域F,79
2335,区域A,158
2335,区域B,175
2335,区域C,26
2335,区域D,50
2335,区域E,37
2335,区域F,28
2336,区域A,177
2336,区域B,52
2336,区域C,34
2336,区域D,195
2336,区域E,148
2336,区域F,54
2337,区域A,149
2337,区域B,11
2337,区域C,61
2337,区域D,9
2337,区域E,165
2337,区域F,173
2338,区域A,90
2338,区域B,34
2338,区域C,81
2338,区域D,142
2338,区域E,63
2338,区域F,150
2339,区域A,263
2339,区域B,60
2339,区域C,39
2339,区域D,345
2339,区域E,36
2340,区域A,140
2340,区域B,85
2340,区域C,37
2340,区域D,312
2340,区域E,277
2340,区域F,230
2341,区域A,44
2341,区域B,35
2341,区域C,110
2341,区域D,335
2341,区域F,217
2342,区域A,53
2342,区域B,94
2342,区域C,90
2342,区域D,40
2342,区域E,3
2342,区域F,257
2343,区域A,36
2343,区域B,15
2343,区域C,70
2343,区域D,372
2343,区域E,20
2343,区域F,28
2344,区域A,134
2344,区域B,153
2344,区域C,14
2344,区域D,115
2344,区域E,243
2344,区域F,159
2345,区域A,48
2345,区域B,19
2345,区域C,45
2345,区域D,305
2345,区域E,84
2345,区域F,215
2346,区域A,22
2346,区域B,239
2346,区域C,18
2346,区域D,101
2346,区域E,94
2346,区域F,88
2347,区域A,12
2347,区域B,7
2347,区域C,14
2347,区域D,53
2347,区域E,270
2347,区域F,55
2348,区域A,9
2348,区域B,103
2348,区域C,27
2348,区域D,57
2348,区域E,177
2348,区域F,281
2349,区域A,56
2349,区域B,18
2349,区域C,113
2349,区域D,167
2349,区域E,138
2349,区域F,39
2350,区域A,138
2350,区域B,18
2350,区域C,85
2350,区域D,472
2350,区域E,383
2350,区域F,212
2351,区域A,10
2351,区域B,33
2351,区域C,48
2351,区域D,177
2351,区域E,312
2351,区域F,140
2352,区域A,23
2352,区域B,26
2352,区域C,16
2352,区域D,207
2352,区域E,120
2352,区域F,127
2353,区域A,24
2353,区域B,3
2353,区域C,67
2353,区域D,260
2353,区域E,43
2353,区域F,138
2354,区域A,12
2354,区域B,40
2354,区域C,30
2354,区域D,210
2354,区域E,96
2354,区域F,31
2355,区域A,64
2355,区域B,41
2355,区域C,36
2355,区域D,174
2355,区域F,220
2356,区域A,125
2356,区域B,30
2356,区域C,27
2356,区域D,68
2356,区域E,62
2356,区域F,445
2357,区域A,9
2357,区域B,67
2357,区域C,68
2357,区域D,90
2357,区域E,131
2357,区域F,45
2358,区域A,24
2358,区域B,50
2358,区域C,21
2358,区域D,308
2358,区域E,273
2358,区域F,51
2359,区域A,5
2359,区域B,61
2359,区域C,37
2359,区域D,202
2359,区域E,193
2359,区域F,330
2360,区域A,20
2360,区域B,15
2360,区域C,51
2360,区域D,195
2360,区域E,338
2360,区域F,245
2361,区域A,23
2361,区域B,239
2361,区域C,41
2361,区域D,165
2361,区域E,357
2361,区域F,148
2362,区域A,8
2362,区域B,45
2362,区域C,8
2362,区域D,21
2362,区域E,223
2362,区域F,127
2363,区域A,19
2363,区域B,99
2363,区域C,5
2363,区域D,49
2363,区域E,23
2363,区域F,118
2364,区域A,95
2364,区域B,13
2364,区域C,138
2364,区域D,43
2364,区域E,44
2364,区域F,125
2365,区域A,14
2365,区域B,85
2365,区域C,29
2365,区域D,143
2365,区域F,126
2366,区域A,27
2366,区域B,9
2366,区域C,74
2366,区域D,182
2366,区域E,19
2366,区域F,198
2367,区域A,29
2367,区域B,54
2367,区域C,20
2367,区域D,236
2367,区域E,128
2367,区域F,196
2368,区域A,11
2368,区域B,124
2368,区域C,19
2368,区域D,294
2368,区域E,182
2368,区域F,13
2369,区域A,43
2369,区域B,100
2369,区域C,3
2369,区域D,111
2369,区域E,296
2369,区域F,334
2370,区域A,94
2370,区域B,5
2370,区域C,4
2370,区域D,129
2370,区域E,27
2370,区域F,122
2371,区域A,49
2371,区域B,14
2371,区域C,192
2371,区域D,244
2371,区域E,69
2371,区域F,158
2372,区域B,104
2372,区域C,17
2372,区域D,201
2372,区域F,176
2373,区域A,20
2373,区域B,25
2373,区域C,9
2373,区域D,220
2373,区域E,60
2373,区域F,172
2374,区域A,151
2374,区域B,48
2374,区域C,5
2374,区域D,144
2374,区域E,264
2374,区域F,105
2375,区域A,133
2375,区域B,181
2375,区域C,12
2375,区域D,41
2375,区域E,62
2375,区域F,8
2376,区域A,14
2376,区域B,37
2376,区域C,7
2376,区域D,129
2376,区域E,145
2376,区域F,141
2377,区域A,55
2377,区域B,10
2377,区域C,114
2377,区域D,209
2377,区域E,381
2377,区域F,323
2378,区域A,8
2378,区域B,23
2378,区域C,38
2378,区域D,170
2378,区域E,379
2378,区域F,305
2379,区域A,43
2379,区域B,16
2379,区域C,28
2379,区域D,394
2379,区域E,70
2379,区域F,111
2380,区域A,122
2380,区域B,170
2380,区域C,34
2380,区域D,105
2380,区域E,93
2380,区域F,345
2381,区域A,50
2381,区域B,82
2381,区域C,117
2381,区域D,178
2381,区域E,168
2381,区域F,191
2382,区域A,20
2382,区域B,15
2382,区域C,99
2382,区域D,117
2382,区域E,29
2382,区域F,181
2383,区域A,42
2383,区域B,42
2383,区域C,2
2383,区域D,129
2383,区域E,300
2383,区域F,159
2384,区域A,12
2384,区域B,85
2384,区域C,23
2384,区域D,74
2384,区域E,163
2384,区域F,179
2385,区域A,5
2385,区域B,45
2385,区域C,40
2385,区域D,98
2385,区域E,144
2385,区域F,400
2386,区域A,21
2386,区域B,182
2386,区域C,19
2386,区域D,180
2386,区域E,118
2386,区域F,126
2387,区域A,27
2387,区域B,48
2387,区域C,116
2387,区域D,141
2387,区域E,436
2387,区域F,226
2388,区域A,203
2388,区域B,11
2388,区域C,18
2388,区域D,92
2388,区域F,345
2389,区域A,35
2389,区域B,72
2389,区域C,13
2389,区域D,276
2389,区域E,150
2389,区域F,48
2390,区域A,16
2390,区域B,38
2390,区域C,7
2390,区域D,353
2390,区域E,533
2390,区域F,102
2391,区域A,143
2391,区域B,91
2391,区域C,8
2391,区域D,144
2391,区域E,316
2391,区域F,79
2392,区域A,59
2392,区域B,11
2392,区域C,34
2392,区域D,250
2392,区域E,118
2392,区域F,251
2393,区域A,34
2393,区域B,13
2393,区域C,22
2393,区域D,43
2393,区域F,246
2394,区域A,20
2394,区域B,78
2394,区域D,255
2394,区域E,278
2394,区域F,356
2395,区域A,31
2395,区域B,114
2395,区域C,13
2395,区域D,157
2395,区域E,269
2395,区域F,149
2396,区域A,117
2396,区域B,82
2396,区域C,32
2396,区域D,235
2396,区域E,121
2396,区域F,135
2397,区域A,204
2397,区域B,26
2397,区域C,16
2397,区域D,64
2397,区域E,148
2397,区域F,115
2398,区域A,15
2398,区域B,72
2398,区域C,28
2398,区域D,400
2398,区域E,191
2398,区域F,161
2399,区域A,4
2399,区域B,76
2399,区域C,61
2399,区域E,132
2399,区域F,272
